Workbook
Name teams: Assets!$H$2:$H$15

Sheet Team View
C2: Team
C3: Team Liquid Academy
C5: Team Statistics | J5: Map | M5: All Rounds | P5: Pistols | S5: Gun | V5: Anti Eco | Y5: Eco | AC5: Post Plant
C6: Maps | D6: Comp | I6: x | J6: Plays | K6: Win | L6: Loss | M6: rW% | N6: aW% | O6: dW% | P6: rW% | Q6: aW% | R6: dW% | S6: rW% | T6: aW% | U6: dW% | V6: rW% | W6: aW% | X6: dW% | Y6: rW% | Z6: aW% | AA6: dW% | AC6: Map | AE6: post scens | AF6: t rounds | AG6: post /Map | AH6: post rW% | AI6: post rW% event avg. | AJ6: post rank | AK6: ret. scens | AL6: ct rounds | AM6: ret. /Map | AN6: ret. rW% | AO6: ret. rW% event avg. | AP6: ret rank
B7: {=XLOOKUP(""&C3&"_"&C7:C15&"",SelectedTeamStats!Z2:Z27,SelectedTeamStats!G2:G27)} -> Sova,Omen,Yoru,Vyse,Waylay | C7: {=UNIQUE(doubles!D2:D27)} -> Ascent | D7: =IFERROR(__xludf.DUMMYFUNCTION("iferror(ARRAYFORMULA(xlookup(split(XLOOKUP(""""&C3&""_""&C7:C15&"""",SelectedTeamStats!Z2:Z27,SelectedTeamStats!G2:G27),"",""),Assets!A2:A27,Assets!C2:C27)))"),"") | E7: =IFERROR(__xludf.DUMMYFUNCTION("""COMPUTED_VALUE"""),"") | F7: =IFERROR(__xludf.DUMMYFUNCTION("""COMPUTED_VALUE"""),"") | G7: =IFERROR(__xludf.DUMMYFUNCTION("""COMPUTED_VALUE"""),"") | H7: =IFERROR(__xludf.DUMMYFUNCTION("""COMPUTED_VALUE"""),"") | I7: {=COUNTIF(SelectedTeamStats!AB2:AB27 ,""&C7:C15&"_"&B7:B15&"")} -> 6 | J7: {=COUNTIF(SelectedTeamStats!D2:D27,C7:C15)} -> 6 | K7: {=COUNTIFS(SelectedTeamStats!$D$2:$D27,C7:C15,SelectedTeamStats!$AA$2:$AA27,$C$3)} -> 4 | L7: {=J7:J15-K7:K15} -> 2 | M7: {=iferror(SUMIF(SelectedTeamStats!$D$2:$D27,C7:C15,SelectedTeamStats!$I$2:$I27)/(SUMIF(SelectedTeamStats!$D$2:$D27,C7:C15,SelectedTeamStats!$I$2:$I27)+SUMIF(SelectedTeamStats!$D$2:$D27,C7:C15,SelectedTeamStats!$J$2:$J27)),)} -> 0.6146789 | N7: {=iferror(SUMIF(SelectedTeamStats!$D$2:$D27,C7:C15,SelectedTeamStats!$O$2:$O27)/(SUMIF(SelectedTeamStats!$D$2:$D27,C7:C15,SelectedTeamStats!$O$2:$O27)+SUMIF(SelectedTeamStats!$D$2:$D27,C7:C15,SelectedTeamStats!$P$2:$P27)),)} -> 0.53703704 | O7: {=iferror(SUMIF(SelectedTeamStats!$D$2:$D27,C7:C15,SelectedTeamStats!$Q$2:$Q27)/(SUMIF(SelectedTeamStats!$D$2:$D27,C7:C15,SelectedTeamStats!$Q$2:$Q27)+SUMIF(SelectedTeamStats!$D$2:$D27,C7:C15,SelectedTeamStats!$R$2:$R27)),)} -> 0.69090909 | P7: {=iferror((SUMIF(SelectedTeamStats!$D$2:$D27,C7:C15,SelectedTeamStats!$M$2:$M27)+ SUMIF(SelectedTeamStats!$D$2:$D27,C7:C15,SelectedTeamStats!$N$2:$N27)) / ( SUMIF(SelectedTeamStats!$D$2:$D27,C7:C15,SelectedTeamStats!$M$2:$M27)+ SUMIF(SelectedTeamStats!$D$2:$D27,C7:C15,SelectedTeamStats!$T$2:$T27)+ SUMIF(SelectedTeamStats!$D$2:$D27,C7:C15,SelectedTeamStats!$N$2:$N27)+ SUMIF(SelectedTeamStats!$D$2:$D27,C7:C15,SelectedTeamStats!$S$2:$S27) ),)} -> 0.83333333 | Q7: {=iferror(SUMIF(SelectedTeamStats!$D$2:$D27,C7:C15,SelectedTeamStats!$M$2:$M27)/(SUMIF(SelectedTeamStats!$D$2:$D27,C7:C15,SelectedTeamStats!$M$2:$M27)+SUMIF(SelectedTeamStats!$D$2:$D27,C7:C15,SelectedTeamStats!$T$2:$T27)),)} -> 0.66666667 | R7: {=iferror(SUMIF(SelectedTeamStats!$D$2:$D27,C7:C15,SelectedTeamStats!$N$2:$N27)/(SUMIF(SelectedTeamStats!$D$2:$D27,C7:C15,SelectedTeamStats!$N$2:$N27)+SUMIF(SelectedTeamStats!$D$2:$D27,C7:C15,SelectedTeamStats!$S$2:$S27)),)} -> 1 | S7: =iferror(SUMIFS('Gun v Gun'!$C$2:$C27,'Gun v Gun'!$A$2:$A27,$C$3,'Gun v Gun'!$B$2:$B27,C7)/(SUMIFS('Gun v Gun'!$C$2:$C27,'Gun v Gun'!$A$2:$A27,$C$3,'Gun v Gun'!$B$2:$B27,C7)+SUMIFS('Gun v Gun'!$D$2:$D27,'Gun v Gun'!$A$2:$A27,$C$3,'Gun v Gun'!$B$2:$B27,C7)),) -> 0.625 | T7: =iferror(SUMIFS('Gun v Gun'!$C$2:$C27,'Gun v Gun'!$A$2:$A27,$C$3,'Gun v Gun'!$B$2:$B27,C7,'Gun v Gun'!$F$2:$F27,"atk")/(SUMIFS('Gun v Gun'!$C$2:$C27,'Gun v Gun'!$A$2:$A27,$C$3,'Gun v Gun'!$B$2:$B27,C7,'Gun v Gun'!$F$2:$F27,"atk")+SUMIFS('Gun v Gun'!$D$2:$D27,'Gun v Gun'!$A$2:$A27,$C$3,'Gun v Gun'!$B$2:$B27,C7,'Gun v Gun'!$F$2:$F27,"atk")),) -> 0.55555556 | U7: =iferror(SUMIFS('Gun v Gun'!$C$2:$C27,'Gun v Gun'!$A$2:$A27,$C$3,'Gun v Gun'!$B$2:$B27,C7,'Gun v Gun'!$F$2:$F27,"def")/(SUMIFS('Gun v Gun'!$C$2:$C27,'Gun v Gun'!$A$2:$A27,$C$3,'Gun v Gun'!$B$2:$B27,C7,'Gun v Gun'!$F$2:$F27,"def")+SUMIFS('Gun v Gun'!$D$2:$D27,'Gun v Gun'!$A$2:$A27,$C$3,'Gun v Gun'!$B$2:$B27,C7,'Gun v Gun'!$F$2:$F27,"def")),) -> 0.69444444 | V7: =iferror(SUMIFS(Antieco!$C$2:$C27,Antieco!$A$2:$A27,$C$3,Antieco!$B$2:$B27,C7)/(SUMIFS(Antieco!$C$2:$C27,Antieco!$A$2:$A27,$C$3,Antieco!$B$2:$B27,C7)+SUMIFS(Antieco!$D$2:$D27,Antieco!$A$2:$A27,$C$3,Antieco!$B$2:$B27,C7)),) -> 0.6875 | W7: =iferror(SUMIFS(Antieco!$C$2:$C27,Antieco!$A$2:$A27,$C$3,Antieco!$B$2:$B27,C7,Antieco!$F$2:$F27,"atk")/(SUMIFS(Antieco!$C$2:$C27,Antieco!$A$2:$A27,$C$3,Antieco!$B$2:$B27,C7,Antieco!$F$2:$F27,"atk")+SUMIFS(Antieco!$D$2:$D27,Antieco!$A$2:$A27,$C$3,Antieco!$B$2:$B27,C7,Antieco!$F$2:$F27,"atk")),) -> 0.77777778 | X7: =iferror(SUMIFS(Antieco!$C$2:$C27,Antieco!$A$2:$A27,$C$3,Antieco!$B$2:$B27,C7,Antieco!$F$2:$F27,"def")/(SUMIFS(Antieco!$C$2:$C27,Antieco!$A$2:$A27,$C$3,Antieco!$B$2:$B27,C7,Antieco!$F$2:$F27,"def")+SUMIFS(Antieco!$D$2:$D27,Antieco!$A$2:$A27,$C$3,Antieco!$B$2:$B27,C7,Antieco!$F$2:$F27,"def")),) -> 0.57142857 | Y7: =iferror(SUMIFS(ecos!$C$2:$C27,ecos!$A$2:$A27,$C$3,ecos!$B$2:$B27,C7)/(SUMIFS(ecos!$C$2:$C27,ecos!$A$2:$A27,$C$3,ecos!$B$2:$B27,C7)+SUMIFS(ecos!$D$2:$D27,ecos!$A$2:$A27,$C$3,ecos!$B$2:$B27,C7)),) -> 0.11111111 | Z7: =iferror(SUMIFS(ecos!$C$2:$C27,ecos!$A$2:$A27,$C$3,ecos!$B$2:$B27,C7,ecos!$F$2:$F27,"atk")/(SUMIFS(ecos!$C$2:$C27,ecos!$A$2:$A27,$C$3,ecos!$B$2:$B27,C7,ecos!$F$2:$F27,"atk")+SUMIFS(ecos!$D$2:$D27,ecos!$A$2:$A27,$C$3,ecos!$B$2:$B27,C7,ecos!$F$2:$F27,"atk")),) -> 0.2 | AA7: =iferror(SUMIFS(ecos!$C$2:$C27,ecos!$A$2:$A27,$C$3,ecos!$B$2:$B27,C7,ecos!$F$2:$F27,"def")/(SUMIFS(ecos!$C$2:$C27,ecos!$A$2:$A27,$C$3,ecos!$B$2:$B27,C7,ecos!$F$2:$F27,"def")+SUMIFS(ecos!$D$2:$D27,ecos!$A$2:$A27,$C$3,ecos!$B$2:$B27,C7,ecos!$F$2:$F27,"def")),) -> 0 | AC7: {=UNIQUE(doubles!D2:D27)} -> Ascent | AE7: {=SUMIFS('Post Plants'!$D$2:$D27,'Post Plants'!$B$2:$B27,AC7:AC15,'Post Plants'!$A$2:$A27,$C$3)} -> 30 | AF7: {=iferror(0+(SUMIF(SelectedTeamStats!$D$2:$D27,C7:C15,SelectedTeamStats!$O$2:$O27)+SUMIF(SelectedTeamStats!$D$2:$D27,C7:C15,SelectedTeamStats!$P$2:$P27)),)} -> 54 | AG7: {=iferror(AE7:AE15/J7:J15,0)} -> 5 | AH7: =iferror(SUMIFS('Post Plants'!$F$2:$F27,'Post Plants'!$B$2:$B27,AC7:AC15,'Post Plants'!$A$2:$A27,$C$3)/SUMIFS('Post Plants'!$D$2:$D27,'Post Plants'!$B$2:$B27,AC7:AC15,'Post Plants'!$A$2:$A27,$C$3),) -> 0.76666667 | AI7: =iferror(SUMIFS('Post Plants'!$F$2:$F27,'Post Plants'!$B$2:$B27,AC7:AC15)/SUMIFS('Post Plants'!$D$2:$D27,'Post Plants'!$B$2:$B27,AC7:AC15),) -> 0.76150628 | AJ7: {=XLOOKUP(C3,'Post Ranking'!G3:G27,'Post Ranking'!F3:F27)} -> 7 | AK7: {=SUMIFS('Post Plants'!$J$2:$J27,'Post Plants'!$B$2:$B27,AC7:AC15,'Post Plants'!$A$2:$A27,$C$3)} -> 26 | AL7: {=iferror(0+(SUMIF(SelectedTeamStats!$D$2:$D27,C7:C15,SelectedTeamStats!$Q$2:$Q27)+SUMIF(SelectedTeamStats!$D$2:$D27,C7:C15,SelectedTeamStats!$R$2:$R27)),)} -> 55 | AM7: {=iferror(AK7:AK15/J7:J15,0)} -> 4.3333333 | AN7: =iferror(SUMIFS('Post Plants'!$L$2:$L27,'Post Plants'!$B$2:$B27,AC7:AC15,'Post Plants'!$A$2:$A27,$C$3)/SUMIFS('Post Plants'!$J$2:$J27,'Post Plants'!$B$2:$B27,AC7:AC15,'Post Plants'!$A$2:$A27,$C$3),) -> 0.46153846 | AO7: =iferror(SUMIFS('Post Plants'!$L$2:$L27,'Post Plants'!$B$2:$B27,AC7:AC15)/SUMIFS('Post Plants'!$J$2:$J27,'Post Plants'!$B$2:$B27,AC7:AC15),) -> 0.35080645 | AP7: {=XLOOKUP(C3,'Post Ranking'!R3:R27,'Post Ranking'!F3:F27)} -> 2
B8: Cypher,Sova,Omen,Yoru,Iso | C8: Haven | D8: =IFERROR(__xludf.DUMMYFUNCTION("""COMPUTED_VALUE"""),"") | E8: =IFERROR(__xludf.DUMMYFUNCTION("""COMPUTED_VALUE"""),"") | F8: =IFERROR(__xludf.DUMMYFUNCTION("""COMPUTED_VALUE"""),"") | G8: =IFERROR(__xludf.DUMMYFUNCTION("""COMPUTED_VALUE"""),"") | H8: =IFERROR(__xludf.DUMMYFUNCTION("""COMPUTED_VALUE"""),"") | I8: 4 | J8: 4 | K8: 2 | L8: 2 | M8: 0.4875 | N8: 0.4375 | O8: 0.52083333 | P8: 0.375 | Q8: 0.25 | R8: 0.5 | S8: =iferror(SUMIFS('Gun v Gun'!$C$2:$C27,'Gun v Gun'!$A$2:$A27,$C$3,'Gun v Gun'!$B$2:$B27,C8)/(SUMIFS('Gun v Gun'!$C$2:$C27,'Gun v Gun'!$A$2:$A27,$C$3,'Gun v Gun'!$B$2:$B27,C8)+SUMIFS('Gun v Gun'!$D$2:$D27,'Gun v Gun'!$A$2:$A27,$C$3,'Gun v Gun'!$B$2:$B27,C8)),) -> 0.50877193 | T8: =iferror(SUMIFS('Gun v Gun'!$C$2:$C27,'Gun v Gun'!$A$2:$A27,$C$3,'Gun v Gun'!$B$2:$B27,C8,'Gun v Gun'!$F$2:$F27,"atk")/(SUMIFS('Gun v Gun'!$C$2:$C27,'Gun v Gun'!$A$2:$A27,$C$3,'Gun v Gun'!$B$2:$B27,C8,'Gun v Gun'!$F$2:$F27,"atk")+SUMIFS('Gun v Gun'!$D$2:$D27,'Gun v Gun'!$A$2:$A27,$C$3,'Gun v Gun'!$B$2:$B27,C8,'Gun v Gun'!$F$2:$F27,"atk")),) -> 0.47826087 | U8: =iferror(SUMIFS('Gun v Gun'!$C$2:$C27,'Gun v Gun'!$A$2:$A27,$C$3,'Gun v Gun'!$B$2:$B27,C8,'Gun v Gun'!$F$2:$F27,"def")/(SUMIFS('Gun v Gun'!$C$2:$C27,'Gun v Gun'!$A$2:$A27,$C$3,'Gun v Gun'!$B$2:$B27,C8,'Gun v Gun'!$F$2:$F27,"def")+SUMIFS('Gun v Gun'!$D$2:$D27,'Gun v Gun'!$A$2:$A27,$C$3,'Gun v Gun'!$B$2:$B27,C8,'Gun v Gun'!$F$2:$F27,"def")),) -> 0.52941176 | V8: =iferror(SUMIFS(Antieco!$C$2:$C27,Antieco!$A$2:$A27,$C$3,Antieco!$B$2:$B27,C8)/(SUMIFS(Antieco!$C$2:$C27,Antieco!$A$2:$A27,$C$3,Antieco!$B$2:$B27,C8)+SUMIFS(Antieco!$D$2:$D27,Antieco!$A$2:$A27,$C$3,Antieco!$B$2:$B27,C8)),) -> 0.66666667 | W8: =iferror(SUMIFS(Antieco!$C$2:$C27,Antieco!$A$2:$A27,$C$3,Antieco!$B$2:$B27,C8,Antieco!$F$2:$F27,"atk")/(SUMIFS(Antieco!$C$2:$C27,Antieco!$A$2:$A27,$C$3,Antieco!$B$2:$B27,C8,Antieco!$F$2:$F27,"atk")+SUMIFS(Antieco!$D$2:$D27,Antieco!$A$2:$A27,$C$3,Antieco!$B$2:$B27,C8,Antieco!$F$2:$F27,"atk")),) -> 0.75 | X8: =iferror(SUMIFS(Antieco!$C$2:$C27,Antieco!$A$2:$A27,$C$3,Antieco!$B$2:$B27,C8,Antieco!$F$2:$F27,"def")/(SUMIFS(Antieco!$C$2:$C27,Antieco!$A$2:$A27,$C$3,Antieco!$B$2:$B27,C8,Antieco!$F$2:$F27,"def")+SUMIFS(Antieco!$D$2:$D27,Antieco!$A$2:$A27,$C$3,Antieco!$B$2:$B27,C8,Antieco!$F$2:$F27,"def")),) -> 0.5 | Y8: =iferror(SUMIFS(ecos!$C$2:$C27,ecos!$A$2:$A27,$C$3,ecos!$B$2:$B27,C8)/(SUMIFS(ecos!$C$2:$C27,ecos!$A$2:$A27,$C$3,ecos!$B$2:$B27,C8)+SUMIFS(ecos!$D$2:$D27,ecos!$A$2:$A27,$C$3,ecos!$B$2:$B27,C8)),) -> 0.33333333 | Z8: =iferror(SUMIFS(ecos!$C$2:$C27,ecos!$A$2:$A27,$C$3,ecos!$B$2:$B27,C8,ecos!$F$2:$F27,"atk")/(SUMIFS(ecos!$C$2:$C27,ecos!$A$2:$A27,$C$3,ecos!$B$2:$B27,C8,ecos!$F$2:$F27,"atk")+SUMIFS(ecos!$D$2:$D27,ecos!$A$2:$A27,$C$3,ecos!$B$2:$B27,C8,ecos!$F$2:$F27,"atk")),) -> 0.33333333 | AA8: =iferror(SUMIFS(ecos!$C$2:$C27,ecos!$A$2:$A27,$C$3,ecos!$B$2:$B27,C8,ecos!$F$2:$F27,"def")/(SUMIFS(ecos!$C$2:$C27,ecos!$A$2:$A27,$C$3,ecos!$B$2:$B27,C8,ecos!$F$2:$F27,"def")+SUMIFS(ecos!$D$2:$D27,ecos!$A$2:$A27,$C$3,ecos!$B$2:$B27,C8,ecos!$F$2:$F27,"def")),) -> 0.33333333 | AC8: Haven | AE8: {=SUMIFS('Post Plants'!$D$2:$D27,'Post Plants'!$B$2:$B27,AC8:AC16,'Post Plants'!$A$2:$A27,$C$3)} -> 19 | AF8: 32 | AG8: 4.75 | AH8: =iferror(SUMIFS('Post Plants'!$F$2:$F27,'Post Plants'!$B$2:$B27,AC8:AC16,'Post Plants'!$A$2:$A27,$C$3)/SUMIFS('Post Plants'!$D$2:$D27,'Post Plants'!$B$2:$B27,AC8:AC16,'Post Plants'!$A$2:$A27,$C$3),) -> 0.52631579 | AI8: =iferror(SUMIFS('Post Plants'!$F$2:$F27,'Post Plants'!$B$2:$B27,AC8:AC16)/SUMIFS('Post Plants'!$D$2:$D27,'Post Plants'!$B$2:$B27,AC8:AC16),) -> 0.73291925 | AJ8: {=XLOOKUP($C$3,'Post Ranking'!H3:H27,'Post Ranking'!$F$3:$F27)} -> 14 | AK8: {=SUMIFS('Post Plants'!$J$2:$J27,'Post Plants'!$B$2:$B27,AC8:AC16,'Post Plants'!$A$2:$A27,$C$3)} -> 26 | AL8: 48 | AM8: 6.5 | AN8: =iferror(SUMIFS('Post Plants'!$L$2:$L27,'Post Plants'!$B$2:$B27,AC8:AC16,'Post Plants'!$A$2:$A27,$C$3)/SUMIFS('Post Plants'!$J$2:$J27,'Post Plants'!$B$2:$B27,AC8:AC16,'Post Plants'!$A$2:$A27,$C$3),) -> 0.34615385 | AO8: =iferror(SUMIFS('Post Plants'!$L$2:$L27,'Post Plants'!$B$2:$B27,AC8:AC16)/SUMIFS('Post Plants'!$J$2:$J27,'Post Plants'!$B$2:$B27,AC8:AC16),) -> 0.36829268 | AP8: {=XLOOKUP(C3,'Post Ranking'!S3:S27,'Post Ranking'!F3:F27)} -> 9
B9: Yoru,Astra,Gekko,Deadlock,Waylay | C9: Bind | D9: =IFERROR(__xludf.DUMMYFUNCTION("""COMPUTED_VALUE"""),"") | E9: =IFERROR(__xludf.DUMMYFUNCTION("""COMPUTED_VALUE"""),"") | F9: =IFERROR(__xludf.DUMMYFUNCTION("""COMPUTED_VALUE"""),"") | G9: =IFERROR(__xludf.DUMMYFUNCTION("""COMPUTED_VALUE"""),"") | H9: =IFERROR(__xludf.DUMMYFUNCTION("""COMPUTED_VALUE"""),"") | I9: 1 | J9: 1 | K9: 1 | L9: 0 | M9: 0.61904762 | N9: 0.88888889 | O9: 0.41666667 | P9: 0.5 | Q9: 1 | R9: 0 | S9: =iferror(SUMIFS('Gun v Gun'!$C$2:$C27,'Gun v Gun'!$A$2:$A27,$C$3,'Gun v Gun'!$B$2:$B27,C9)/(SUMIFS('Gun v Gun'!$C$2:$C27,'Gun v Gun'!$A$2:$A27,$C$3,'Gun v Gun'!$B$2:$B27,C9)+SUMIFS('Gun v Gun'!$D$2:$D27,'Gun v Gun'!$A$2:$A27,$C$3,'Gun v Gun'!$B$2:$B27,C9)),) -> 0.64705882 | T9: =iferror(SUMIFS('Gun v Gun'!$C$2:$C27,'Gun v Gun'!$A$2:$A27,$C$3,'Gun v Gun'!$B$2:$B27,C9,'Gun v Gun'!$F$2:$F27,"atk")/(SUMIFS('Gun v Gun'!$C$2:$C27,'Gun v Gun'!$A$2:$A27,$C$3,'Gun v Gun'!$B$2:$B27,C9,'Gun v Gun'!$F$2:$F27,"atk")+SUMIFS('Gun v Gun'!$D$2:$D27,'Gun v Gun'!$A$2:$A27,$C$3,'Gun v Gun'!$B$2:$B27,C9,'Gun v Gun'!$F$2:$F27,"atk")),) -> 0.85714286 | U9: =iferror(SUMIFS('Gun v Gun'!$C$2:$C27,'Gun v Gun'!$A$2:$A27,$C$3,'Gun v Gun'!$B$2:$B27,C9,'Gun v Gun'!$F$2:$F27,"def")/(SUMIFS('Gun v Gun'!$C$2:$C27,'Gun v Gun'!$A$2:$A27,$C$3,'Gun v Gun'!$B$2:$B27,C9,'Gun v Gun'!$F$2:$F27,"def")+SUMIFS('Gun v Gun'!$D$2:$D27,'Gun v Gun'!$A$2:$A27,$C$3,'Gun v Gun'!$B$2:$B27,C9,'Gun v Gun'!$F$2:$F27,"def")),) -> 0.5 | V9: =iferror(SUMIFS(Antieco!$C$2:$C27,Antieco!$A$2:$A27,$C$3,Antieco!$B$2:$B27,C9)/(SUMIFS(Antieco!$C$2:$C27,Antieco!$A$2:$A27,$C$3,Antieco!$B$2:$B27,C9)+SUMIFS(Antieco!$D$2:$D27,Antieco!$A$2:$A27,$C$3,Antieco!$B$2:$B27,C9)),) -> 1 | W9: =iferror(SUMIFS(Antieco!$C$2:$C27,Antieco!$A$2:$A27,$C$3,Antieco!$B$2:$B27,C9,Antieco!$F$2:$F27,"atk")/(SUMIFS(Antieco!$C$2:$C27,Antieco!$A$2:$A27,$C$3,Antieco!$B$2:$B27,C9,Antieco!$F$2:$F27,"atk")+SUMIFS(Antieco!$D$2:$D27,Antieco!$A$2:$A27,$C$3,Antieco!$B$2:$B27,C9,Antieco!$F$2:$F27,"atk")),) | X9: =iferror(SUMIFS(Antieco!$C$2:$C27,Antieco!$A$2:$A27,$C$3,Antieco!$B$2:$B27,C9,Antieco!$F$2:$F27,"def")/(SUMIFS(Antieco!$C$2:$C27,Antieco!$A$2:$A27,$C$3,Antieco!$B$2:$B27,C9,Antieco!$F$2:$F27,"def")+SUMIFS(Antieco!$D$2:$D27,Antieco!$A$2:$A27,$C$3,Antieco!$B$2:$B27,C9,Antieco!$F$2:$F27,"def")),) -> 1 | Y9: =iferror(SUMIFS(ecos!$C$2:$C27,ecos!$A$2:$A27,$C$3,ecos!$B$2:$B27,C9)/(SUMIFS(ecos!$C$2:$C27,ecos!$A$2:$A27,$C$3,ecos!$B$2:$B27,C9)+SUMIFS(ecos!$D$2:$D27,ecos!$A$2:$A27,$C$3,ecos!$B$2:$B27,C9)),) -> 0 | Z9: =iferror(SUMIFS(ecos!$C$2:$C27,ecos!$A$2:$A27,$C$3,ecos!$B$2:$B27,C9,ecos!$F$2:$F27,"atk")/(SUMIFS(ecos!$C$2:$C27,ecos!$A$2:$A27,$C$3,ecos!$B$2:$B27,C9,ecos!$F$2:$F27,"atk")+SUMIFS(ecos!$D$2:$D27,ecos!$A$2:$A27,$C$3,ecos!$B$2:$B27,C9,ecos!$F$2:$F27,"atk")),) | AA9: =iferror(SUMIFS(ecos!$C$2:$C27,ecos!$A$2:$A27,$C$3,ecos!$B$2:$B27,C9,ecos!$F$2:$F27,"def")/(SUMIFS(ecos!$C$2:$C27,ecos!$A$2:$A27,$C$3,ecos!$B$2:$B27,C9,ecos!$F$2:$F27,"def")+SUMIFS(ecos!$D$2:$D27,ecos!$A$2:$A27,$C$3,ecos!$B$2:$B27,C9,ecos!$F$2:$F27,"def")),) -> 0 | AC9: Bind | AE9: {=SUMIFS('Post Plants'!$D$2:$D27,'Post Plants'!$B$2:$B27,AC9:AC17,'Post Plants'!$A$2:$A27,$C$3)} -> 9 | AF9: 9 | AG9: 9 | AH9: =iferror(SUMIFS('Post Plants'!$F$2:$F27,'Post Plants'!$B$2:$B27,AC9:AC17,'Post Plants'!$A$2:$A27,$C$3)/SUMIFS('Post Plants'!$D$2:$D27,'Post Plants'!$B$2:$B27,AC9:AC17,'Post Plants'!$A$2:$A27,$C$3),) -> 0.88888889 | AI9: =iferror(SUMIFS('Post Plants'!$F$2:$F27,'Post Plants'!$B$2:$B27,AC9:AC17)/SUMIFS('Post Plants'!$D$2:$D27,'Post Plants'!$B$2:$B27,AC9:AC17),) -> 0.77722772 | AJ9: {=XLOOKUP($C$3,'Post Ranking'!I3:I27,'Post Ranking'!$F$3:$F27)} -> 3 | AK9: {=SUMIFS('Post Plants'!$J$2:$J27,'Post Plants'!$B$2:$B27,AC9:AC17,'Post Plants'!$A$2:$A27,$C$3)} -> 10 | AL9: 12 | AM9: 10 | AN9: =iferror(SUMIFS('Post Plants'!$L$2:$L27,'Post Plants'!$B$2:$B27,AC9:AC17,'Post Plants'!$A$2:$A27,$C$3)/SUMIFS('Post Plants'!$J$2:$J27,'Post Plants'!$B$2:$B27,AC9:AC17,'Post Plants'!$A$2:$A27,$C$3),) -> 0.3 | AO9: =iferror(SUMIFS('Post Plants'!$L$2:$L27,'Post Plants'!$B$2:$B27,AC9:AC17)/SUMIFS('Post Plants'!$J$2:$J27,'Post Plants'!$B$2:$B27,AC9:AC17),) -> 0.32386364 | AP9: {=XLOOKUP(C3,'Post Ranking'!T3:T27,'Post Ranking'!F3:F27)} -> 8
B10: Sova,Killjoy,Viper,Sage,Gekko | C10: Icebox | D10: =IFERROR(__xludf.DUMMYFUNCTION("""COMPUTED_VALUE"""),"") | E10: =IFERROR(__xludf.DUMMYFUNCTION("""COMPUTED_VALUE"""),"") | F10: =IFERROR(__xludf.DUMMYFUNCTION("""COMPUTED_VALUE"""),"") | G10: =IFERROR(__xludf.DUMMYFUNCTION("""COMPUTED_VALUE"""),"") | H10: =IFERROR(__xludf.DUMMYFUNCTION("""COMPUTED_VALUE"""),"") | I10: 1 | J10: 1 | K10: 1 | L10: 0 | M10: 0.59090909 | N10: 0.41666667 | O10: 0.8 | P10: 0.5 | Q10: 0 | R10: 1 | S10: =iferror(SUMIFS('Gun v Gun'!$C$2:$C27,'Gun v Gun'!$A$2:$A27,$C$3,'Gun v Gun'!$B$2:$B27,C10)/(SUMIFS('Gun v Gun'!$C$2:$C27,'Gun v Gun'!$A$2:$A27,$C$3,'Gun v Gun'!$B$2:$B27,C10)+SUMIFS('Gun v Gun'!$D$2:$D27,'Gun v Gun'!$A$2:$A27,$C$3,'Gun v Gun'!$B$2:$B27,C10)),) -> 0.625 | T10: =iferror(SUMIFS('Gun v Gun'!$C$2:$C27,'Gun v Gun'!$A$2:$A27,$C$3,'Gun v Gun'!$B$2:$B27,C10,'Gun v Gun'!$F$2:$F27,"atk")/(SUMIFS('Gun v Gun'!$C$2:$C27,'Gun v Gun'!$A$2:$A27,$C$3,'Gun v Gun'!$B$2:$B27,C10,'Gun v Gun'!$F$2:$F27,"atk")+SUMIFS('Gun v Gun'!$D$2:$D27,'Gun v Gun'!$A$2:$A27,$C$3,'Gun v Gun'!$B$2:$B27,C10,'Gun v Gun'!$F$2:$F27,"atk")),) -> 0.55555556 | U10: =iferror(SUMIFS('Gun v Gun'!$C$2:$C27,'Gun v Gun'!$A$2:$A27,$C$3,'Gun v Gun'!$B$2:$B27,C10,'Gun v Gun'!$F$2:$F27,"def")/(SUMIFS('Gun v Gun'!$C$2:$C27,'Gun v Gun'!$A$2:$A27,$C$3,'Gun v Gun'!$B$2:$B27,C10,'Gun v Gun'!$F$2:$F27,"def")+SUMIFS('Gun v Gun'!$D$2:$D27,'Gun v Gun'!$A$2:$A27,$C$3,'Gun v Gun'!$B$2:$B27,C10,'Gun v Gun'!$F$2:$F27,"def")),) -> 0.71428571 | V10: =iferror(SUMIFS(Antieco!$C$2:$C27,Antieco!$A$2:$A27,$C$3,Antieco!$B$2:$B27,C10)/(SUMIFS(Antieco!$C$2:$C27,Antieco!$A$2:$A27,$C$3,Antieco!$B$2:$B27,C10)+SUMIFS(Antieco!$D$2:$D27,Antieco!$A$2:$A27,$C$3,Antieco!$B$2:$B27,C10)),) -> 1 | W10: =iferror(SUMIFS(Antieco!$C$2:$C27,Antieco!$A$2:$A27,$C$3,Antieco!$B$2:$B27,C10,Antieco!$F$2:$F27,"atk")/(SUMIFS(Antieco!$C$2:$C27,Antieco!$A$2:$A27,$C$3,Antieco!$B$2:$B27,C10,Antieco!$F$2:$F27,"atk")+SUMIFS(Antieco!$D$2:$D27,Antieco!$A$2:$A27,$C$3,Antieco!$B$2:$B27,C10,Antieco!$F$2:$F27,"atk")),) -> 1 | X10: =iferror(SUMIFS(Antieco!$C$2:$C27,Antieco!$A$2:$A27,$C$3,Antieco!$B$2:$B27,C10,Antieco!$F$2:$F27,"def")/(SUMIFS(Antieco!$C$2:$C27,Antieco!$A$2:$A27,$C$3,Antieco!$B$2:$B27,C10,Antieco!$F$2:$F27,"def")+SUMIFS(Antieco!$D$2:$D27,Antieco!$A$2:$A27,$C$3,Antieco!$B$2:$B27,C10,Antieco!$F$2:$F27,"def")),) | Y10: =iferror(SUMIFS(ecos!$C$2:$C27,ecos!$A$2:$A27,$C$3,ecos!$B$2:$B27,C10)/(SUMIFS(ecos!$C$2:$C27,ecos!$A$2:$A27,$C$3,ecos!$B$2:$B27,C10)+SUMIFS(ecos!$D$2:$D27,ecos!$A$2:$A27,$C$3,ecos!$B$2:$B27,C10)),) -> 0.33333333 | Z10: =iferror(SUMIFS(ecos!$C$2:$C27,ecos!$A$2:$A27,$C$3,ecos!$B$2:$B27,C10,ecos!$F$2:$F27,"atk")/(SUMIFS(ecos!$C$2:$C27,ecos!$A$2:$A27,$C$3,ecos!$B$2:$B27,C10,ecos!$F$2:$F27,"atk")+SUMIFS(ecos!$D$2:$D27,ecos!$A$2:$A27,$C$3,ecos!$B$2:$B27,C10,ecos!$F$2:$F27,"atk")),) -> 0 | AA10: =iferror(SUMIFS(ecos!$C$2:$C27,ecos!$A$2:$A27,$C$3,ecos!$B$2:$B27,C10,ecos!$F$2:$F27,"def")/(SUMIFS(ecos!$C$2:$C27,ecos!$A$2:$A27,$C$3,ecos!$B$2:$B27,C10,ecos!$F$2:$F27,"def")+SUMIFS(ecos!$D$2:$D27,ecos!$A$2:$A27,$C$3,ecos!$B$2:$B27,C10,ecos!$F$2:$F27,"def")),) -> 1 | AC10: Icebox | AE10: {=SUMIFS('Post Plants'!$D$2:$D27,'Post Plants'!$B$2:$B27,AC10:AC18,'Post Plants'!$A$2:$A27,$C$3)} -> 7 | AF10: 12 | AG10: 7 | AH10: =iferror(SUMIFS('Post Plants'!$F$2:$F27,'Post Plants'!$B$2:$B27,AC10:AC18,'Post Plants'!$A$2:$A27,$C$3)/SUMIFS('Post Plants'!$D$2:$D27,'Post Plants'!$B$2:$B27,AC10:AC18,'Post Plants'!$A$2:$A27,$C$3),) -> 0.71428571 | AI10: =iferror(SUMIFS('Post Plants'!$F$2:$F27,'Post Plants'!$B$2:$B27,AC10:AC18)/SUMIFS('Post Plants'!$D$2:$D27,'Post Plants'!$B$2:$B27,AC10:AC18),) -> 0.65948276 | AJ10: {=XLOOKUP($C$3,'Post Ranking'!J3:J27,'Post Ranking'!$F$3:$F27)} -> 5 | AK10: {=SUMIFS('Post Plants'!$J$2:$J27,'Post Plants'!$B$2:$B27,AC10:AC18,'Post Plants'!$A$2:$A27,$C$3)} -> 7 | AL10: 10 | AM10: 7 | AN10: =iferror(SUMIFS('Post Plants'!$L$2:$L27,'Post Plants'!$B$2:$B27,AC10:AC18,'Post Plants'!$A$2:$A27,$C$3)/SUMIFS('Post Plants'!$J$2:$J27,'Post Plants'!$B$2:$B27,AC10:AC18,'Post Plants'!$A$2:$A27,$C$3),) -> 0.71428571 | AO10: =iferror(SUMIFS('Post Plants'!$L$2:$L27,'Post Plants'!$B$2:$B27,AC10:AC18)/SUMIFS('Post Plants'!$J$2:$J27,'Post Plants'!$B$2:$B27,AC10:AC18),) -> 0.39484979 | AP10: {=XLOOKUP(C3,'Post Ranking'!U3:U27,'Post Ranking'!F3:F27)} -> 1
B11: Sova,Omen,Yoru,Vyse,Waylay | C11: Sunset | D11: =IFERROR(__xludf.DUMMYFUNCTION("""COMPUTED_VALUE"""),"") | E11: =IFERROR(__xludf.DUMMYFUNCTION("""COMPUTED_VALUE"""),"") | F11: =IFERROR(__xludf.DUMMYFUNCTION("""COMPUTED_VALUE"""),"") | G11: =IFERROR(__xludf.DUMMYFUNCTION("""COMPUTED_VALUE"""),"") | H11: =IFERROR(__xludf.DUMMYFUNCTION("""COMPUTED_VALUE"""),"") | I11: 2 | J11: 2 | K11: 1 | L11: 1 | M11: 0.56818182 | N11: 0.56 | O11: 0.57894737 | P11: 1 | Q11: 1 | R11: 1 | S11: =iferror(SUMIFS('Gun v Gun'!$C$2:$C27,'Gun v Gun'!$A$2:$A27,$C$3,'Gun v Gun'!$B$2:$B27,C11)/(SUMIFS('Gun v Gun'!$C$2:$C27,'Gun v Gun'!$A$2:$A27,$C$3,'Gun v Gun'!$B$2:$B27,C11)+SUMIFS('Gun v Gun'!$D$2:$D27,'Gun v Gun'!$A$2:$A27,$C$3,'Gun v Gun'!$B$2:$B27,C11)),) -> 0.4375 | T11: =iferror(SUMIFS('Gun v Gun'!$C$2:$C27,'Gun v Gun'!$A$2:$A27,$C$3,'Gun v Gun'!$B$2:$B27,C11,'Gun v Gun'!$F$2:$F27,"atk")/(SUMIFS('Gun v Gun'!$C$2:$C27,'Gun v Gun'!$A$2:$A27,$C$3,'Gun v Gun'!$B$2:$B27,C11,'Gun v Gun'!$F$2:$F27,"atk")+SUMIFS('Gun v Gun'!$D$2:$D27,'Gun v Gun'!$A$2:$A27,$C$3,'Gun v Gun'!$B$2:$B27,C11,'Gun v Gun'!$F$2:$F27,"atk")),) -> 0.44444444 | U11: =iferror(SUMIFS('Gun v Gun'!$C$2:$C27,'Gun v Gun'!$A$2:$A27,$C$3,'Gun v Gun'!$B$2:$B27,C11,'Gun v Gun'!$F$2:$F27,"def")/(SUMIFS('Gun v Gun'!$C$2:$C27,'Gun v Gun'!$A$2:$A27,$C$3,'Gun v Gun'!$B$2:$B27,C11,'Gun v Gun'!$F$2:$F27,"def")+SUMIFS('Gun v Gun'!$D$2:$D27,'Gun v Gun'!$A$2:$A27,$C$3,'Gun v Gun'!$B$2:$B27,C11,'Gun v Gun'!$F$2:$F27,"def")),) -> 0.42857143 | V11: =iferror(SUMIFS(Antieco!$C$2:$C27,Antieco!$A$2:$A27,$C$3,Antieco!$B$2:$B27,C11)/(SUMIFS(Antieco!$C$2:$C27,Antieco!$A$2:$A27,$C$3,Antieco!$B$2:$B27,C11)+SUMIFS(Antieco!$D$2:$D27,Antieco!$A$2:$A27,$C$3,Antieco!$B$2:$B27,C11)),) -> 1 | W11: =iferror(SUMIFS(Antieco!$C$2:$C27,Antieco!$A$2:$A27,$C$3,Antieco!$B$2:$B27,C11,Antieco!$F$2:$F27,"atk")/(SUMIFS(Antieco!$C$2:$C27,Antieco!$A$2:$A27,$C$3,Antieco!$B$2:$B27,C11,Antieco!$F$2:$F27,"atk")+SUMIFS(Antieco!$D$2:$D27,Antieco!$A$2:$A27,$C$3,Antieco!$B$2:$B27,C11,Antieco!$F$2:$F27,"atk")),) -> 1 | X11: =iferror(SUMIFS(Antieco!$C$2:$C27,Antieco!$A$2:$A27,$C$3,Antieco!$B$2:$B27,C11,Antieco!$F$2:$F27,"def")/(SUMIFS(Antieco!$C$2:$C27,Antieco!$A$2:$A27,$C$3,Antieco!$B$2:$B27,C11,Antieco!$F$2:$F27,"def")+SUMIFS(Antieco!$D$2:$D27,Antieco!$A$2:$A27,$C$3,Antieco!$B$2:$B27,C11,Antieco!$F$2:$F27,"def")),) -> 1 | Y11: =iferror(SUMIFS(ecos!$C$2:$C27,ecos!$A$2:$A27,$C$3,ecos!$B$2:$B27,C11)/(SUMIFS(ecos!$C$2:$C27,ecos!$A$2:$A27,$C$3,ecos!$B$2:$B27,C11)+SUMIFS(ecos!$D$2:$D27,ecos!$A$2:$A27,$C$3,ecos!$B$2:$B27,C11)),) -> 0 | Z11: =iferror(SUMIFS(ecos!$C$2:$C27,ecos!$A$2:$A27,$C$3,ecos!$B$2:$B27,C11,ecos!$F$2:$F27,"atk")/(SUMIFS(ecos!$C$2:$C27,ecos!$A$2:$A27,$C$3,ecos!$B$2:$B27,C11,ecos!$F$2:$F27,"atk")+SUMIFS(ecos!$D$2:$D27,ecos!$A$2:$A27,$C$3,ecos!$B$2:$B27,C11,ecos!$F$2:$F27,"atk")),) -> 0 | AA11: =iferror(SUMIFS(ecos!$C$2:$C27,ecos!$A$2:$A27,$C$3,ecos!$B$2:$B27,C11,ecos!$F$2:$F27,"def")/(SUMIFS(ecos!$C$2:$C27,ecos!$A$2:$A27,$C$3,ecos!$B$2:$B27,C11,ecos!$F$2:$F27,"def")+SUMIFS(ecos!$D$2:$D27,ecos!$A$2:$A27,$C$3,ecos!$B$2:$B27,C11,ecos!$F$2:$F27,"def")),) | AC11: Sunset | AE11: {=SUMIFS('Post Plants'!$D$2:$D27,'Post Plants'!$B$2:$B27,AC11:AC19,'Post Plants'!$A$2:$A27,$C$3)} -> 19 | AF11: 25 | AG11: 9.5 | AH11: =iferror(SUMIFS('Post Plants'!$F$2:$F27,'Post Plants'!$B$2:$B27,AC11:AC19,'Post Plants'!$A$2:$A27,$C$3)/SUMIFS('Post Plants'!$D$2:$D27,'Post Plants'!$B$2:$B27,AC11:AC19,'Post Plants'!$A$2:$A27,$C$3),) -> 0.63157895 | AI11: =iferror(SUMIFS('Post Plants'!$F$2:$F27,'Post Plants'!$B$2:$B27,AC11:AC19)/SUMIFS('Post Plants'!$D$2:$D27,'Post Plants'!$B$2:$B27,AC11:AC19),) -> 0.68489583 | AJ11: {=XLOOKUP($C$3,'Post Ranking'!K3:K27,'Post Ranking'!$F$3:$F27)} -> 9 | AK11: {=SUMIFS('Post Plants'!$J$2:$J27,'Post Plants'!$B$2:$B27,AC11:AC19,'Post Plants'!$A$2:$A27,$C$3)} -> 9 | AL11: 19 | AM11: 4.5 | AN11: =iferror(SUMIFS('Post Plants'!$L$2:$L27,'Post Plants'!$B$2:$B27,AC11:AC19,'Post Plants'!$A$2:$A27,$C$3)/SUMIFS('Post Plants'!$J$2:$J27,'Post Plants'!$B$2:$B27,AC11:AC19,'Post Plants'!$A$2:$A27,$C$3),) -> 0.22222222 | AO11: =iferror(SUMIFS('Post Plants'!$L$2:$L27,'Post Plants'!$B$2:$B27,AC11:AC19)/SUMIFS('Post Plants'!$J$2:$J27,'Post Plants'!$B$2:$B27,AC11:AC19),) -> 0.31596091 | AP11: {=XLOOKUP(C3,'Post Ranking'!V3:V27,'Post Ranking'!F3:F27)} -> 13
B12: Cypher,Omen,Neon,Fade,Iso | C12: Lotus | D12: =IFERROR(__xludf.DUMMYFUNCTION("""COMPUTED_VALUE"""),"") | E12: =IFERROR(__xludf.DUMMYFUNCTION("""COMPUTED_VALUE"""),"") | F12: =IFERROR(__xludf.DUMMYFUNCTION("""COMPUTED_VALUE"""),"") | G12: =IFERROR(__xludf.DUMMYFUNCTION("""COMPUTED_VALUE"""),"") | H12: =IFERROR(__xludf.DUMMYFUNCTION("""COMPUTED_VALUE"""),"") | I12: 3 | J12: 10 | K12: 5 | L12: 5 | M12: 0.53917051 | N12: 0.49074074 | O12: 0.58715596 | P12: 0.5 | Q12: 0.4 | R12: 0.6 | S12: =iferror(SUMIFS('Gun v Gun'!$C$2:$C27,'Gun v Gun'!$A$2:$A27,$C$3,'Gun v Gun'!$B$2:$B27,C12)/(SUMIFS('Gun v Gun'!$C$2:$C27,'Gun v Gun'!$A$2:$A27,$C$3,'Gun v Gun'!$B$2:$B27,C12)+SUMIFS('Gun v Gun'!$D$2:$D27,'Gun v Gun'!$A$2:$A27,$C$3,'Gun v Gun'!$B$2:$B27,C12)),) -> 0.54362416 | T12: =iferror(SUMIFS('Gun v Gun'!$C$2:$C27,'Gun v Gun'!$A$2:$A27,$C$3,'Gun v Gun'!$B$2:$B27,C12,'Gun v Gun'!$F$2:$F27,"atk")/(SUMIFS('Gun v Gun'!$C$2:$C27,'Gun v Gun'!$A$2:$A27,$C$3,'Gun v Gun'!$B$2:$B27,C12,'Gun v Gun'!$F$2:$F27,"atk")+SUMIFS('Gun v Gun'!$D$2:$D27,'Gun v Gun'!$A$2:$A27,$C$3,'Gun v Gun'!$B$2:$B27,C12,'Gun v Gun'!$F$2:$F27,"atk")),) -> 0.49315068 | U12: =iferror(SUMIFS('Gun v Gun'!$C$2:$C27,'Gun v Gun'!$A$2:$A27,$C$3,'Gun v Gun'!$B$2:$B27,C12,'Gun v Gun'!$F$2:$F27,"def")/(SUMIFS('Gun v Gun'!$C$2:$C27,'Gun v Gun'!$A$2:$A27,$C$3,'Gun v Gun'!$B$2:$B27,C12,'Gun v Gun'!$F$2:$F27,"def")+SUMIFS('Gun v Gun'!$D$2:$D27,'Gun v Gun'!$A$2:$A27,$C$3,'Gun v Gun'!$B$2:$B27,C12,'Gun v Gun'!$F$2:$F27,"def")),) -> 0.59210526 | V12: =iferror(SUMIFS(Antieco!$C$2:$C27,Antieco!$A$2:$A27,$C$3,Antieco!$B$2:$B27,C12)/(SUMIFS(Antieco!$C$2:$C27,Antieco!$A$2:$A27,$C$3,Antieco!$B$2:$B27,C12)+SUMIFS(Antieco!$D$2:$D27,Antieco!$A$2:$A27,$C$3,Antieco!$B$2:$B27,C12)),) -> 0.89285714 | W12: =iferror(SUMIFS(Antieco!$C$2:$C27,Antieco!$A$2:$A27,$C$3,Antieco!$B$2:$B27,C12,Antieco!$F$2:$F27,"atk")/(SUMIFS(Antieco!$C$2:$C27,Antieco!$A$2:$A27,$C$3,Antieco!$B$2:$B27,C12,Antieco!$F$2:$F27,"atk")+SUMIFS(Antieco!$D$2:$D27,Antieco!$A$2:$A27,$C$3,Antieco!$B$2:$B27,C12,Antieco!$F$2:$F27,"atk")),) -> 0.85714286 | X12: =iferror(SUMIFS(Antieco!$C$2:$C27,Antieco!$A$2:$A27,$C$3,Antieco!$B$2:$B27,C12,Antieco!$F$2:$F27,"def")/(SUMIFS(Antieco!$C$2:$C27,Antieco!$A$2:$A27,$C$3,Antieco!$B$2:$B27,C12,Antieco!$F$2:$F27,"def")+SUMIFS(Antieco!$D$2:$D27,Antieco!$A$2:$A27,$C$3,Antieco!$B$2:$B27,C12,Antieco!$F$2:$F27,"def")),) -> 0.92857143 | Y12: =iferror(SUMIFS(ecos!$C$2:$C27,ecos!$A$2:$A27,$C$3,ecos!$B$2:$B27,C12)/(SUMIFS(ecos!$C$2:$C27,ecos!$A$2:$A27,$C$3,ecos!$B$2:$B27,C12)+SUMIFS(ecos!$D$2:$D27,ecos!$A$2:$A27,$C$3,ecos!$B$2:$B27,C12)),) -> 0.05 | Z12: =iferror(SUMIFS(ecos!$C$2:$C27,ecos!$A$2:$A27,$C$3,ecos!$B$2:$B27,C12,ecos!$F$2:$F27,"atk")/(SUMIFS(ecos!$C$2:$C27,ecos!$A$2:$A27,$C$3,ecos!$B$2:$B27,C12,ecos!$F$2:$F27,"atk")+SUMIFS(ecos!$D$2:$D27,ecos!$A$2:$A27,$C$3,ecos!$B$2:$B27,C12,ecos!$F$2:$F27,"atk")),) -> 0 | AA12: =iferror(SUMIFS(ecos!$C$2:$C27,ecos!$A$2:$A27,$C$3,ecos!$B$2:$B27,C12,ecos!$F$2:$F27,"def")/(SUMIFS(ecos!$C$2:$C27,ecos!$A$2:$A27,$C$3,ecos!$B$2:$B27,C12,ecos!$F$2:$F27,"def")+SUMIFS(ecos!$D$2:$D27,ecos!$A$2:$A27,$C$3,ecos!$B$2:$B27,C12,ecos!$F$2:$F27,"def")),) -> 0.11111111 | AC12: Lotus | AE12: {=SUMIFS('Post Plants'!$D$2:$D27,'Post Plants'!$B$2:$B27,AC12:AC20,'Post Plants'!$A$2:$A27,$C$3)} -> 73 | AF12: 108 | AG12: 7.3 | AH12: =iferror(SUMIFS('Post Plants'!$F$2:$F27,'Post Plants'!$B$2:$B27,AC12:AC20,'Post Plants'!$A$2:$A27,$C$3)/SUMIFS('Post Plants'!$D$2:$D27,'Post Plants'!$B$2:$B27,AC12:AC20,'Post Plants'!$A$2:$A27,$C$3),) -> 0.64383562 | AI12: =iferror(SUMIFS('Post Plants'!$F$2:$F27,'Post Plants'!$B$2:$B27,AC12:AC20)/SUMIFS('Post Plants'!$D$2:$D27,'Post Plants'!$B$2:$B27,AC12:AC20),) -> 0.7020649 | AJ12: {=XLOOKUP($C$3,'Post Ranking'!L3:L27,'Post Ranking'!$F$3:$F27)} -> 12 | AK12: {=SUMIFS('Post Plants'!$J$2:$J27,'Post Plants'!$B$2:$B27,AC12:AC20,'Post Plants'!$A$2:$A27,$C$3)} -> 68 | AL12: 109 | AM12: 6.8 | AN12: =iferror(SUMIFS('Post Plants'!$L$2:$L27,'Post Plants'!$B$2:$B27,AC12:AC20,'Post Plants'!$A$2:$A27,$C$3)/SUMIFS('Post Plants'!$J$2:$J27,'Post Plants'!$B$2:$B27,AC12:AC20,'Post Plants'!$A$2:$A27,$C$3),) -> 0.36764706 | AO12: =iferror(SUMIFS('Post Plants'!$L$2:$L27,'Post Plants'!$B$2:$B27,AC12:AC20)/SUMIFS('Post Plants'!$J$2:$J27,'Post Plants'!$B$2:$B27,AC12:AC20),) -> 0.36349206 | AP12: {=XLOOKUP(C3,'Post Ranking'!W3:W27,'Post Ranking'!F3:F27)} -> 8
B13: Cypher,Phoenix,Omen,Yoru,Fade | C13: Corrode | D13: =IFERROR(__xludf.DUMMYFUNCTION("""COMPUTED_VALUE"""),"") | E13: =IFERROR(__xludf.DUMMYFUNCTION("""COMPUTED_VALUE"""),"") | F13: =IFERROR(__xludf.DUMMYFUNCTION("""COMPUTED_VALUE"""),"") | G13: =IFERROR(__xludf.DUMMYFUNCTION("""COMPUTED_VALUE"""),"") | H13: =IFERROR(__xludf.DUMMYFUNCTION("""COMPUTED_VALUE"""),"") | I13: 6 | J13: 6 | K13: 4 | L13: 2 | M13: 0.56349206 | N13: 0.45 | O13: 0.66666667 | P13: 0.41666667 | Q13: 0.33333333 | R13: 0.5 | S13: =iferror(SUMIFS('Gun v Gun'!$C$2:$C27,'Gun v Gun'!$A$2:$A27,$C$3,'Gun v Gun'!$B$2:$B27,C13)/(SUMIFS('Gun v Gun'!$C$2:$C27,'Gun v Gun'!$A$2:$A27,$C$3,'Gun v Gun'!$B$2:$B27,C13)+SUMIFS('Gun v Gun'!$D$2:$D27,'Gun v Gun'!$A$2:$A27,$C$3,'Gun v Gun'!$B$2:$B27,C13)),) -> 0.62921348 | T13: =iferror(SUMIFS('Gun v Gun'!$C$2:$C27,'Gun v Gun'!$A$2:$A27,$C$3,'Gun v Gun'!$B$2:$B27,C13,'Gun v Gun'!$F$2:$F27,"atk")/(SUMIFS('Gun v Gun'!$C$2:$C27,'Gun v Gun'!$A$2:$A27,$C$3,'Gun v Gun'!$B$2:$B27,C13,'Gun v Gun'!$F$2:$F27,"atk")+SUMIFS('Gun v Gun'!$D$2:$D27,'Gun v Gun'!$A$2:$A27,$C$3,'Gun v Gun'!$B$2:$B27,C13,'Gun v Gun'!$F$2:$F27,"atk")),) -> 0.575 | U13: =iferror(SUMIFS('Gun v Gun'!$C$2:$C27,'Gun v Gun'!$A$2:$A27,$C$3,'Gun v Gun'!$B$2:$B27,C13,'Gun v Gun'!$F$2:$F27,"def")/(SUMIFS('Gun v Gun'!$C$2:$C27,'Gun v Gun'!$A$2:$A27,$C$3,'Gun v Gun'!$B$2:$B27,C13,'Gun v Gun'!$F$2:$F27,"def")+SUMIFS('Gun v Gun'!$D$2:$D27,'Gun v Gun'!$A$2:$A27,$C$3,'Gun v Gun'!$B$2:$B27,C13,'Gun v Gun'!$F$2:$F27,"def")),) -> 0.67346939 | V13: =iferror(SUMIFS(Antieco!$C$2:$C27,Antieco!$A$2:$A27,$C$3,Antieco!$B$2:$B27,C13)/(SUMIFS(Antieco!$C$2:$C27,Antieco!$A$2:$A27,$C$3,Antieco!$B$2:$B27,C13)+SUMIFS(Antieco!$D$2:$D27,Antieco!$A$2:$A27,$C$3,Antieco!$B$2:$B27,C13)),) -> 0.77777778 | W13: =iferror(SUMIFS(Antieco!$C$2:$C27,Antieco!$A$2:$A27,$C$3,Antieco!$B$2:$B27,C13,Antieco!$F$2:$F27,"atk")/(SUMIFS(Antieco!$C$2:$C27,Antieco!$A$2:$A27,$C$3,Antieco!$B$2:$B27,C13,Antieco!$F$2:$F27,"atk")+SUMIFS(Antieco!$D$2:$D27,Antieco!$A$2:$A27,$C$3,Antieco!$B$2:$B27,C13,Antieco!$F$2:$F27,"atk")),) -> 0.83333333 | X13: =iferror(SUMIFS(Antieco!$C$2:$C27,Antieco!$A$2:$A27,$C$3,Antieco!$B$2:$B27,C13,Antieco!$F$2:$F27,"def")/(SUMIFS(Antieco!$C$2:$C27,Antieco!$A$2:$A27,$C$3,Antieco!$B$2:$B27,C13,Antieco!$F$2:$F27,"def")+SUMIFS(Antieco!$D$2:$D27,Antieco!$A$2:$A27,$C$3,Antieco!$B$2:$B27,C13,Antieco!$F$2:$F27,"def")),) -> 0.66666667 | Y13: =iferror(SUMIFS(ecos!$C$2:$C27,ecos!$A$2:$A27,$C$3,ecos!$B$2:$B27,C13)/(SUMIFS(ecos!$C$2:$C27,ecos!$A$2:$A27,$C$3,ecos!$B$2:$B27,C13)+SUMIFS(ecos!$D$2:$D27,ecos!$A$2:$A27,$C$3,ecos!$B$2:$B27,C13)),) -> 0.1875 | Z13: =iferror(SUMIFS(ecos!$C$2:$C27,ecos!$A$2:$A27,$C$3,ecos!$B$2:$B27,C13,ecos!$F$2:$F27,"atk")/(SUMIFS(ecos!$C$2:$C27,ecos!$A$2:$A27,$C$3,ecos!$B$2:$B27,C13,ecos!$F$2:$F27,"atk")+SUMIFS(ecos!$D$2:$D27,ecos!$A$2:$A27,$C$3,ecos!$B$2:$B27,C13,ecos!$F$2:$F27,"atk")),) -> 0 | AA13: =iferror(SUMIFS(ecos!$C$2:$C27,ecos!$A$2:$A27,$C$3,ecos!$B$2:$B27,C13,ecos!$F$2:$F27,"def")/(SUMIFS(ecos!$C$2:$C27,ecos!$A$2:$A27,$C$3,ecos!$B$2:$B27,C13,ecos!$F$2:$F27,"def")+SUMIFS(ecos!$D$2:$D27,ecos!$A$2:$A27,$C$3,ecos!$B$2:$B27,C13,ecos!$F$2:$F27,"def")),) -> 0.6 | AC13: Corrode | AE13: {=SUMIFS('Post Plants'!$D$2:$D27,'Post Plants'!$B$2:$B27,AC13:AC21,'Post Plants'!$A$2:$A27,$C$3)} -> 35 | AF13: 60 | AG13: 5.8333333 | AH13: =iferror(SUMIFS('Post Plants'!$F$2:$F27,'Post Plants'!$B$2:$B27,AC13:AC21,'Post Plants'!$A$2:$A27,$C$3)/SUMIFS('Post Plants'!$D$2:$D27,'Post Plants'!$B$2:$B27,AC13:AC21,'Post Plants'!$A$2:$A27,$C$3),) -> 0.62857143 | AI13: =iferror(SUMIFS('Post Plants'!$F$2:$F27,'Post Plants'!$B$2:$B27,AC13:AC21)/SUMIFS('Post Plants'!$D$2:$D27,'Post Plants'!$B$2:$B27,AC13:AC21),) -> 0.68778281 | AJ13: {=XLOOKUP($C$3,'Post Ranking'!M3:M27,'Post Ranking'!$F$3:$F27)} -> 9 | AK13: {=SUMIFS('Post Plants'!$J$2:$J27,'Post Plants'!$B$2:$B27,AC13:AC21,'Post Plants'!$A$2:$A27,$C$3)} -> 38 | AL13: 66 | AM13: 6.3333333 | AN13: =iferror(SUMIFS('Post Plants'!$L$2:$L27,'Post Plants'!$B$2:$B27,AC13:AC21,'Post Plants'!$A$2:$A27,$C$3)/SUMIFS('Post Plants'!$J$2:$J27,'Post Plants'!$B$2:$B27,AC13:AC21,'Post Plants'!$A$2:$A27,$C$3),) -> 0.47368421 | AO13: =iferror(SUMIFS('Post Plants'!$L$2:$L27,'Post Plants'!$B$2:$B27,AC13:AC21)/SUMIFS('Post Plants'!$J$2:$J27,'Post Plants'!$B$2:$B27,AC13:AC21),) -> 0.41588785 | AP13: {=XLOOKUP(C3,'Post Ranking'!X3:X27,'Post Ranking'!F3:F27)} -> 4
B14: #N/A | C14: Pearl | I14: 0 | J14: 0 | K14: 0 | L14: 0 | S14: =iferror(SUMIFS('Gun v Gun'!$C$2:$C27,'Gun v Gun'!$A$2:$A27,$C$3,'Gun v Gun'!$B$2:$B27,C14)/(SUMIFS('Gun v Gun'!$C$2:$C27,'Gun v Gun'!$A$2:$A27,$C$3,'Gun v Gun'!$B$2:$B27,C14)+SUMIFS('Gun v Gun'!$D$2:$D27,'Gun v Gun'!$A$2:$A27,$C$3,'Gun v Gun'!$B$2:$B27,C14)),) | T14: =iferror(SUMIFS('Gun v Gun'!$C$2:$C27,'Gun v Gun'!$A$2:$A27,$C$3,'Gun v Gun'!$B$2:$B27,C14,'Gun v Gun'!$F$2:$F27,"atk")/(SUMIFS('Gun v Gun'!$C$2:$C27,'Gun v Gun'!$A$2:$A27,$C$3,'Gun v Gun'!$B$2:$B27,C14,'Gun v Gun'!$F$2:$F27,"atk")+SUMIFS('Gun v Gun'!$D$2:$D27,'Gun v Gun'!$A$2:$A27,$C$3,'Gun v Gun'!$B$2:$B27,C14,'Gun v Gun'!$F$2:$F27,"atk")),) | U14: =iferror(SUMIFS('Gun v Gun'!$C$2:$C27,'Gun v Gun'!$A$2:$A27,$C$3,'Gun v Gun'!$B$2:$B27,C14,'Gun v Gun'!$F$2:$F27,"def")/(SUMIFS('Gun v Gun'!$C$2:$C27,'Gun v Gun'!$A$2:$A27,$C$3,'Gun v Gun'!$B$2:$B27,C14,'Gun v Gun'!$F$2:$F27,"def")+SUMIFS('Gun v Gun'!$D$2:$D27,'Gun v Gun'!$A$2:$A27,$C$3,'Gun v Gun'!$B$2:$B27,C14,'Gun v Gun'!$F$2:$F27,"def")),) | V14: =iferror(SUMIFS(Antieco!$C$2:$C27,Antieco!$A$2:$A27,$C$3,Antieco!$B$2:$B27,C14)/(SUMIFS(Antieco!$C$2:$C27,Antieco!$A$2:$A27,$C$3,Antieco!$B$2:$B27,C14)+SUMIFS(Antieco!$D$2:$D27,Antieco!$A$2:$A27,$C$3,Antieco!$B$2:$B27,C14)),) | W14: =iferror(SUMIFS(Antieco!$C$2:$C27,Antieco!$A$2:$A27,$C$3,Antieco!$B$2:$B27,C14,Antieco!$F$2:$F27,"atk")/(SUMIFS(Antieco!$C$2:$C27,Antieco!$A$2:$A27,$C$3,Antieco!$B$2:$B27,C14,Antieco!$F$2:$F27,"atk")+SUMIFS(Antieco!$D$2:$D27,Antieco!$A$2:$A27,$C$3,Antieco!$B$2:$B27,C14,Antieco!$F$2:$F27,"atk")),) | X14: =iferror(SUMIFS(Antieco!$C$2:$C27,Antieco!$A$2:$A27,$C$3,Antieco!$B$2:$B27,C14,Antieco!$F$2:$F27,"def")/(SUMIFS(Antieco!$C$2:$C27,Antieco!$A$2:$A27,$C$3,Antieco!$B$2:$B27,C14,Antieco!$F$2:$F27,"def")+SUMIFS(Antieco!$D$2:$D27,Antieco!$A$2:$A27,$C$3,Antieco!$B$2:$B27,C14,Antieco!$F$2:$F27,"def")),) | Y14: =iferror(SUMIFS(ecos!$C$2:$C27,ecos!$A$2:$A27,$C$3,ecos!$B$2:$B27,C14)/(SUMIFS(ecos!$C$2:$C27,ecos!$A$2:$A27,$C$3,ecos!$B$2:$B27,C14)+SUMIFS(ecos!$D$2:$D27,ecos!$A$2:$A27,$C$3,ecos!$B$2:$B27,C14)),) | Z14: =iferror(SUMIFS(ecos!$C$2:$C27,ecos!$A$2:$A27,$C$3,ecos!$B$2:$B27,C14,ecos!$F$2:$F27,"atk")/(SUMIFS(ecos!$C$2:$C27,ecos!$A$2:$A27,$C$3,ecos!$B$2:$B27,C14,ecos!$F$2:$F27,"atk")+SUMIFS(ecos!$D$2:$D27,ecos!$A$2:$A27,$C$3,ecos!$B$2:$B27,C14,ecos!$F$2:$F27,"atk")),) | AA14: =iferror(SUMIFS(ecos!$C$2:$C27,ecos!$A$2:$A27,$C$3,ecos!$B$2:$B27,C14,ecos!$F$2:$F27,"def")/(SUMIFS(ecos!$C$2:$C27,ecos!$A$2:$A27,$C$3,ecos!$B$2:$B27,C14,ecos!$F$2:$F27,"def")+SUMIFS(ecos!$D$2:$D27,ecos!$A$2:$A27,$C$3,ecos!$B$2:$B27,C14,ecos!$F$2:$F27,"def")),) | AC14: Pearl | AE14: {=SUMIFS('Post Plants'!$D$2:$D27,'Post Plants'!$B$2:$B27,AC14:AC22,'Post Plants'!$A$2:$A27,$C$3)} -> 0 | AF14: 0 | AG14: 0 | AH14: =iferror(SUMIFS('Post Plants'!$F$2:$F27,'Post Plants'!$B$2:$B27,AC14:AC22,'Post Plants'!$A$2:$A27,$C$3)/SUMIFS('Post Plants'!$D$2:$D27,'Post Plants'!$B$2:$B27,AC14:AC22,'Post Plants'!$A$2:$A27,$C$3),) | AI14: =iferror(SUMIFS('Post Plants'!$F$2:$F27,'Post Plants'!$B$2:$B27,AC14:AC22)/SUMIFS('Post Plants'!$D$2:$D27,'Post Plants'!$B$2:$B27,AC14:AC22),) -> 0.82051282 | AJ14: {=XLOOKUP($C$3,'Post Ranking'!N3:N27,'Post Ranking'!$F$3:$F27)} -> #N/A | AK14: {=SUMIFS('Post Plants'!$J$2:$J27,'Post Plants'!$B$2:$B27,AC14:AC22,'Post Plants'!$A$2:$A27,$C$3)} -> 0 | AL14: 0 | AM14: 0 | AN14: =iferror(SUMIFS('Post Plants'!$L$2:$L27,'Post Plants'!$B$2:$B27,AC14:AC22,'Post Plants'!$A$2:$A27,$C$3)/SUMIFS('Post Plants'!$J$2:$J27,'Post Plants'!$B$2:$B27,AC14:AC22,'Post Plants'!$A$2:$A27,$C$3),) | AO14: =iferror(SUMIFS('Post Plants'!$L$2:$L27,'Post Plants'!$B$2:$B27,AC14:AC22)/SUMIFS('Post Plants'!$J$2:$J27,'Post Plants'!$B$2:$B27,AC14:AC22),) -> 0.53571429 | AP14: {=XLOOKUP(C3,'Post Ranking'!Y3:Y27,'Post Ranking'!F3:F27)} -> #N/A
B15: Viper,Yoru,Astra,Fade,Vyse | C15: Split | D15: =IFERROR(__xludf.DUMMYFUNCTION("""COMPUTED_VALUE"""),"") | E15: =IFERROR(__xludf.DUMMYFUNCTION("""COMPUTED_VALUE"""),"") | F15: =IFERROR(__xludf.DUMMYFUNCTION("""COMPUTED_VALUE"""),"") | G15: =IFERROR(__xludf.DUMMYFUNCTION("""COMPUTED_VALUE"""),"") | H15: =IFERROR(__xludf.DUMMYFUNCTION("""COMPUTED_VALUE"""),"") | I15: 1 | J15: 1 | K15: 0 | L15: 1 | M15: 0.40909091 | N15: 0.16666667 | O15: 0.7 | P15: 0.5 | Q15: 0 | R15: 1 | S15: =iferror(SUMIFS('Gun v Gun'!$C$2:$C27,'Gun v Gun'!$A$2:$A27,$C$3,'Gun v Gun'!$B$2:$B27,C15)/(SUMIFS('Gun v Gun'!$C$2:$C27,'Gun v Gun'!$A$2:$A27,$C$3,'Gun v Gun'!$B$2:$B27,C15)+SUMIFS('Gun v Gun'!$D$2:$D27,'Gun v Gun'!$A$2:$A27,$C$3,'Gun v Gun'!$B$2:$B27,C15)),) -> 0.375 | T15: =iferror(SUMIFS('Gun v Gun'!$C$2:$C27,'Gun v Gun'!$A$2:$A27,$C$3,'Gun v Gun'!$B$2:$B27,C15,'Gun v Gun'!$F$2:$F27,"atk")/(SUMIFS('Gun v Gun'!$C$2:$C27,'Gun v Gun'!$A$2:$A27,$C$3,'Gun v Gun'!$B$2:$B27,C15,'Gun v Gun'!$F$2:$F27,"atk")+SUMIFS('Gun v Gun'!$D$2:$D27,'Gun v Gun'!$A$2:$A27,$C$3,'Gun v Gun'!$B$2:$B27,C15,'Gun v Gun'!$F$2:$F27,"atk")),0) -> 0.22222222 | U15: =iferror(SUMIFS('Gun v Gun'!$C$2:$C27,'Gun v Gun'!$A$2:$A27,$C$3,'Gun v Gun'!$B$2:$B27,C15,'Gun v Gun'!$F$2:$F27,"def")/(SUMIFS('Gun v Gun'!$C$2:$C27,'Gun v Gun'!$A$2:$A27,$C$3,'Gun v Gun'!$B$2:$B27,C15,'Gun v Gun'!$F$2:$F27,"def")+SUMIFS('Gun v Gun'!$D$2:$D27,'Gun v Gun'!$A$2:$A27,$C$3,'Gun v Gun'!$B$2:$B27,C15,'Gun v Gun'!$F$2:$F27,"def")),) -> 0.57142857 | V15: =iferror(SUMIFS(Antieco!$C$2:$C27,Antieco!$A$2:$A27,$C$3,Antieco!$B$2:$B27,C15)/(SUMIFS(Antieco!$C$2:$C27,Antieco!$A$2:$A27,$C$3,Antieco!$B$2:$B27,C15)+SUMIFS(Antieco!$D$2:$D27,Antieco!$A$2:$A27,$C$3,Antieco!$B$2:$B27,C15)),) -> 1 | W15: =iferror(SUMIFS(Antieco!$C$2:$C27,Antieco!$A$2:$A27,$C$3,Antieco!$B$2:$B27,C15,Antieco!$F$2:$F27,"atk")/(SUMIFS(Antieco!$C$2:$C27,Antieco!$A$2:$A27,$C$3,Antieco!$B$2:$B27,C15,Antieco!$F$2:$F27,"atk")+SUMIFS(Antieco!$D$2:$D27,Antieco!$A$2:$A27,$C$3,Antieco!$B$2:$B27,C15,Antieco!$F$2:$F27,"atk")),) -> 1 | X15: =iferror(SUMIFS(Antieco!$C$2:$C27,Antieco!$A$2:$A27,$C$3,Antieco!$B$2:$B27,C15,Antieco!$F$2:$F27,"def")/(SUMIFS(Antieco!$C$2:$C27,Antieco!$A$2:$A27,$C$3,Antieco!$B$2:$B27,C15,Antieco!$F$2:$F27,"def")+SUMIFS(Antieco!$D$2:$D27,Antieco!$A$2:$A27,$C$3,Antieco!$B$2:$B27,C15,Antieco!$F$2:$F27,"def")),) | Y15: =iferror(SUMIFS(ecos!$C$2:$C27,ecos!$A$2:$A27,$C$3,ecos!$B$2:$B27,C15)/(SUMIFS(ecos!$C$2:$C27,ecos!$A$2:$A27,$C$3,ecos!$B$2:$B27,C15)+SUMIFS(ecos!$D$2:$D27,ecos!$A$2:$A27,$C$3,ecos!$B$2:$B27,C15)),) -> 0 | Z15: =iferror(SUMIFS(ecos!$C$2:$C27,ecos!$A$2:$A27,$C$3,ecos!$B$2:$B27,C15,ecos!$F$2:$F27,"atk")/(SUMIFS(ecos!$C$2:$C27,ecos!$A$2:$A27,$C$3,ecos!$B$2:$B27,C15,ecos!$F$2:$F27,"atk")+SUMIFS(ecos!$D$2:$D27,ecos!$A$2:$A27,$C$3,ecos!$B$2:$B27,C15,ecos!$F$2:$F27,"atk")),) -> 0 | AA15: =iferror(SUMIFS(ecos!$C$2:$C27,ecos!$A$2:$A27,$C$3,ecos!$B$2:$B27,C15,ecos!$F$2:$F27,"def")/(SUMIFS(ecos!$C$2:$C27,ecos!$A$2:$A27,$C$3,ecos!$B$2:$B27,C15,ecos!$F$2:$F27,"def")+SUMIFS(ecos!$D$2:$D27,ecos!$A$2:$A27,$C$3,ecos!$B$2:$B27,C15,ecos!$F$2:$F27,"def")),) | AC15: Split | AE15: {=SUMIFS('Post Plants'!$D$2:$D27,'Post Plants'!$B$2:$B27,AC15:AC23,'Post Plants'!$A$2:$A27,$C$3)} -> 6 | AF15: 12 | AG15: 6 | AH15: =iferror(SUMIFS('Post Plants'!$F$2:$F27,'Post Plants'!$B$2:$B27,AC15:AC23,'Post Plants'!$A$2:$A27,$C$3)/SUMIFS('Post Plants'!$D$2:$D27,'Post Plants'!$B$2:$B27,AC15:AC23,'Post Plants'!$A$2:$A27,$C$3),) -> 0.33333333 | AI15: =iferror(SUMIFS('Post Plants'!$F$2:$F27,'Post Plants'!$B$2:$B27,AC15:AC23)/SUMIFS('Post Plants'!$D$2:$D27,'Post Plants'!$B$2:$B27,AC15:AC23),) -> 0.75221239 | AJ15: {=XLOOKUP($C$3,'Post Ranking'!O3:O27,'Post Ranking'!$F$3:$F27)} -> 10 | AK15: {=SUMIFS('Post Plants'!$J$2:$J27,'Post Plants'!$B$2:$B27,AC15:AC23,'Post Plants'!$A$2:$A27,$C$3)} -> 6 | AL15: 10 | AM15: 6 | AN15: =iferror(SUMIFS('Post Plants'!$L$2:$L27,'Post Plants'!$B$2:$B27,AC15:AC23,'Post Plants'!$A$2:$A27,$C$3)/SUMIFS('Post Plants'!$J$2:$J27,'Post Plants'!$B$2:$B27,AC15:AC23,'Post Plants'!$A$2:$A27,$C$3),) -> 0.5 | AO15: =iferror(SUMIFS('Post Plants'!$L$2:$L27,'Post Plants'!$B$2:$B27,AC15:AC23)/SUMIFS('Post Plants'!$J$2:$J27,'Post Plants'!$B$2:$B27,AC15:AC23),) -> 0.32291667 | AP15: {=XLOOKUP(C3,'Post Ranking'!Z3:Z27,'Post Ranking'!F3:F27)} -> 2
C16: All Maps | J16: =SUM(J7:J15) -> 31 | K16: =SUM(K7:K15) -> 18 | L16: =SUM(L7:L15) -> 13 | M16: =SUM(SelectedTeamStats!I2:I27)/(SUM(SelectedTeamStats!I2:I27)+sum(SelectedTeamStats!J2:J27)) -> 0.55226209 | N16: =SUM(SelectedTeamStats!O2:O27)/(SUM(SelectedTeamStats!O2:O27)+sum(SelectedTeamStats!P2:P27)) -> 0.48717949 | O16: =SUM(SelectedTeamStats!Q2:Q27)/(SUM(SelectedTeamStats!Q2:Q27)+sum(SelectedTeamStats!R2:R27)) -> 0.61398176 | P16: =sum(SelectedTeamStats!M2:N27)/(SUM(SelectedTeamStats!M2:N27)+SUM(SelectedTeamStats!S2:T27)) -> 0.56451613 | Q16: =sum(SelectedTeamStats!M2:M27)/(SUM(SelectedTeamStats!M2:M27)+SUM(SelectedTeamStats!T2:T27)) -> 0.4516129 | R16: =sum(SelectedTeamStats!N2:N27)/(SUM(SelectedTeamStats!N2:N27)+SUM(SelectedTeamStats!S2:S27)) -> 0.67741935 | S16: =SUMIFS('Gun v Gun'!$C$2:$C27,'Gun v Gun'!$A$2:$A27,$C$3)/(SUMIFS('Gun v Gun'!$C$2:$C27,'Gun v Gun'!$A$2:$A27,$C$3)+SUMIFS('Gun v Gun'!$D$2:$D27,'Gun v Gun'!$A$2:$A27,$C$3)) -> 0.5625 | T16: =SUMIFS('Gun v Gun'!$C$2:$C27,'Gun v Gun'!$A$2:$A27,$C$3,'Gun v Gun'!$F$2:$F27,"atk")/(SUMIFS('Gun v Gun'!$C$2:$C27,'Gun v Gun'!$A$2:$A27,$C$3,'Gun v Gun'!$F$2:$F27,"atk")+SUMIFS('Gun v Gun'!$D$2:$D27,'Gun v Gun'!$A$2:$A27,$C$3,'Gun v Gun'!$F$2:$F27,"atk")) -> 0.51627907 | U16: =SUMIFS('Gun v Gun'!$C$2:$C27,'Gun v Gun'!$A$2:$A27,$C$3,'Gun v Gun'!$F$2:$F27,"def")/(SUMIFS('Gun v Gun'!$C$2:$C27,'Gun v Gun'!$A$2:$A27,$C$3,'Gun v Gun'!$F$2:$F27,"def")+SUMIFS('Gun v Gun'!$D$2:$D27,'Gun v Gun'!$A$2:$A27,$C$3,'Gun v Gun'!$F$2:$F27,"def")) -> 0.60515021 | V16: =SUMIFS(Antieco!$C$2:$C27,Antieco!$A$2:$A27,$C$3)/(SUMIFS(Antieco!$C$2:$C27,Antieco!$A$2:$A27,$C$3)+SUMIFS(Antieco!$D$2:$D27,Antieco!$A$2:$A27,$C$3)) -> 0.82857143 | W16: =SUMIFS(Antieco!$C$2:$C27,Antieco!$A$2:$A27,$C$3,Antieco!$F$2:$F27,"atk")/(SUMIFS(Antieco!$C$2:$C27,Antieco!$A$2:$A27,$C$3,Antieco!$F$2:$F27,"atk")+SUMIFS(Antieco!$D$2:$D27,Antieco!$A$2:$A27,$C$3,Antieco!$F$2:$F27,"atk")) -> 0.84615385 | X16: =SUMIFS(Antieco!$C$2:$C27,Antieco!$A$2:$A27,$C$3,Antieco!$F$2:$F27,"def")/(SUMIFS(Antieco!$C$2:$C27,Antieco!$A$2:$A27,$C$3,Antieco!$F$2:$F27,"def")+SUMIFS(Antieco!$D$2:$D27,Antieco!$A$2:$A27,$C$3,Antieco!$F$2:$F27,"def")) -> 0.80645161 | Y16: =SUMIFS(ecos!$C$2:$C27,ecos!$A$2:$A27,$C$3)/(SUMIFS(ecos!$C$2:$C27,ecos!$A$2:$A27,$C$3)+SUMIFS(ecos!$D$2:$D27,ecos!$A$2:$A27,$C$3)) -> 0.14754098 | Z16: =SUMIFS(ecos!$C$2:$C27,ecos!$A$2:$A27,$C$3,ecos!$F$2:$F27,"atk")/(SUMIFS(ecos!$C$2:$C27,ecos!$A$2:$A27,$C$3,ecos!$F$2:$F27,"atk")+SUMIFS(ecos!$D$2:$D27,ecos!$A$2:$A27,$C$3,ecos!$F$2:$F27,"atk")) -> 0.057142857 | AA16: =SUMIFS(ecos!$C$2:$C27,ecos!$A$2:$A27,$C$3,ecos!$F$2:$F27,"def")/(SUMIFS(ecos!$C$2:$C27,ecos!$A$2:$A27,$C$3,ecos!$F$2:$F27,"def")+SUMIFS(ecos!$D$2:$D27,ecos!$A$2:$A27,$C$3,ecos!$F$2:$F27,"def")) -> 0.26923077 | AC16: All Maps | AE16: =SUM(AE7:AE15) -> 198 | AF16: =SUM(AF7:AF15) -> 312 | AG16: =AE16/J16 -> 6.3870968 | AH16: =SUMIF('Post Plants'!A2:A27,C3,'Post Plants'!F2:F27)/SUMIF('Post Plants'!A2:A27,C3,'Post Plants'!D2:D27) -> 0.65151515 | AI16: =SUM('Post Plants'!F2:F27)/SUM('Post Plants'!D2:D27) -> 0.71555384 | AJ16: {=XLOOKUP(C3,'Post Rank General'!F2:F27,'Post Rank General'!E2:E27)} -> 13 | AK16: =SUM(AK7:AK15) -> 190 | AL16: =SUM(AL7:AL15) -> 329 | AM16: =AK16/J16 -> 6.1290323 | AN16: =SUMIF('Post Plants'!A2:A27,C3,'Post Plants'!L2:L27)/SUMIF('Post Plants'!A2:A27,C3,'Post Plants'!J2:J27) -> 0.40526316 | AO16: =SUM('Post Plants'!L2:L27)/SUM('Post Plants'!J2:J27) -> 0.36208369 | AP16: {=XLOOKUP(C3,'Post Rank General'!G2:G27,'Post Rank General'!E2:E27)} -> 3
C18: Statistics Per Player | S18: Team XvY | Z18: Team XvY vs Attending Average | AG18: Attending Team Average
C19: Players | D19: Agents | I19: r | J19: K/D | K19: KA/D | L19: KAST | M19: fk/r | N19: fd/r | O19: fk/fd | P19: CL% | Q19: AWP% | S19: X v Y | T19: 5 | U19: 4 | V19: 3 | W19: 2 | X19: 1 | Z19: X v Y | AA19: 5 | AB19: 4 | AC19: 3 | AD19: 2 | AE19: 1 | AG19: X v Y | AH19: 5 | AI19: 4 | AJ19: 3 | AK19: 2 | AL19: 1
C20: =IFERROR(__xludf.DUMMYFUNCTION("FILTER('Player Stats'!B2:B27,REGEXMATCH('Player Stats'!A2:A27,C3))"),"GSR") -> GSR | D20: =IFERROR(__xludf.DUMMYFUNCTION("arrayformula(xlookup(split(JOIN("","",QUERY(Picks!$A$2:$F27, ""select C where A = '""&C20&""' order by F desc limit 5"")),"",""),Assets!$A$2:$A$28,Assets!$C$2:$C$28,))"),"") | E20: =IFERROR(__xludf.DUMMYFUNCTION("""COMPUTED_VALUE"""),"") | F20: =IFERROR(__xludf.DUMMYFUNCTION("""COMPUTED_VALUE"""),"") | G20: =IFERROR(__xludf.DUMMYFUNCTION("""COMPUTED_VALUE"""),"") | H20: =IFERROR(__xludf.DUMMYFUNCTION("""COMPUTED_VALUE"""),"") | I20: {=XLOOKUP(C20:C26,'Player Stats'!B2:B27,'Player Stats'!E2:E27,)} -> 641 | J20: {=XLOOKUP(C20:C26,'Player Stats'!B2:B27,'Player Stats'!K2:K27,)} -> 1.2273782 | K20: {=XLOOKUP(C20:C26,'Player Stats'!B2:B27,'Player Stats'!L2:L27,)} -> 1.6542923 | L20: {=XLOOKUP(C20:C27,'Player Stats'!B2:B27,'Player Stats'!T2:T27,)} -> 0.75 | M20: {=XLOOKUP(C20:C26,'Player Stats'!B2:B27,'Player Stats'!N2:N27,)} -> 0.15132605 | N20: {=XLOOKUP(C20:C26,'Player Stats'!B2:B27,'Player Stats'!O2:O27,)} -> 0.12636505 | O20: {=XLOOKUP(C20:C26,'Player Stats'!B2:B27,'Player Stats'!P2:P27,)} -> 0.54494382 | P20: {=XLOOKUP(C20:C26,'Player Stats'!B2:B27,'Player Stats'!S2:S27,)} -> 0.17777778 | Q20: {=iferror(XLOOKUP(C20:C26,Guns!G2:G27,Guns!L2:L27)/100,"")} -> 0.0546 | S20: 5 | T20: =SUM(SelectedTeamStats!I2:I27)/(SUM(SelectedTeamStats!I2:I27)+sum(SelectedTeamStats!J2:J27)) -> 0.55226209 | U20: =SUMIFS(XvY!$F$2:$F27,XvY!$A$2:$A27,$C$3,XvY!$C$2:$C27,$S20,XvY!$D$2:$D27,U$19)/(SUMIFS(XvY!$F$2:$F27,XvY!$A$2:$A27,$C$3,XvY!$C$2:$C27,$S20,XvY!$D$2:$D27,U$19)+SUMIFS(XvY!$G$2:$G27,XvY!$A$2:$A27,$C$3,XvY!$C$2:$C27,$S20,XvY!$D$2:$D27,U$19)) -> 0.79032258 | V20: =SUMIFS(XvY!$F$2:$F27,XvY!$A$2:$A27,$C$3,XvY!$C$2:$C27,$S20,XvY!$D$2:$D27,V$19)/(SUMIFS(XvY!$F$2:$F27,XvY!$A$2:$A27,$C$3,XvY!$C$2:$C27,$S20,XvY!$D$2:$D27,V$19)+SUMIFS(XvY!$G$2:$G27,XvY!$A$2:$A27,$C$3,XvY!$C$2:$C27,$S20,XvY!$D$2:$D27,V$19)) -> 0.97777778 | W20: =SUMIFS(XvY!$F$2:$F27,XvY!$A$2:$A27,$C$3,XvY!$C$2:$C27,$S20,XvY!$D$2:$D27,W$19)/(SUMIFS(XvY!$F$2:$F27,XvY!$A$2:$A27,$C$3,XvY!$C$2:$C27,$S20,XvY!$D$2:$D27,W$19)+SUMIFS(XvY!$G$2:$G27,XvY!$A$2:$A27,$C$3,XvY!$C$2:$C27,$S20,XvY!$D$2:$D27,W$19)) -> 1 | X20: =SUMIFS(XvY!$F$2:$F27,XvY!$A$2:$A27,$C$3,XvY!$C$2:$C27,$S20,XvY!$D$2:$D27,X$19)/(SUMIFS(XvY!$F$2:$F27,XvY!$A$2:$A27,$C$3,XvY!$C$2:$C27,$S20,XvY!$D$2:$D27,X$19)+SUMIFS(XvY!$G$2:$G27,XvY!$A$2:$A27,$C$3,XvY!$C$2:$C27,$S20,XvY!$D$2:$D27,X$19)) -> 1 | Z20: 5 | AA20: =T20-AH20 -> 0.0042257594 | AB20: =U20-AI20 -> 0.024481204 | AC20: =V20-AJ20 -> 0.067842773 | AD20: =W20-AK20 -> 0.017175573 | AE20: =X20-AL20 -> 0 | AG20: 5 | AH20: =SUM('5v5'!I2:I27)/(SUM('5v5'!I2:J27)) -> 0.54803633 | AI20: =SUMIFS(XvY!$F$2:$F27,XvY!$C$2:$C27,$S20,XvY!$D$2:$D27,U$19)/(SUMIFS(XvY!$F$2:$F27,XvY!$C$2:$C27,$S20,XvY!$D$2:$D27,U$19)+SUMIFS(XvY!$G$2:$G27,XvY!$C$2:$C27,$S20,XvY!$D$2:$D27,U$19)) -> 0.76584138 | AJ20: =SUMIFS(XvY!$F$2:$F27,XvY!$C$2:$C27,$S20,XvY!$D$2:$D27,V$19)/(SUMIFS(XvY!$F$2:$F27,XvY!$C$2:$C27,$S20,XvY!$D$2:$D27,V$19)+SUMIFS(XvY!$G$2:$G27,XvY!$C$2:$C27,$S20,XvY!$D$2:$D27,V$19)) -> 0.909935 | AK20: =SUMIFS(XvY!$F$2:$F27,XvY!$C$2:$C27,$S20,XvY!$D$2:$D27,W$19)/(SUMIFS(XvY!$F$2:$F27,XvY!$C$2:$C27,$S20,XvY!$D$2:$D27,W$19)+SUMIFS(XvY!$G$2:$G27,XvY!$C$2:$C27,$S20,XvY!$D$2:$D27,W$19)) -> 0.98282443 | AL20: =SUMIFS(XvY!$F$2:$F27,XvY!$C$2:$C27,$S20,XvY!$D$2:$D27,X$19)/(SUMIFS(XvY!$F$2:$F27,XvY!$C$2:$C27,$S20,XvY!$D$2:$D27,X$19)+SUMIFS(XvY!$G$2:$G27,XvY!$C$2:$C27,$S20,XvY!$D$2:$D27,X$19)) -> 1
C21: =IFERROR(__xludf.DUMMYFUNCTION("""COMPUTED_VALUE"""),"rexxtoned") -> rexxtoned | D21: =IFERROR(__xludf.DUMMYFUNCTION("arrayformula(xlookup(split(JOIN("","",QUERY(Picks!$A$2:$F27, ""select C where A = '""&C21&""' order by F desc limit 5"")),"",""),Assets!$A$2:$A$28,Assets!$C$2:$C$28,))"),"") | E21: =IFERROR(__xludf.DUMMYFUNCTION("""COMPUTED_VALUE"""),"") | F21: =IFERROR(__xludf.DUMMYFUNCTION("""COMPUTED_VALUE"""),"") | G21: =IFERROR(__xludf.DUMMYFUNCTION("""COMPUTED_VALUE"""),"") | I21: 641 | J21: 1.2779221 | K21: 1.6571429 | L21: 0.75 | M21: 0.071762871 | N21: 0.054602184 | O21: 0.56790123 | P21: 0.12359551 | S21: 4 | T21: =SUMIFS(XvY!$F$2:$F27,XvY!$A$2:$A27,$C$3,XvY!$C$2:$C27,$S21,XvY!$D$2:$D27,T$19)/(SUMIFS(XvY!$F$2:$F27,XvY!$A$2:$A27,$C$3,XvY!$C$2:$C27,$S21,XvY!$D$2:$D27,T$19)+SUMIFS(XvY!$G$2:$G27,XvY!$A$2:$A27,$C$3,XvY!$C$2:$C27,$S21,XvY!$D$2:$D27,T$19)) -> 0.33701657 | U21: =SUMIFS(XvY!$F$2:$F27,XvY!$A$2:$A27,$C$3,XvY!$C$2:$C27,$S21,XvY!$D$2:$D27,U$19)/(SUMIFS(XvY!$F$2:$F27,XvY!$A$2:$A27,$C$3,XvY!$C$2:$C27,$S21,XvY!$D$2:$D27,U$19)+SUMIFS(XvY!$G$2:$G27,XvY!$A$2:$A27,$C$3,XvY!$C$2:$C27,$S21,XvY!$D$2:$D27,U$19)) -> 0.53846154 | V21: =SUMIFS(XvY!$F$2:$F27,XvY!$A$2:$A27,$C$3,XvY!$C$2:$C27,$S21,XvY!$D$2:$D27,V$19)/(SUMIFS(XvY!$F$2:$F27,XvY!$A$2:$A27,$C$3,XvY!$C$2:$C27,$S21,XvY!$D$2:$D27,V$19)+SUMIFS(XvY!$G$2:$G27,XvY!$A$2:$A27,$C$3,XvY!$C$2:$C27,$S21,XvY!$D$2:$D27,V$19)) -> 0.81521739 | W21: =SUMIFS(XvY!$F$2:$F27,XvY!$A$2:$A27,$C$3,XvY!$C$2:$C27,$S21,XvY!$D$2:$D27,W$19)/(SUMIFS(XvY!$F$2:$F27,XvY!$A$2:$A27,$C$3,XvY!$C$2:$C27,$S21,XvY!$D$2:$D27,W$19)+SUMIFS(XvY!$G$2:$G27,XvY!$A$2:$A27,$C$3,XvY!$C$2:$C27,$S21,XvY!$D$2:$D27,W$19)) -> 0.98648649 | X21: =SUMIFS(XvY!$F$2:$F27,XvY!$A$2:$A27,$C$3,XvY!$C$2:$C27,$S21,XvY!$D$2:$D27,X$19)/(SUMIFS(XvY!$F$2:$F27,XvY!$A$2:$A27,$C$3,XvY!$C$2:$C27,$S21,XvY!$D$2:$D27,X$19)+SUMIFS(XvY!$G$2:$G27,XvY!$A$2:$A27,$C$3,XvY!$C$2:$C27,$S21,XvY!$D$2:$D27,X$19)) -> 1 | Z21: 4 | AA21: =T21-AH21 -> 0.024801442 | AB21: =U21-AI21 -> 0.0016928858 | AC21: =V21-AJ21 -> 0.03035982 | AD21: =W21-AK21 -> 0.036116898 | AE21: =X21-AL21 -> 0 | AG21: 4 | AH21: =SUMIFS(XvY!$F$2:$F27,XvY!$C$2:$C27,$S21,XvY!$D$2:$D27,T$19)/(SUMIFS(XvY!$F$2:$F27,XvY!$C$2:$C27,$S21,XvY!$D$2:$D27,T$19)+SUMIFS(XvY!$G$2:$G27,XvY!$C$2:$C27,$S21,XvY!$D$2:$D27,T$19)) -> 0.31221513 | AI21: =SUMIFS(XvY!$F$2:$F27,XvY!$C$2:$C27,$S21,XvY!$D$2:$D27,U$19)/(SUMIFS(XvY!$F$2:$F27,XvY!$C$2:$C27,$S21,XvY!$D$2:$D27,U$19)+SUMIFS(XvY!$G$2:$G27,XvY!$C$2:$C27,$S21,XvY!$D$2:$D27,U$19)) -> 0.53676865 | AJ21: =SUMIFS(XvY!$F$2:$F27,XvY!$C$2:$C27,$S21,XvY!$D$2:$D27,V$19)/(SUMIFS(XvY!$F$2:$F27,XvY!$C$2:$C27,$S21,XvY!$D$2:$D27,V$19)+SUMIFS(XvY!$G$2:$G27,XvY!$C$2:$C27,$S21,XvY!$D$2:$D27,V$19)) -> 0.78485757 | AK21: =SUMIFS(XvY!$F$2:$F27,XvY!$C$2:$C27,$S21,XvY!$D$2:$D27,W$19)/(SUMIFS(XvY!$F$2:$F27,XvY!$C$2:$C27,$S21,XvY!$D$2:$D27,W$19)+SUMIFS(XvY!$G$2:$G27,XvY!$C$2:$C27,$S21,XvY!$D$2:$D27,W$19)) -> 0.95036959 | AL21: =SUMIFS(XvY!$F$2:$F27,XvY!$C$2:$C27,$S21,XvY!$D$2:$D27,X$19)/(SUMIFS(XvY!$F$2:$F27,XvY!$C$2:$C27,$S21,XvY!$D$2:$D27,X$19)+SUMIFS(XvY!$G$2:$G27,XvY!$C$2:$C27,$S21,XvY!$D$2:$D27,X$19)) -> 1
C22: =IFERROR(__xludf.DUMMYFUNCTION("""COMPUTED_VALUE"""),"Donatello") -> Donatello | D22: =IFERROR(__xludf.DUMMYFUNCTION("arrayformula(xlookup(split(JOIN("","",QUERY(Picks!$A$2:$F27, ""select C where A = '""&C22&""' order by F desc limit 5"")),"",""),Assets!$A$2:$A$28,Assets!$C$2:$C$28,))"),"") | E22: =IFERROR(__xludf.DUMMYFUNCTION("""COMPUTED_VALUE"""),"") | F22: =IFERROR(__xludf.DUMMYFUNCTION("""COMPUTED_VALUE"""),"") | G22: =IFERROR(__xludf.DUMMYFUNCTION("""COMPUTED_VALUE"""),"") | H22: =IFERROR(__xludf.DUMMYFUNCTION("""COMPUTED_VALUE"""),"") | I22: 641 | J22: 0.98964803 | K22: 1.2277433 | L22: 0.67 | M22: 0.1700468 | N22: 0.17316693 | O22: 0.49545455 | P22: 0.10810811 | Q22: 0.0234 | S22: 3 | T22: =SUMIFS(XvY!$F$2:$F27,XvY!$A$2:$A27,$C$3,XvY!$C$2:$C27,$S22,XvY!$D$2:$D27,T$19)/(SUMIFS(XvY!$F$2:$F27,XvY!$A$2:$A27,$C$3,XvY!$C$2:$C27,$S22,XvY!$D$2:$D27,T$19)+SUMIFS(XvY!$G$2:$G27,XvY!$A$2:$A27,$C$3,XvY!$C$2:$C27,$S22,XvY!$D$2:$D27,T$19)) -> 0.080645161 | U22: =SUMIFS(XvY!$F$2:$F27,XvY!$A$2:$A27,$C$3,XvY!$C$2:$C27,$S22,XvY!$D$2:$D27,U$19)/(SUMIFS(XvY!$F$2:$F27,XvY!$A$2:$A27,$C$3,XvY!$C$2:$C27,$S22,XvY!$D$2:$D27,U$19)+SUMIFS(XvY!$G$2:$G27,XvY!$A$2:$A27,$C$3,XvY!$C$2:$C27,$S22,XvY!$D$2:$D27,U$19)) -> 0.20792079 | V22: =SUMIFS(XvY!$F$2:$F27,XvY!$A$2:$A27,$C$3,XvY!$C$2:$C27,$S22,XvY!$D$2:$D27,V$19)/(SUMIFS(XvY!$F$2:$F27,XvY!$A$2:$A27,$C$3,XvY!$C$2:$C27,$S22,XvY!$D$2:$D27,V$19)+SUMIFS(XvY!$G$2:$G27,XvY!$A$2:$A27,$C$3,XvY!$C$2:$C27,$S22,XvY!$D$2:$D27,V$19)) -> 0.49504951 | W22: =SUMIFS(XvY!$F$2:$F27,XvY!$A$2:$A27,$C$3,XvY!$C$2:$C27,$S22,XvY!$D$2:$D27,W$19)/(SUMIFS(XvY!$F$2:$F27,XvY!$A$2:$A27,$C$3,XvY!$C$2:$C27,$S22,XvY!$D$2:$D27,W$19)+SUMIFS(XvY!$G$2:$G27,XvY!$A$2:$A27,$C$3,XvY!$C$2:$C27,$S22,XvY!$D$2:$D27,W$19)) -> 0.86153846 | X22: =SUMIFS(XvY!$F$2:$F27,XvY!$A$2:$A27,$C$3,XvY!$C$2:$C27,$S22,XvY!$D$2:$D27,X$19)/(SUMIFS(XvY!$F$2:$F27,XvY!$A$2:$A27,$C$3,XvY!$C$2:$C27,$S22,XvY!$D$2:$D27,X$19)+SUMIFS(XvY!$G$2:$G27,XvY!$A$2:$A27,$C$3,XvY!$C$2:$C27,$S22,XvY!$D$2:$D27,X$19)) -> 0.98630137 | Z22: 3 | AA22: =T22-AH22 -> -0.054122676 | AB22: =U22-AI22 -> -0.071914599 | AC22: =V22-AJ22 -> -0.043610289 | AD22: =W22-AK22 -> 0.058063977 | AE22: =X22-AL22 -> 0.00013784785 | AG22: 3 | AH22: =SUMIFS(XvY!$F$2:$F27,XvY!$C$2:$C27,$S22,XvY!$D$2:$D27,T$19)/(SUMIFS(XvY!$F$2:$F27,XvY!$C$2:$C27,$S22,XvY!$D$2:$D27,T$19)+SUMIFS(XvY!$G$2:$G27,XvY!$C$2:$C27,$S22,XvY!$D$2:$D27,T$19)) -> 0.13476784 | AI22: =SUMIFS(XvY!$F$2:$F27,XvY!$C$2:$C27,$S22,XvY!$D$2:$D27,U$19)/(SUMIFS(XvY!$F$2:$F27,XvY!$C$2:$C27,$S22,XvY!$D$2:$D27,U$19)+SUMIFS(XvY!$G$2:$G27,XvY!$C$2:$C27,$S22,XvY!$D$2:$D27,U$19)) -> 0.27983539 | AJ22: =SUMIFS(XvY!$F$2:$F27,XvY!$C$2:$C27,$S22,XvY!$D$2:$D27,V$19)/(SUMIFS(XvY!$F$2:$F27,XvY!$C$2:$C27,$S22,XvY!$D$2:$D27,V$19)+SUMIFS(XvY!$G$2:$G27,XvY!$C$2:$C27,$S22,XvY!$D$2:$D27,V$19)) -> 0.53865979 | AK22: =SUMIFS(XvY!$F$2:$F27,XvY!$C$2:$C27,$S22,XvY!$D$2:$D27,W$19)/(SUMIFS(XvY!$F$2:$F27,XvY!$C$2:$C27,$S22,XvY!$D$2:$D27,W$19)+SUMIFS(XvY!$G$2:$G27,XvY!$C$2:$C27,$S22,XvY!$D$2:$D27,W$19)) -> 0.80347448 | AL22: =SUMIFS(XvY!$F$2:$F27,XvY!$C$2:$C27,$S22,XvY!$D$2:$D27,X$19)/(SUMIFS(XvY!$F$2:$F27,XvY!$C$2:$C27,$S22,XvY!$D$2:$D27,X$19)+SUMIFS(XvY!$G$2:$G27,XvY!$C$2:$C27,$S22,XvY!$D$2:$D27,X$19)) -> 0.98616352
C23: =IFERROR(__xludf.DUMMYFUNCTION("""COMPUTED_VALUE"""),"NINJA") -> NINJA | D23: =IFERROR(__xludf.DUMMYFUNCTION("arrayformula(xlookup(split(JOIN("","",QUERY(Picks!$A$2:$F27, ""select C where A = '""&C23&""' order by F desc limit 5"")),"",""),Assets!$A$2:$A$28,Assets!$C$2:$C$28,))"),"") | E23: =IFERROR(__xludf.DUMMYFUNCTION("""COMPUTED_VALUE"""),"") | F23: =IFERROR(__xludf.DUMMYFUNCTION("""COMPUTED_VALUE"""),"") | G23: =IFERROR(__xludf.DUMMYFUNCTION("""COMPUTED_VALUE"""),"") | I23: 641 | J23: 1.1167883 | K23: 1.5863747 | L23: 0.75 | M23: 0.070202808 | N23: 0.067082683 | O23: 0.51136364 | P23: 0.13580247 | Q23: 0.0062 | S23: 2 | T23: =SUMIFS(XvY!$F$2:$F27,XvY!$A$2:$A27,$C$3,XvY!$C$2:$C27,$S23,XvY!$D$2:$D27,T$19)/(SUMIFS(XvY!$F$2:$F27,XvY!$A$2:$A27,$C$3,XvY!$C$2:$C27,$S23,XvY!$D$2:$D27,T$19)+SUMIFS(XvY!$G$2:$G27,XvY!$A$2:$A27,$C$3,XvY!$C$2:$C27,$S23,XvY!$D$2:$D27,T$19)) -> 0.03125 | U23: =SUMIFS(XvY!$F$2:$F27,XvY!$A$2:$A27,$C$3,XvY!$C$2:$C27,$S23,XvY!$D$2:$D27,U$19)/(SUMIFS(XvY!$F$2:$F27,XvY!$A$2:$A27,$C$3,XvY!$C$2:$C27,$S23,XvY!$D$2:$D27,U$19)+SUMIFS(XvY!$G$2:$G27,XvY!$A$2:$A27,$C$3,XvY!$C$2:$C27,$S23,XvY!$D$2:$D27,U$19)) -> 0.044117647 | V23: =SUMIFS(XvY!$F$2:$F27,XvY!$A$2:$A27,$C$3,XvY!$C$2:$C27,$S23,XvY!$D$2:$D27,V$19)/(SUMIFS(XvY!$F$2:$F27,XvY!$A$2:$A27,$C$3,XvY!$C$2:$C27,$S23,XvY!$D$2:$D27,V$19)+SUMIFS(XvY!$G$2:$G27,XvY!$A$2:$A27,$C$3,XvY!$C$2:$C27,$S23,XvY!$D$2:$D27,V$19)) -> 0.20987654 | W23: =SUMIFS(XvY!$F$2:$F27,XvY!$A$2:$A27,$C$3,XvY!$C$2:$C27,$S23,XvY!$D$2:$D27,W$19)/(SUMIFS(XvY!$F$2:$F27,XvY!$A$2:$A27,$C$3,XvY!$C$2:$C27,$S23,XvY!$D$2:$D27,W$19)+SUMIFS(XvY!$G$2:$G27,XvY!$A$2:$A27,$C$3,XvY!$C$2:$C27,$S23,XvY!$D$2:$D27,W$19)) -> 0.47945205 | X23: =SUMIFS(XvY!$F$2:$F27,XvY!$A$2:$A27,$C$3,XvY!$C$2:$C27,$S23,XvY!$D$2:$D27,X$19)/(SUMIFS(XvY!$F$2:$F27,XvY!$A$2:$A27,$C$3,XvY!$C$2:$C27,$S23,XvY!$D$2:$D27,X$19)+SUMIFS(XvY!$G$2:$G27,XvY!$A$2:$A27,$C$3,XvY!$C$2:$C27,$S23,XvY!$D$2:$D27,X$19)) -> 0.86666667 | Z23: 2 | AA23: =T23-AH23 -> 0.003277972 | AB23: =U23-AI23 -> -0.026700424 | AC23: =V23-AJ23 -> -0.050251389 | AD23: =W23-AK23 -> -0.075628159 | AE23: =X23-AL23 -> -0.029674797 | AG23: 2 | AH23: =SUMIFS(XvY!$F$2:$F27,XvY!$C$2:$C27,$S23,XvY!$D$2:$D27,T$19)/(SUMIFS(XvY!$F$2:$F27,XvY!$C$2:$C27,$S23,XvY!$D$2:$D27,T$19)+SUMIFS(XvY!$G$2:$G27,XvY!$C$2:$C27,$S23,XvY!$D$2:$D27,T$19)) -> 0.027972028 | AI23: =SUMIFS(XvY!$F$2:$F27,XvY!$C$2:$C27,$S23,XvY!$D$2:$D27,U$19)/(SUMIFS(XvY!$F$2:$F27,XvY!$C$2:$C27,$S23,XvY!$D$2:$D27,U$19)+SUMIFS(XvY!$G$2:$G27,XvY!$C$2:$C27,$S23,XvY!$D$2:$D27,U$19)) -> 0.070818071 | AJ23: =SUMIFS(XvY!$F$2:$F27,XvY!$C$2:$C27,$S23,XvY!$D$2:$D27,V$19)/(SUMIFS(XvY!$F$2:$F27,XvY!$C$2:$C27,$S23,XvY!$D$2:$D27,V$19)+SUMIFS(XvY!$G$2:$G27,XvY!$C$2:$C27,$S23,XvY!$D$2:$D27,V$19)) -> 0.26012793 | AK23: =SUMIFS(XvY!$F$2:$F27,XvY!$C$2:$C27,$S23,XvY!$D$2:$D27,W$19)/(SUMIFS(XvY!$F$2:$F27,XvY!$C$2:$C27,$S23,XvY!$D$2:$D27,W$19)+SUMIFS(XvY!$G$2:$G27,XvY!$C$2:$C27,$S23,XvY!$D$2:$D27,W$19)) -> 0.55508021 | AL23: =SUMIFS(XvY!$F$2:$F27,XvY!$C$2:$C27,$S23,XvY!$D$2:$D27,X$19)/(SUMIFS(XvY!$F$2:$F27,XvY!$C$2:$C27,$S23,XvY!$D$2:$D27,X$19)+SUMIFS(XvY!$G$2:$G27,XvY!$C$2:$C27,$S23,XvY!$D$2:$D27,X$19)) -> 0.89634146
C24: =IFERROR(__xludf.DUMMYFUNCTION("""COMPUTED_VALUE"""),"Qpert") -> Qpert | D24: =IFERROR(__xludf.DUMMYFUNCTION("arrayformula(xlookup(split(JOIN("","",QUERY(Picks!$A$2:$F27, ""select C where A = '""&C24&""' order by F desc limit 5"")),"",""),Assets!$A$2:$A$28,Assets!$C$2:$C$28,))"),"") | E24: =IFERROR(__xludf.DUMMYFUNCTION("""COMPUTED_VALUE"""),"") | F24: =IFERROR(__xludf.DUMMYFUNCTION("""COMPUTED_VALUE"""),"") | I24: 641 | J24: 1.0230769 | K24: 1.7589744 | L24: 0.77 | M24: 0.057722309 | N24: 0.062402496 | O24: 0.48051948 | P24: 0.21428571 | Q24: 0.0016 | S24: 1 | T24: =SUMIFS(XvY!$F$2:$F27,XvY!$A$2:$A27,$C$3,XvY!$C$2:$C27,$S24,XvY!$D$2:$D27,T$19)/(SUMIFS(XvY!$F$2:$F27,XvY!$A$2:$A27,$C$3,XvY!$C$2:$C27,$S24,XvY!$D$2:$D27,T$19)+SUMIFS(XvY!$G$2:$G27,XvY!$A$2:$A27,$C$3,XvY!$C$2:$C27,$S24,XvY!$D$2:$D27,T$19)) -> 0 | U24: =SUMIFS(XvY!$F$2:$F27,XvY!$A$2:$A27,$C$3,XvY!$C$2:$C27,$S24,XvY!$D$2:$D27,U$19)/(SUMIFS(XvY!$F$2:$F27,XvY!$A$2:$A27,$C$3,XvY!$C$2:$C27,$S24,XvY!$D$2:$D27,U$19)+SUMIFS(XvY!$G$2:$G27,XvY!$A$2:$A27,$C$3,XvY!$C$2:$C27,$S24,XvY!$D$2:$D27,U$19)) -> 0 | V24: =SUMIFS(XvY!$F$2:$F27,XvY!$A$2:$A27,$C$3,XvY!$C$2:$C27,$S24,XvY!$D$2:$D27,V$19)/(SUMIFS(XvY!$F$2:$F27,XvY!$A$2:$A27,$C$3,XvY!$C$2:$C27,$S24,XvY!$D$2:$D27,V$19)+SUMIFS(XvY!$G$2:$G27,XvY!$A$2:$A27,$C$3,XvY!$C$2:$C27,$S24,XvY!$D$2:$D27,V$19)) -> 0 | W24: =SUMIFS(XvY!$F$2:$F27,XvY!$A$2:$A27,$C$3,XvY!$C$2:$C27,$S24,XvY!$D$2:$D27,W$19)/(SUMIFS(XvY!$F$2:$F27,XvY!$A$2:$A27,$C$3,XvY!$C$2:$C27,$S24,XvY!$D$2:$D27,W$19)+SUMIFS(XvY!$G$2:$G27,XvY!$A$2:$A27,$C$3,XvY!$C$2:$C27,$S24,XvY!$D$2:$D27,W$19)) -> 0.068965517 | X24: =SUMIFS(XvY!$F$2:$F27,XvY!$A$2:$A27,$C$3,XvY!$C$2:$C27,$S24,XvY!$D$2:$D27,X$19)/(SUMIFS(XvY!$F$2:$F27,XvY!$A$2:$A27,$C$3,XvY!$C$2:$C27,$S24,XvY!$D$2:$D27,X$19)+SUMIFS(XvY!$G$2:$G27,XvY!$A$2:$A27,$C$3,XvY!$C$2:$C27,$S24,XvY!$D$2:$D27,X$19)) -> 0.5 | Z24: 1 | AA24: =T24-AH24 -> 0 | AB24: =U24-AI24 -> -0.0087719298 | AC24: =V24-AJ24 -> -0.042936288 | AD24: =W24-AK24 -> -0.089345828 | AE24: =X24-AL24 -> -0.042536116 | AG24: 1 | AH24: =SUMIFS(XvY!$F$2:$F27,XvY!$C$2:$C27,$S24,XvY!$D$2:$D27,T$19)/(SUMIFS(XvY!$F$2:$F27,XvY!$C$2:$C27,$S24,XvY!$D$2:$D27,T$19)+SUMIFS(XvY!$G$2:$G27,XvY!$C$2:$C27,$S24,XvY!$D$2:$D27,T$19)) -> 0 | AI24: =SUMIFS(XvY!$F$2:$F27,XvY!$C$2:$C27,$S24,XvY!$D$2:$D27,U$19)/(SUMIFS(XvY!$F$2:$F27,XvY!$C$2:$C27,$S24,XvY!$D$2:$D27,U$19)+SUMIFS(XvY!$G$2:$G27,XvY!$C$2:$C27,$S24,XvY!$D$2:$D27,U$19)) -> 0.0087719298 | AJ24: =SUMIFS(XvY!$F$2:$F27,XvY!$C$2:$C27,$S24,XvY!$D$2:$D27,V$19)/(SUMIFS(XvY!$F$2:$F27,XvY!$C$2:$C27,$S24,XvY!$D$2:$D27,V$19)+SUMIFS(XvY!$G$2:$G27,XvY!$C$2:$C27,$S24,XvY!$D$2:$D27,V$19)) -> 0.042936288 | AK24: =SUMIFS(XvY!$F$2:$F27,XvY!$C$2:$C27,$S24,XvY!$D$2:$D27,W$19)/(SUMIFS(XvY!$F$2:$F27,XvY!$C$2:$C27,$S24,XvY!$D$2:$D27,W$19)+SUMIFS(XvY!$G$2:$G27,XvY!$C$2:$C27,$S24,XvY!$D$2:$D27,W$19)) -> 0.15831135 | AL24: =SUMIFS(XvY!$F$2:$F27,XvY!$C$2:$C27,$S24,XvY!$D$2:$D27,X$19)/(SUMIFS(XvY!$F$2:$F27,XvY!$C$2:$C27,$S24,XvY!$D$2:$D27,X$19)+SUMIFS(XvY!$G$2:$G27,XvY!$C$2:$C27,$S24,XvY!$D$2:$D27,X$19)) -> 0.54253612
D25: =IFERROR(__xludf.DUMMYFUNCTION("arrayformula(xlookup(split(JOIN("","",QUERY(Picks!$A$2:$F27, ""select C where A = '""&C25&""' order by F desc limit 5"")),"",""),Assets!$A$2:$A$28,Assets!$C$2:$C$28,))"),"")
D26: =IFERROR(__xludf.DUMMYFUNCTION("arrayformula(xlookup(split(JOIN("","",QUERY(Picks!$A$2:$F27, ""select C where A = '""&C26&""' order by F desc limit 5"")),"",""),Assets!$A$2:$A$28,Assets!$C$2:$C$28,))"),"")

Sheet Post Ranking
A1: List | G1: Retakes | R1: Post Plants
B2: Team | C2: Map | D2: retake rW% | E2: post rW% | F2: Rank | G2: =IFERROR(__xludf.DUMMYFUNCTION("split(JOIN("","",ARRAYFORMULA('Team View'!AC7:AC16)),"","")"),"Ascent") -> Ascent | H2: =IFERROR(__xludf.DUMMYFUNCTION("""COMPUTED_VALUE"""),"Haven") -> Haven | I2: =IFERROR(__xludf.DUMMYFUNCTION("""COMPUTED_VALUE"""),"Bind") -> Bind | J2: =IFERROR(__xludf.DUMMYFUNCTION("""COMPUTED_VALUE"""),"Icebox") -> Icebox | K2: =IFERROR(__xludf.DUMMYFUNCTION("""COMPUTED_VALUE"""),"Sunset") -> Sunset | L2: =IFERROR(__xludf.DUMMYFUNCTION("""COMPUTED_VALUE"""),"Lotus") -> Lotus | M2: =IFERROR(__xludf.DUMMYFUNCTION("""COMPUTED_VALUE"""),"Corrode") -> Corrode | N2: =IFERROR(__xludf.DUMMYFUNCTION("""COMPUTED_VALUE"""),"Pearl") -> Pearl | O2: =IFERROR(__xludf.DUMMYFUNCTION("""COMPUTED_VALUE"""),"Split") -> Split | P2: =IFERROR(__xludf.DUMMYFUNCTION("""COMPUTED_VALUE"""),"All Maps") -> All Maps | R2: =IFERROR(__xludf.DUMMYFUNCTION("split(JOIN("","",ARRAYFORMULA('Team View'!AC7:AC16)),"","")"),"Ascent") -> Ascent | S2: =IFERROR(__xludf.DUMMYFUNCTION("""COMPUTED_VALUE"""),"Haven") -> Haven | T2: =IFERROR(__xludf.DUMMYFUNCTION("""COMPUTED_VALUE"""),"Bind") -> Bind | U2: =IFERROR(__xludf.DUMMYFUNCTION("""COMPUTED_VALUE"""),"Icebox") -> Icebox | V2: =IFERROR(__xludf.DUMMYFUNCTION("""COMPUTED_VALUE"""),"Sunset") -> Sunset | W2: =IFERROR(__xludf.DUMMYFUNCTION("""COMPUTED_VALUE"""),"Lotus") -> Lotus | X2: =IFERROR(__xludf.DUMMYFUNCTION("""COMPUTED_VALUE"""),"Corrode") -> Corrode | Y2: =IFERROR(__xludf.DUMMYFUNCTION("""COMPUTED_VALUE"""),"Pearl") -> Pearl | Z2: =IFERROR(__xludf.DUMMYFUNCTION("""COMPUTED_VALUE"""),"Split") -> Split | AA2: =IFERROR(__xludf.DUMMYFUNCTION("""COMPUTED_VALUE"""),"All Maps") -> All Maps
A3: {=UNIQUE('Post Plants'!P2:P1001)} -> BBL PCIFIC_Ascent | B3: =IFERROR(__xludf.DUMMYFUNCTION("ARRAYFORMULA( SPLIT(A3:A1001,""_""))"),"BBL PCIFIC") -> BBL PCIFIC | C3: =IFERROR(__xludf.DUMMYFUNCTION("""COMPUTED_VALUE"""),"Ascent") -> Ascent | D3: {=SUMIF('Post Plants'!P2:P1001,A3:A1001,'Post Plants'!F2:F1001)/SUMIF('Post Plants'!P2:P1001,A3:A1001,'Post Plants'!D2:D1001)} -> 1 | E3: {=SUMIF('Post Plants'!P2:P1001,A3:A1001,'Post Plants'!L2:L1001)/SUMIF('Post Plants'!P2:P1001,A3:A1001,'Post Plants'!J2:J1001)} -> 0.66666667 | F3: 1 | G3: =IFERROR(__xludf.DUMMYFUNCTION("QUERY($A$3:$E1001,""select B where C = '""&G2&""' order by D desc"")"),"BBL PCIFIC") -> BBL PCIFIC | H3: =IFERROR(__xludf.DUMMYFUNCTION("QUERY($A$3:$E1001,""select B where C = '""&H2&""' order by D desc"")"),"Enterprise Esports") -> Enterprise Esports | I3: =IFERROR(__xludf.DUMMYFUNCTION("QUERY($A$3:$E1001,""select B where C = '""&I2&""' order by D desc"")"),"Enterprise Esports") -> Enterprise Esports | J3: =IFERROR(__xludf.DUMMYFUNCTION("QUERY($A$3:$E1001,""select B where C = '""&J2&""' order by D desc"")"),"Joblife") -> Joblife | K3: =IFERROR(__xludf.DUMMYFUNCTION("QUERY($A$3:$E1001,""select B where C = '""&K2&""' order by D desc"")"),"děti ulice") -> děti ulice | L3: =IFERROR(__xludf.DUMMYFUNCTION("QUERY($A$3:$E1001,""select B where C = '""&L2&""' order by D desc"")"),"Joblife") -> Joblife | M3: =IFERROR(__xludf.DUMMYFUNCTION("QUERY($A$3:$E1001,""select B where C = '""&M2&""' order by D desc"")"),"KOI Fénix") -> KOI Fénix | N3: =IFERROR(__xludf.DUMMYFUNCTION("QUERY($A$3:$E1001,""select B where C = '""&N2&""' order by D desc"")"),"BBL PCIFIC") -> BBL PCIFIC | O3: =IFERROR(__xludf.DUMMYFUNCTION("QUERY($A$3:$E1001,""select B where C = '""&O2&""' order by D desc"")"),"Eintracht Frankfurt") -> Eintracht Frankfurt | R3: =IFERROR(__xludf.DUMMYFUNCTION("QUERY($A$3:$E1001,""select B where C = '""&R2&""' order by E desc"")"),"BBL PCIFIC") -> BBL PCIFIC | S3: =IFERROR(__xludf.DUMMYFUNCTION("QUERY($A$3:$E1001,""select B where C = '""&S2&""' order by E desc"")"),"Enterprise Esports") -> Enterprise Esports | T3: =IFERROR(__xludf.DUMMYFUNCTION("QUERY($A$3:$E1001,""select B where C = '""&T2&""' order by E desc"")"),"ULF Esports") -> ULF Esports | U3: =IFERROR(__xludf.DUMMYFUNCTION("QUERY($A$3:$E1001,""select B where C = '""&U2&""' order by E desc"")"),"Team Liquid Academy") -> Team Liquid Academy | V3: =IFERROR(__xludf.DUMMYFUNCTION("QUERY($A$3:$E1001,""select B where C = '""&V2&""' order by E desc"")"),"Mandatory") -> Mandatory | W3: =IFERROR(__xludf.DUMMYFUNCTION("QUERY($A$3:$E1001,""select B where C = '""&W2&""' order by E desc"")"),"DNSTY") -> DNSTY | X3: =IFERROR(__xludf.DUMMYFUNCTION("QUERY($A$3:$E1001,""select B where C = '""&X2&""' order by E desc"")"),"ULF Esports") -> ULF Esports | Y3: =IFERROR(__xludf.DUMMYFUNCTION("QUERY($A$3:$E1001,""select B where C = '""&Y2&""' order by E desc"")"),"BBL PCIFIC") -> BBL PCIFIC | Z3: =IFERROR(__xludf.DUMMYFUNCTION("QUERY($A$3:$E1001,""select B where C = '""&Z2&""' order by E desc"")"),"děti ulice") -> děti ulice
A4: BBL PCIFIC_Corrode | B4: =IFERROR(__xludf.DUMMYFUNCTION("""COMPUTED_VALUE"""),"BBL PCIFIC") -> BBL PCIFIC | C4: =IFERROR(__xludf.DUMMYFUNCTION("""COMPUTED_VALUE"""),"Corrode") -> Corrode | D4: 0.66666667 | E4: 0.35714286 | F4: 2 | G4: =IFERROR(__xludf.DUMMYFUNCTION("""COMPUTED_VALUE"""),"ULF Esports") -> ULF Esports | H4: =IFERROR(__xludf.DUMMYFUNCTION("""COMPUTED_VALUE"""),"KOI Fénix") -> KOI Fénix | I4: =IFERROR(__xludf.DUMMYFUNCTION("""COMPUTED_VALUE"""),"The Ultimates") -> The Ultimates | J4: =IFERROR(__xludf.DUMMYFUNCTION("""COMPUTED_VALUE"""),"MOUZ") -> MOUZ | K4: =IFERROR(__xludf.DUMMYFUNCTION("""COMPUTED_VALUE"""),"Joblife") -> Joblife | L4: =IFERROR(__xludf.DUMMYFUNCTION("""COMPUTED_VALUE"""),"ULF Esports") -> ULF Esports | M4: =IFERROR(__xludf.DUMMYFUNCTION("""COMPUTED_VALUE"""),"Eintracht Frankfurt") -> Eintracht Frankfurt | N4: =IFERROR(__xludf.DUMMYFUNCTION("""COMPUTED_VALUE"""),"MOUZ") -> MOUZ | O4: =IFERROR(__xludf.DUMMYFUNCTION("""COMPUTED_VALUE"""),"Twisted Minds Esports") -> Twisted Minds Esports | R4: =IFERROR(__xludf.DUMMYFUNCTION("""COMPUTED_VALUE"""),"Team Liquid Academy") -> Team Liquid Academy | S4: =IFERROR(__xludf.DUMMYFUNCTION("""COMPUTED_VALUE"""),"MOUZ") -> MOUZ | T4: =IFERROR(__xludf.DUMMYFUNCTION("""COMPUTED_VALUE"""),"MOUZ") -> MOUZ | U4: =IFERROR(__xludf.DUMMYFUNCTION("""COMPUTED_VALUE"""),"Twisted Minds Esports") -> Twisted Minds Esports | V4: =IFERROR(__xludf.DUMMYFUNCTION("""COMPUTED_VALUE"""),"KOI Fénix") -> KOI Fénix | W4: =IFERROR(__xludf.DUMMYFUNCTION("""COMPUTED_VALUE"""),"KOI Fénix") -> KOI Fénix | X4: =IFERROR(__xludf.DUMMYFUNCTION("""COMPUTED_VALUE"""),"Enterprise Esports") -> Enterprise Esports | Y4: =IFERROR(__xludf.DUMMYFUNCTION("""COMPUTED_VALUE"""),"MOUZ") -> MOUZ | Z4: =IFERROR(__xludf.DUMMYFUNCTION("""COMPUTED_VALUE"""),"Team Liquid Academy") -> Team Liquid Academy
A5: BBL PCIFIC_Haven | B5: =IFERROR(__xludf.DUMMYFUNCTION("""COMPUTED_VALUE"""),"BBL PCIFIC") -> BBL PCIFIC | C5: =IFERROR(__xludf.DUMMYFUNCTION("""COMPUTED_VALUE"""),"Haven") -> Haven | D5: 0.73684211 | E5: 0.4 | F5: 3 | G5: =IFERROR(__xludf.DUMMYFUNCTION("""COMPUTED_VALUE"""),"Enterprise Esports") -> Enterprise Esports | H5: =IFERROR(__xludf.DUMMYFUNCTION("""COMPUTED_VALUE"""),"DNSTY") -> DNSTY | I5: =IFERROR(__xludf.DUMMYFUNCTION("""COMPUTED_VALUE"""),"Team Liquid Academy") -> Team Liquid Academy | J5: =IFERROR(__xludf.DUMMYFUNCTION("""COMPUTED_VALUE"""),"Boars Gaming") -> Boars Gaming | K5: =IFERROR(__xludf.DUMMYFUNCTION("""COMPUTED_VALUE"""),"Twisted Minds Esports") -> Twisted Minds Esports | L5: =IFERROR(__xludf.DUMMYFUNCTION("""COMPUTED_VALUE"""),"Twisted Minds Esports") -> Twisted Minds Esports | M5: =IFERROR(__xludf.DUMMYFUNCTION("""COMPUTED_VALUE"""),"The Ultimates") -> The Ultimates | N5: =IFERROR(__xludf.DUMMYFUNCTION("""COMPUTED_VALUE"""),"The Ultimates") -> The Ultimates | O5: =IFERROR(__xludf.DUMMYFUNCTION("""COMPUTED_VALUE"""),"BBL PCIFIC") -> BBL PCIFIC | R5: =IFERROR(__xludf.DUMMYFUNCTION("""COMPUTED_VALUE"""),"ULF Esports") -> ULF Esports | S5: =IFERROR(__xludf.DUMMYFUNCTION("""COMPUTED_VALUE"""),"Joblife") -> Joblife | T5: =IFERROR(__xludf.DUMMYFUNCTION("""COMPUTED_VALUE"""),"Enterprise Esports") -> Enterprise Esports | U5: =IFERROR(__xludf.DUMMYFUNCTION("""COMPUTED_VALUE"""),"Boars Gaming") -> Boars Gaming | V5: =IFERROR(__xludf.DUMMYFUNCTION("""COMPUTED_VALUE"""),"DNSTY") -> DNSTY | W5: =IFERROR(__xludf.DUMMYFUNCTION("""COMPUTED_VALUE"""),"Eintracht Frankfurt") -> Eintracht Frankfurt | X5: =IFERROR(__xludf.DUMMYFUNCTION("""COMPUTED_VALUE"""),"KOI Fénix") -> KOI Fénix | Y5: =IFERROR(__xludf.DUMMYFUNCTION("""COMPUTED_VALUE"""),"The Ultimates") -> The Ultimates | Z5: =IFERROR(__xludf.DUMMYFUNCTION("""COMPUTED_VALUE"""),"MOUZ") -> MOUZ
A6: BBL PCIFIC_Icebox | B6: =IFERROR(__xludf.DUMMYFUNCTION("""COMPUTED_VALUE"""),"BBL PCIFIC") -> BBL PCIFIC | C6: =IFERROR(__xludf.DUMMYFUNCTION("""COMPUTED_VALUE"""),"Icebox") -> Icebox | D6: 0.40909091 | E6: 0.25 | F6: 4 | G6: =IFERROR(__xludf.DUMMYFUNCTION("""COMPUTED_VALUE"""),"Mandatory") -> Mandatory | H6: =IFERROR(__xludf.DUMMYFUNCTION("""COMPUTED_VALUE"""),"MOUZ") -> MOUZ | I6: =IFERROR(__xludf.DUMMYFUNCTION("""COMPUTED_VALUE"""),"MOUZ") -> MOUZ | J6: =IFERROR(__xludf.DUMMYFUNCTION("""COMPUTED_VALUE"""),"Twisted Minds Esports") -> Twisted Minds Esports | K6: =IFERROR(__xludf.DUMMYFUNCTION("""COMPUTED_VALUE"""),"Eintracht Frankfurt") -> Eintracht Frankfurt | L6: =IFERROR(__xludf.DUMMYFUNCTION("""COMPUTED_VALUE"""),"MOUZ") -> MOUZ | M6: =IFERROR(__xludf.DUMMYFUNCTION("""COMPUTED_VALUE"""),"Enterprise Esports") -> Enterprise Esports | N6: =IFERROR(__xludf.DUMMYFUNCTION("""COMPUTED_VALUE"""),"Boars Gaming") -> Boars Gaming | O6: =IFERROR(__xludf.DUMMYFUNCTION("""COMPUTED_VALUE"""),"Mandatory") -> Mandatory | R6: =IFERROR(__xludf.DUMMYFUNCTION("""COMPUTED_VALUE"""),"Twisted Minds Esports") -> Twisted Minds Esports | S6: =IFERROR(__xludf.DUMMYFUNCTION("""COMPUTED_VALUE"""),"Twisted Minds Esports") -> Twisted Minds Esports | T6: =IFERROR(__xludf.DUMMYFUNCTION("""COMPUTED_VALUE"""),"DNSTY") -> DNSTY | U6: =IFERROR(__xludf.DUMMYFUNCTION("""COMPUTED_VALUE"""),"Joblife") -> Joblife | V6: =IFERROR(__xludf.DUMMYFUNCTION("""COMPUTED_VALUE"""),"ULF Esports") -> ULF Esports | W6: =IFERROR(__xludf.DUMMYFUNCTION("""COMPUTED_VALUE"""),"Twisted Minds Esports") -> Twisted Minds Esports | X6: =IFERROR(__xludf.DUMMYFUNCTION("""COMPUTED_VALUE"""),"Team Liquid Academy") -> Team Liquid Academy | Y6: =IFERROR(__xludf.DUMMYFUNCTION("""COMPUTED_VALUE"""),"ULF Esports") -> ULF Esports | Z6: =IFERROR(__xludf.DUMMYFUNCTION("""COMPUTED_VALUE"""),"Eintracht Frankfurt") -> Eintracht Frankfurt
A7: BBL PCIFIC_Lotus | B7: =IFERROR(__xludf.DUMMYFUNCTION("""COMPUTED_VALUE"""),"BBL PCIFIC") -> BBL PCIFIC | C7: =IFERROR(__xludf.DUMMYFUNCTION("""COMPUTED_VALUE"""),"Lotus") -> Lotus | D7: 0.6440678 | E7: 0.31578947 | F7: 5 | G7: =IFERROR(__xludf.DUMMYFUNCTION("""COMPUTED_VALUE"""),"Joblife") -> Joblife | H7: =IFERROR(__xludf.DUMMYFUNCTION("""COMPUTED_VALUE"""),"Boars Gaming") -> Boars Gaming | I7: =IFERROR(__xludf.DUMMYFUNCTION("""COMPUTED_VALUE"""),"ULF Esports") -> ULF Esports | J7: =IFERROR(__xludf.DUMMYFUNCTION("""COMPUTED_VALUE"""),"Team Liquid Academy") -> Team Liquid Academy | K7: =IFERROR(__xludf.DUMMYFUNCTION("""COMPUTED_VALUE"""),"ULF Esports") -> ULF Esports | L7: =IFERROR(__xludf.DUMMYFUNCTION("""COMPUTED_VALUE"""),"Eintracht Frankfurt") -> Eintracht Frankfurt | M7: =IFERROR(__xludf.DUMMYFUNCTION("""COMPUTED_VALUE"""),"BBL PCIFIC") -> BBL PCIFIC | N7: =IFERROR(__xludf.DUMMYFUNCTION("""COMPUTED_VALUE"""),"ULF Esports") -> ULF Esports | O7: =IFERROR(__xludf.DUMMYFUNCTION("""COMPUTED_VALUE"""),"ULF Esports") -> ULF Esports | R7: =IFERROR(__xludf.DUMMYFUNCTION("""COMPUTED_VALUE"""),"děti ulice") -> děti ulice | S7: =IFERROR(__xludf.DUMMYFUNCTION("""COMPUTED_VALUE"""),"BBL PCIFIC") -> BBL PCIFIC | T7: =IFERROR(__xludf.DUMMYFUNCTION("""COMPUTED_VALUE"""),"Twisted Minds Esports") -> Twisted Minds Esports | U7: =IFERROR(__xludf.DUMMYFUNCTION("""COMPUTED_VALUE"""),"MOUZ") -> MOUZ | V7: =IFERROR(__xludf.DUMMYFUNCTION("""COMPUTED_VALUE"""),"Twisted Minds Esports") -> Twisted Minds Esports | W7: =IFERROR(__xludf.DUMMYFUNCTION("""COMPUTED_VALUE"""),"Joblife") -> Joblife | X7: =IFERROR(__xludf.DUMMYFUNCTION("""COMPUTED_VALUE"""),"děti ulice") -> děti ulice | Y7: =IFERROR(__xludf.DUMMYFUNCTION("""COMPUTED_VALUE"""),"Boars Gaming") -> Boars Gaming | Z7: =IFERROR(__xludf.DUMMYFUNCTION("""COMPUTED_VALUE"""),"Mandatory") -> Mandatory
A8: BBL PCIFIC_Pearl | B8: =IFERROR(__xludf.DUMMYFUNCTION("""COMPUTED_VALUE"""),"BBL PCIFIC") -> BBL PCIFIC | C8: =IFERROR(__xludf.DUMMYFUNCTION("""COMPUTED_VALUE"""),"Pearl") -> Pearl | D8: 0.90909091 | E8: 0.58333333 | F8: 6 | G8: =IFERROR(__xludf.DUMMYFUNCTION("""COMPUTED_VALUE"""),"děti ulice") -> děti ulice | H8: =IFERROR(__xludf.DUMMYFUNCTION("""COMPUTED_VALUE"""),"Joblife") -> Joblife | I8: =IFERROR(__xludf.DUMMYFUNCTION("""COMPUTED_VALUE"""),"Eintracht Frankfurt") -> Eintracht Frankfurt | J8: =IFERROR(__xludf.DUMMYFUNCTION("""COMPUTED_VALUE"""),"děti ulice") -> děti ulice | K8: =IFERROR(__xludf.DUMMYFUNCTION("""COMPUTED_VALUE"""),"Boars Gaming") -> Boars Gaming | L8: =IFERROR(__xludf.DUMMYFUNCTION("""COMPUTED_VALUE"""),"děti ulice") -> děti ulice | M8: =IFERROR(__xludf.DUMMYFUNCTION("""COMPUTED_VALUE"""),"Mandatory") -> Mandatory | O8: =IFERROR(__xludf.DUMMYFUNCTION("""COMPUTED_VALUE"""),"KOI Fénix") -> KOI Fénix | R8: =IFERROR(__xludf.DUMMYFUNCTION("""COMPUTED_VALUE"""),"DNSTY") -> DNSTY | S8: =IFERROR(__xludf.DUMMYFUNCTION("""COMPUTED_VALUE"""),"The Ultimates") -> The Ultimates | T8: =IFERROR(__xludf.DUMMYFUNCTION("""COMPUTED_VALUE"""),"KOI Fénix") -> KOI Fénix | U8: =IFERROR(__xludf.DUMMYFUNCTION("""COMPUTED_VALUE"""),"The Ultimates") -> The Ultimates | V8: =IFERROR(__xludf.DUMMYFUNCTION("""COMPUTED_VALUE"""),"Joblife") -> Joblife | W8: =IFERROR(__xludf.DUMMYFUNCTION("""COMPUTED_VALUE"""),"Boars Gaming") -> Boars Gaming | X8: =IFERROR(__xludf.DUMMYFUNCTION("""COMPUTED_VALUE"""),"Twisted Minds Esports") -> Twisted Minds Esports | Z8: =IFERROR(__xludf.DUMMYFUNCTION("""COMPUTED_VALUE"""),"ULF Esports") -> ULF Esports
A9: BBL PCIFIC_Split | B9: =IFERROR(__xludf.DUMMYFUNCTION("""COMPUTED_VALUE"""),"BBL PCIFIC") -> BBL PCIFIC | C9: =IFERROR(__xludf.DUMMYFUNCTION("""COMPUTED_VALUE"""),"Split") -> Split | D9: 0.88888889 | E9: 0.25 | F9: 7 | G9: =IFERROR(__xludf.DUMMYFUNCTION("""COMPUTED_VALUE"""),"Team Liquid Academy") -> Team Liquid Academy | H9: =IFERROR(__xludf.DUMMYFUNCTION("""COMPUTED_VALUE"""),"děti ulice") -> děti ulice | I9: =IFERROR(__xludf.DUMMYFUNCTION("""COMPUTED_VALUE"""),"Joblife") -> Joblife | J9: =IFERROR(__xludf.DUMMYFUNCTION("""COMPUTED_VALUE"""),"Mandatory") -> Mandatory | K9: =IFERROR(__xludf.DUMMYFUNCTION("""COMPUTED_VALUE"""),"MOUZ") -> MOUZ | L9: =IFERROR(__xludf.DUMMYFUNCTION("""COMPUTED_VALUE"""),"Boars Gaming") -> Boars Gaming | M9: =IFERROR(__xludf.DUMMYFUNCTION("""COMPUTED_VALUE"""),"MOUZ") -> MOUZ | O9: =IFERROR(__xludf.DUMMYFUNCTION("""COMPUTED_VALUE"""),"děti ulice") -> děti ulice | R9: =IFERROR(__xludf.DUMMYFUNCTION("""COMPUTED_VALUE"""),"KOI Fénix") -> KOI Fénix | S9: =IFERROR(__xludf.DUMMYFUNCTION("""COMPUTED_VALUE"""),"děti ulice") -> děti ulice | T9: =IFERROR(__xludf.DUMMYFUNCTION("""COMPUTED_VALUE"""),"The Ultimates") -> The Ultimates | U9: =IFERROR(__xludf.DUMMYFUNCTION("""COMPUTED_VALUE"""),"Eintracht Frankfurt") -> Eintracht Frankfurt | V9: =IFERROR(__xludf.DUMMYFUNCTION("""COMPUTED_VALUE"""),"BBL PCIFIC") -> BBL PCIFIC | W9: =IFERROR(__xludf.DUMMYFUNCTION("""COMPUTED_VALUE"""),"Mandatory") -> Mandatory | X9: =IFERROR(__xludf.DUMMYFUNCTION("""COMPUTED_VALUE"""),"The Ultimates") -> The Ultimates | Z9: =IFERROR(__xludf.DUMMYFUNCTION("""COMPUTED_VALUE"""),"Twisted Minds Esports") -> Twisted Minds Esports
A10: BBL PCIFIC_Sunset | B10: =IFERROR(__xludf.DUMMYFUNCTION("""COMPUTED_VALUE"""),"BBL PCIFIC") -> BBL PCIFIC | C10: =IFERROR(__xludf.DUMMYFUNCTION("""COMPUTED_VALUE"""),"Sunset") -> Sunset | D10: 0.63888889 | E10: 0.31034483 | F10: 8 | G10: =IFERROR(__xludf.DUMMYFUNCTION("""COMPUTED_VALUE"""),"Twisted Minds Esports") -> Twisted Minds Esports | H10: =IFERROR(__xludf.DUMMYFUNCTION("""COMPUTED_VALUE"""),"BBL PCIFIC") -> BBL PCIFIC | I10: =IFERROR(__xludf.DUMMYFUNCTION("""COMPUTED_VALUE"""),"KOI Fénix") -> KOI Fénix | J10: =IFERROR(__xludf.DUMMYFUNCTION("""COMPUTED_VALUE"""),"ULF Esports") -> ULF Esports | K10: =IFERROR(__xludf.DUMMYFUNCTION("""COMPUTED_VALUE"""),"BBL PCIFIC") -> BBL PCIFIC | L10: =IFERROR(__xludf.DUMMYFUNCTION("""COMPUTED_VALUE"""),"Enterprise Esports") -> Enterprise Esports | M10: =IFERROR(__xludf.DUMMYFUNCTION("""COMPUTED_VALUE"""),"Twisted Minds Esports") -> Twisted Minds Esports | O10: =IFERROR(__xludf.DUMMYFUNCTION("""COMPUTED_VALUE"""),"Boars Gaming") -> Boars Gaming | R10: =IFERROR(__xludf.DUMMYFUNCTION("""COMPUTED_VALUE"""),"Eintracht Frankfurt") -> Eintracht Frankfurt | S10: =IFERROR(__xludf.DUMMYFUNCTION("""COMPUTED_VALUE"""),"Mandatory") -> Mandatory | T10: =IFERROR(__xludf.DUMMYFUNCTION("""COMPUTED_VALUE"""),"Team Liquid Academy") -> Team Liquid Academy | U10: =IFERROR(__xludf.DUMMYFUNCTION("""COMPUTED_VALUE"""),"Mandatory") -> Mandatory | V10: =IFERROR(__xludf.DUMMYFUNCTION("""COMPUTED_VALUE"""),"Boars Gaming") -> Boars Gaming | W10: =IFERROR(__xludf.DUMMYFUNCTION("""COMPUTED_VALUE"""),"Team Liquid Academy") -> Team Liquid Academy | X10: =IFERROR(__xludf.DUMMYFUNCTION("""COMPUTED_VALUE"""),"BBL PCIFIC") -> BBL PCIFIC | Z10: =IFERROR(__xludf.DUMMYFUNCTION("""COMPUTED_VALUE"""),"BBL PCIFIC") -> BBL PCIFIC
A11: Boars Gaming_Ascent | B11: =IFERROR(__xludf.DUMMYFUNCTION("""COMPUTED_VALUE"""),"Boars Gaming") -> Boars Gaming | C11: =IFERROR(__xludf.DUMMYFUNCTION("""COMPUTED_VALUE"""),"Ascent") -> Ascent | D11: 0.33333333 | E11: 0 | F11: 9 | G11: =IFERROR(__xludf.DUMMYFUNCTION("""COMPUTED_VALUE"""),"Eintracht Frankfurt") -> Eintracht Frankfurt | H11: =IFERROR(__xludf.DUMMYFUNCTION("""COMPUTED_VALUE"""),"ULF Esports") -> ULF Esports | I11: =IFERROR(__xludf.DUMMYFUNCTION("""COMPUTED_VALUE"""),"Twisted Minds Esports") -> Twisted Minds Esports | J11: =IFERROR(__xludf.DUMMYFUNCTION("""COMPUTED_VALUE"""),"The Ultimates") -> The Ultimates | K11: =IFERROR(__xludf.DUMMYFUNCTION("""COMPUTED_VALUE"""),"Team Liquid Academy") -> Team Liquid Academy | L11: =IFERROR(__xludf.DUMMYFUNCTION("""COMPUTED_VALUE"""),"KOI Fénix") -> KOI Fénix | M11: =IFERROR(__xludf.DUMMYFUNCTION("""COMPUTED_VALUE"""),"Team Liquid Academy") -> Team Liquid Academy | O11: =IFERROR(__xludf.DUMMYFUNCTION("""COMPUTED_VALUE"""),"MOUZ") -> MOUZ | R11: =IFERROR(__xludf.DUMMYFUNCTION("""COMPUTED_VALUE"""),"The Ultimates") -> The Ultimates | S11: =IFERROR(__xludf.DUMMYFUNCTION("""COMPUTED_VALUE"""),"Team Liquid Academy") -> Team Liquid Academy | T11: =IFERROR(__xludf.DUMMYFUNCTION("""COMPUTED_VALUE"""),"Joblife") -> Joblife | U11: =IFERROR(__xludf.DUMMYFUNCTION("""COMPUTED_VALUE"""),"BBL PCIFIC") -> BBL PCIFIC | V11: =IFERROR(__xludf.DUMMYFUNCTION("""COMPUTED_VALUE"""),"děti ulice") -> děti ulice | W11: =IFERROR(__xludf.DUMMYFUNCTION("""COMPUTED_VALUE"""),"Enterprise Esports") -> Enterprise Esports | X11: =IFERROR(__xludf.DUMMYFUNCTION("""COMPUTED_VALUE"""),"MOUZ") -> MOUZ | Z11: =IFERROR(__xludf.DUMMYFUNCTION("""COMPUTED_VALUE"""),"Boars Gaming") -> Boars Gaming
A12: Boars Gaming_Bind | B12: =IFERROR(__xludf.DUMMYFUNCTION("""COMPUTED_VALUE"""),"Boars Gaming") -> Boars Gaming | C12: =IFERROR(__xludf.DUMMYFUNCTION("""COMPUTED_VALUE"""),"Bind") -> Bind | D12: 0.7 | E12: 0 | F12: 10 | G12: =IFERROR(__xludf.DUMMYFUNCTION("""COMPUTED_VALUE"""),"The Ultimates") -> The Ultimates | H12: =IFERROR(__xludf.DUMMYFUNCTION("""COMPUTED_VALUE"""),"The Ultimates") -> The Ultimates | I12: =IFERROR(__xludf.DUMMYFUNCTION("""COMPUTED_VALUE"""),"Boars Gaming") -> Boars Gaming | J12: =IFERROR(__xludf.DUMMYFUNCTION("""COMPUTED_VALUE"""),"Eintracht Frankfurt") -> Eintracht Frankfurt | K12: =IFERROR(__xludf.DUMMYFUNCTION("""COMPUTED_VALUE"""),"The Ultimates") -> The Ultimates | L12: =IFERROR(__xludf.DUMMYFUNCTION("""COMPUTED_VALUE"""),"Mandatory") -> Mandatory | M12: =IFERROR(__xludf.DUMMYFUNCTION("""COMPUTED_VALUE"""),"ULF Esports") -> ULF Esports | O12: =IFERROR(__xludf.DUMMYFUNCTION("""COMPUTED_VALUE"""),"Team Liquid Academy") -> Team Liquid Academy | R12: =IFERROR(__xludf.DUMMYFUNCTION("""COMPUTED_VALUE"""),"Enterprise Esports") -> Enterprise Esports | S12: =IFERROR(__xludf.DUMMYFUNCTION("""COMPUTED_VALUE"""),"Boars Gaming") -> Boars Gaming | T12: =IFERROR(__xludf.DUMMYFUNCTION("""COMPUTED_VALUE"""),"děti ulice") -> děti ulice | U12: =IFERROR(__xludf.DUMMYFUNCTION("""COMPUTED_VALUE"""),"děti ulice") -> děti ulice | V12: =IFERROR(__xludf.DUMMYFUNCTION("""COMPUTED_VALUE"""),"Eintracht Frankfurt") -> Eintracht Frankfurt | W12: =IFERROR(__xludf.DUMMYFUNCTION("""COMPUTED_VALUE"""),"ULF Esports") -> ULF Esports | X12: =IFERROR(__xludf.DUMMYFUNCTION("""COMPUTED_VALUE"""),"Mandatory") -> Mandatory | Z12: =IFERROR(__xludf.DUMMYFUNCTION("""COMPUTED_VALUE"""),"KOI Fénix") -> KOI Fénix
A13: Boars Gaming_Corrode | B13: =IFERROR(__xludf.DUMMYFUNCTION("""COMPUTED_VALUE"""),"Boars Gaming") -> Boars Gaming | C13: =IFERROR(__xludf.DUMMYFUNCTION("""COMPUTED_VALUE"""),"Corrode") -> Corrode | D13: 0.38461538 | E13: 0.16666667 | F13: 11 | G13: =IFERROR(__xludf.DUMMYFUNCTION("""COMPUTED_VALUE"""),"KOI Fénix") -> KOI Fénix | H13: =IFERROR(__xludf.DUMMYFUNCTION("""COMPUTED_VALUE"""),"Twisted Minds Esports") -> Twisted Minds Esports | I13: =IFERROR(__xludf.DUMMYFUNCTION("""COMPUTED_VALUE"""),"děti ulice") -> děti ulice | J13: =IFERROR(__xludf.DUMMYFUNCTION("""COMPUTED_VALUE"""),"DNSTY") -> DNSTY | K13: =IFERROR(__xludf.DUMMYFUNCTION("""COMPUTED_VALUE"""),"KOI Fénix") -> KOI Fénix | L13: =IFERROR(__xludf.DUMMYFUNCTION("""COMPUTED_VALUE"""),"BBL PCIFIC") -> BBL PCIFIC | M13: =IFERROR(__xludf.DUMMYFUNCTION("""COMPUTED_VALUE"""),"děti ulice") -> děti ulice | O13: =IFERROR(__xludf.DUMMYFUNCTION("""COMPUTED_VALUE"""),"The Ultimates") -> The Ultimates | R13: =IFERROR(__xludf.DUMMYFUNCTION("""COMPUTED_VALUE"""),"Joblife") -> Joblife | S13: =IFERROR(__xludf.DUMMYFUNCTION("""COMPUTED_VALUE"""),"DNSTY") -> DNSTY | T13: =IFERROR(__xludf.DUMMYFUNCTION("""COMPUTED_VALUE"""),"Eintracht Frankfurt") -> Eintracht Frankfurt | U13: =IFERROR(__xludf.DUMMYFUNCTION("""COMPUTED_VALUE"""),"ULF Esports") -> ULF Esports | V13: =IFERROR(__xludf.DUMMYFUNCTION("""COMPUTED_VALUE"""),"Enterprise Esports") -> Enterprise Esports | W13: =IFERROR(__xludf.DUMMYFUNCTION("""COMPUTED_VALUE"""),"BBL PCIFIC") -> BBL PCIFIC | X13: =IFERROR(__xludf.DUMMYFUNCTION("""COMPUTED_VALUE"""),"Eintracht Frankfurt") -> Eintracht Frankfurt | Z13: =IFERROR(__xludf.DUMMYFUNCTION("""COMPUTED_VALUE"""),"The Ultimates") -> The Ultimates
A14: Boars Gaming_Haven | B14: =IFERROR(__xludf.DUMMYFUNCTION("""COMPUTED_VALUE"""),"Boars Gaming") -> Boars Gaming | C14: =IFERROR(__xludf.DUMMYFUNCTION("""COMPUTED_VALUE"""),"Haven") -> Haven | D14: 0.796875 | E14: 0.32258065 | F14: 12 | G14: =IFERROR(__xludf.DUMMYFUNCTION("""COMPUTED_VALUE"""),"DNSTY") -> DNSTY | H14: =IFERROR(__xludf.DUMMYFUNCTION("""COMPUTED_VALUE"""),"Mandatory") -> Mandatory | I14: =IFERROR(__xludf.DUMMYFUNCTION("""COMPUTED_VALUE"""),"DNSTY") -> DNSTY | J14: =IFERROR(__xludf.DUMMYFUNCTION("""COMPUTED_VALUE"""),"BBL PCIFIC") -> BBL PCIFIC | K14: =IFERROR(__xludf.DUMMYFUNCTION("""COMPUTED_VALUE"""),"DNSTY") -> DNSTY | L14: =IFERROR(__xludf.DUMMYFUNCTION("""COMPUTED_VALUE"""),"Team Liquid Academy") -> Team Liquid Academy | M14: =IFERROR(__xludf.DUMMYFUNCTION("""COMPUTED_VALUE"""),"Boars Gaming") -> Boars Gaming | R14: =IFERROR(__xludf.DUMMYFUNCTION("""COMPUTED_VALUE"""),"Mandatory") -> Mandatory | S14: =IFERROR(__xludf.DUMMYFUNCTION("""COMPUTED_VALUE"""),"ULF Esports") -> ULF Esports | T14: =IFERROR(__xludf.DUMMYFUNCTION("""COMPUTED_VALUE"""),"Boars Gaming") -> Boars Gaming | U14: =IFERROR(__xludf.DUMMYFUNCTION("""COMPUTED_VALUE"""),"DNSTY") -> DNSTY | V14: =IFERROR(__xludf.DUMMYFUNCTION("""COMPUTED_VALUE"""),"The Ultimates") -> The Ultimates | W14: =IFERROR(__xludf.DUMMYFUNCTION("""COMPUTED_VALUE"""),"MOUZ") -> MOUZ | X14: =IFERROR(__xludf.DUMMYFUNCTION("""COMPUTED_VALUE"""),"Boars Gaming") -> Boars Gaming
A15: Boars Gaming_Icebox | B15: =IFERROR(__xludf.DUMMYFUNCTION("""COMPUTED_VALUE"""),"Boars Gaming") -> Boars Gaming | C15: =IFERROR(__xludf.DUMMYFUNCTION("""COMPUTED_VALUE"""),"Icebox") -> Icebox | D15: 0.75 | E15: 0.57142857 | F15: 13 | G15: =IFERROR(__xludf.DUMMYFUNCTION("""COMPUTED_VALUE"""),"MOUZ") -> MOUZ | H15: =IFERROR(__xludf.DUMMYFUNCTION("""COMPUTED_VALUE"""),"Eintracht Frankfurt") -> Eintracht Frankfurt | K15: =IFERROR(__xludf.DUMMYFUNCTION("""COMPUTED_VALUE"""),"Mandatory") -> Mandatory | L15: =IFERROR(__xludf.DUMMYFUNCTION("""COMPUTED_VALUE"""),"The Ultimates") -> The Ultimates | R15: =IFERROR(__xludf.DUMMYFUNCTION("""COMPUTED_VALUE"""),"MOUZ") -> MOUZ | S15: =IFERROR(__xludf.DUMMYFUNCTION("""COMPUTED_VALUE"""),"Eintracht Frankfurt") -> Eintracht Frankfurt | V15: =IFERROR(__xludf.DUMMYFUNCTION("""COMPUTED_VALUE"""),"Team Liquid Academy") -> Team Liquid Academy | W15: =IFERROR(__xludf.DUMMYFUNCTION("""COMPUTED_VALUE"""),"děti ulice") -> děti ulice
A16: Boars Gaming_Lotus | B16: =IFERROR(__xludf.DUMMYFUNCTION("""COMPUTED_VALUE"""),"Boars Gaming") -> Boars Gaming | C16: =IFERROR(__xludf.DUMMYFUNCTION("""COMPUTED_VALUE"""),"Lotus") -> Lotus | D16: 0.7195122 | E16: 0.375 | F16: 14 | G16: =IFERROR(__xludf.DUMMYFUNCTION("""COMPUTED_VALUE"""),"Boars Gaming") -> Boars Gaming | H16: =IFERROR(__xludf.DUMMYFUNCTION("""COMPUTED_VALUE"""),"Team Liquid Academy") -> Team Liquid Academy | K16: =IFERROR(__xludf.DUMMYFUNCTION("""COMPUTED_VALUE"""),"Enterprise Esports") -> Enterprise Esports | L16: =IFERROR(__xludf.DUMMYFUNCTION("""COMPUTED_VALUE"""),"DNSTY") -> DNSTY | R16: =IFERROR(__xludf.DUMMYFUNCTION("""COMPUTED_VALUE"""),"Boars Gaming") -> Boars Gaming | S16: =IFERROR(__xludf.DUMMYFUNCTION("""COMPUTED_VALUE"""),"KOI Fénix") -> KOI Fénix | V16: =IFERROR(__xludf.DUMMYFUNCTION("""COMPUTED_VALUE"""),"MOUZ") -> MOUZ | W16: =IFERROR(__xludf.DUMMYFUNCTION("""COMPUTED_VALUE"""),"The Ultimates") -> The Ultimates
A17: Boars Gaming_Pearl | B17: =IFERROR(__xludf.DUMMYFUNCTION("""COMPUTED_VALUE"""),"Boars Gaming") -> Boars Gaming | C17: =IFERROR(__xludf.DUMMYFUNCTION("""COMPUTED_VALUE"""),"Pearl") -> Pearl | D17: 0.77777778 | E17: 0 | F17: 15
A18: Boars Gaming_Split | B18: =IFERROR(__xludf.DUMMYFUNCTION("""COMPUTED_VALUE"""),"Boars Gaming") -> Boars Gaming | C18: =IFERROR(__xludf.DUMMYFUNCTION("""COMPUTED_VALUE"""),"Split") -> Split | D18: 0.7 | E18: 0.2 | F18: 16
A19: Boars Gaming_Sunset | B19: =IFERROR(__xludf.DUMMYFUNCTION("""COMPUTED_VALUE"""),"Boars Gaming") -> Boars Gaming | C19: =IFERROR(__xludf.DUMMYFUNCTION("""COMPUTED_VALUE"""),"Sunset") -> Sunset | D19: 0.69117647 | E19: 0.28125
A20: děti ulice_Ascent | B20: =IFERROR(__xludf.DUMMYFUNCTION("""COMPUTED_VALUE"""),"děti ulice") -> děti ulice | C20: =IFERROR(__xludf.DUMMYFUNCTION("""COMPUTED_VALUE"""),"Ascent") -> Ascent | D20: 0.7826087 | E20: 0.45
A21: děti ulice_Bind | B21: =IFERROR(__xludf.DUMMYFUNCTION("""COMPUTED_VALUE"""),"děti ulice") -> děti ulice | C21: =IFERROR(__xludf.DUMMYFUNCTION("""COMPUTED_VALUE"""),"Bind") -> Bind | D21: 0.68 | E21: 0.23529412
A22: děti ulice_Corrode | B22: =IFERROR(__xludf.DUMMYFUNCTION("""COMPUTED_VALUE"""),"děti ulice") -> děti ulice | C22: =IFERROR(__xludf.DUMMYFUNCTION("""COMPUTED_VALUE"""),"Corrode") -> Corrode | D22: 0.55555556 | E22: 0.42857143
A23: děti ulice_Haven | B23: =IFERROR(__xludf.DUMMYFUNCTION("""COMPUTED_VALUE"""),"děti ulice") -> děti ulice | C23: =IFERROR(__xludf.DUMMYFUNCTION("""COMPUTED_VALUE"""),"Haven") -> Haven | D23: 0.76744186 | E23: 0.38095238
A24: děti ulice_Icebox | B24: =IFERROR(__xludf.DUMMYFUNCTION("""COMPUTED_VALUE"""),"děti ulice") -> děti ulice | C24: =IFERROR(__xludf.DUMMYFUNCTION("""COMPUTED_VALUE"""),"Icebox") -> Icebox | D24: 0.69230769 | E24: 0.25
A25: děti ulice_Lotus | B25: =IFERROR(__xludf.DUMMYFUNCTION("""COMPUTED_VALUE"""),"děti ulice") -> děti ulice | C25: =IFERROR(__xludf.DUMMYFUNCTION("""COMPUTED_VALUE"""),"Lotus") -> Lotus | D25: 0.72727273 | E25: 0.28767123
A26: děti ulice_Split | B26: =IFERROR(__xludf.DUMMYFUNCTION("""COMPUTED_VALUE"""),"děti ulice") -> děti ulice | C26: =IFERROR(__xludf.DUMMYFUNCTION("""COMPUTED_VALUE"""),"Split") -> Split | D26: 0.75 | E26: 0.7
A27: děti ulice_Sunset | B27: =IFERROR(__xludf.DUMMYFUNCTION("""COMPUTED_VALUE"""),"děti ulice") -> děti ulice | C27: =IFERROR(__xludf.DUMMYFUNCTION("""COMPUTED_VALUE"""),"Sunset") -> Sunset | D27: 0.83333333 | E27: 0.25
A28: DNSTY_Ascent | B28: =IFERROR(__xludf.DUMMYFUNCTION("""COMPUTED_VALUE"""),"DNSTY") -> DNSTY | C28: =IFERROR(__xludf.DUMMYFUNCTION("""COMPUTED_VALUE"""),"Ascent") -> Ascent | D28: 0.63636364 | E28: 0.375
A29: DNSTY_Bind | B29: =IFERROR(__xludf.DUMMYFUNCTION("""COMPUTED_VALUE"""),"DNSTY") -> DNSTY | C29: =IFERROR(__xludf.DUMMYFUNCTION("""COMPUTED_VALUE"""),"Bind") -> Bind | D29: 0.57142857 | E29: 0.35714286
A30: DNSTY_Haven | B30: =IFERROR(__xludf.DUMMYFUNCTION("""COMPUTED_VALUE"""),"DNSTY") -> DNSTY | C30: =IFERROR(__xludf.DUMMYFUNCTION("""COMPUTED_VALUE"""),"Haven") -> Haven | D30: 0.87878788 | E30: 0.25925926
A31: DNSTY_Icebox | B31: =IFERROR(__xludf.DUMMYFUNCTION("""COMPUTED_VALUE"""),"DNSTY") -> DNSTY | C31: =IFERROR(__xludf.DUMMYFUNCTION("""COMPUTED_VALUE"""),"Icebox") -> Icebox | D31: 0.5 | E31: 0
A32: DNSTY_Lotus | B32: =IFERROR(__xludf.DUMMYFUNCTION("""COMPUTED_VALUE"""),"DNSTY") -> DNSTY | C32: =IFERROR(__xludf.DUMMYFUNCTION("""COMPUTED_VALUE"""),"Lotus") -> Lotus | D32: 0.58 | E32: 0.57142857
A33: DNSTY_Sunset | B33: =IFERROR(__xludf.DUMMYFUNCTION("""COMPUTED_VALUE"""),"DNSTY") -> DNSTY | C33: =IFERROR(__xludf.DUMMYFUNCTION("""COMPUTED_VALUE"""),"Sunset") -> Sunset | D33: 0.57142857 | E33: 0.61111111
A34: Eintracht Frankfurt_Ascent | B34: =IFERROR(__xludf.DUMMYFUNCTION("""COMPUTED_VALUE"""),"Eintracht Frankfurt") -> Eintracht Frankfurt | C34: =IFERROR(__xludf.DUMMYFUNCTION("""COMPUTED_VALUE"""),"Ascent") -> Ascent | D34: 0.68421053 | E34: 0.3125
A35: Eintracht Frankfurt_Bind | B35: =IFERROR(__xludf.DUMMYFUNCTION("""COMPUTED_VALUE"""),"Eintracht Frankfurt") -> Eintracht Frankfurt | C35: =IFERROR(__xludf.DUMMYFUNCTION("""COMPUTED_VALUE"""),"Bind") -> Bind | D35: 0.80769231 | E35: 0.23076923
A36: Eintracht Frankfurt_Corrode | B36: =IFERROR(__xludf.DUMMYFUNCTION("""COMPUTED_VALUE"""),"Eintracht Frankfurt") -> Eintracht Frankfurt | C36: =IFERROR(__xludf.DUMMYFUNCTION("""COMPUTED_VALUE"""),"Corrode") -> Corrode | D36: 0.80952381 | E36: 0.31578947
A37: Eintracht Frankfurt_Haven | B37: =IFERROR(__xludf.DUMMYFUNCTION("""COMPUTED_VALUE"""),"Eintracht Frankfurt") -> Eintracht Frankfurt | C37: =IFERROR(__xludf.DUMMYFUNCTION("""COMPUTED_VALUE"""),"Haven") -> Haven | D37: 0.55555556 | E37: 0.18181818
A38: Eintracht Frankfurt_Icebox | B38: =IFERROR(__xludf.DUMMYFUNCTION("""COMPUTED_VALUE"""),"Eintracht Frankfurt") -> Eintracht Frankfurt | C38: =IFERROR(__xludf.DUMMYFUNCTION("""COMPUTED_VALUE"""),"Icebox") -> Icebox | D38: 0.55555556 | E38: 0.33333333
A39: Eintracht Frankfurt_Lotus | B39: =IFERROR(__xludf.DUMMYFUNCTION("""COMPUTED_VALUE"""),"Eintracht Frankfurt") -> Eintracht Frankfurt | C39: =IFERROR(__xludf.DUMMYFUNCTION("""COMPUTED_VALUE"""),"Lotus") -> Lotus | D39: 0.73913043 | E39: 0.41860465
A40: Eintracht Frankfurt_Split | B40: =IFERROR(__xludf.DUMMYFUNCTION("""COMPUTED_VALUE"""),"Eintracht Frankfurt") -> Eintracht Frankfurt | C40: =IFERROR(__xludf.DUMMYFUNCTION("""COMPUTED_VALUE"""),"Split") -> Split | D40: 1 | E40: 0.33333333
A41: Eintracht Frankfurt_Sunset | B41: =IFERROR(__xludf.DUMMYFUNCTION("""COMPUTED_VALUE"""),"Eintracht Frankfurt") -> Eintracht Frankfurt | C41: =IFERROR(__xludf.DUMMYFUNCTION("""COMPUTED_VALUE"""),"Sunset") -> Sunset | D41: 0.75675676 | E41: 0.25
A42: Enterprise Esports_Ascent | B42: =IFERROR(__xludf.DUMMYFUNCTION("""COMPUTED_VALUE"""),"Enterprise Esports") -> Enterprise Esports | C42: =IFERROR(__xludf.DUMMYFUNCTION("""COMPUTED_VALUE"""),"Ascent") -> Ascent | D42: 0.81081081 | E42: 0.25925926
A43: Enterprise Esports_Bind | B43: =IFERROR(__xludf.DUMMYFUNCTION("""COMPUTED_VALUE"""),"Enterprise Esports") -> Enterprise Esports | C43: =IFERROR(__xludf.DUMMYFUNCTION("""COMPUTED_VALUE"""),"Bind") -> Bind | D43: 1 | E43: 0.375
A44: Enterprise Esports_Corrode | B44: =IFERROR(__xludf.DUMMYFUNCTION("""COMPUTED_VALUE"""),"Enterprise Esports") -> Enterprise Esports | C44: =IFERROR(__xludf.DUMMYFUNCTION("""COMPUTED_VALUE"""),"Corrode") -> Corrode | D44: 0.75 | E44: 0.54166667
A45: Enterprise Esports_Haven | B45: =IFERROR(__xludf.DUMMYFUNCTION("""COMPUTED_VALUE"""),"Enterprise Esports") -> Enterprise Esports | C45: =IFERROR(__xludf.DUMMYFUNCTION("""COMPUTED_VALUE"""),"Haven") -> Haven | D45: 1 | E45: 0.66666667
A46: Enterprise Esports_Lotus | B46: =IFERROR(__xludf.DUMMYFUNCTION("""COMPUTED_VALUE"""),"Enterprise Esports") -> Enterprise Esports | C46: =IFERROR(__xludf.DUMMYFUNCTION("""COMPUTED_VALUE"""),"Lotus") -> Lotus | D46: 0.70588235 | E46: 0.33333333
A47: Enterprise Esports_Sunset | B47: =IFERROR(__xludf.DUMMYFUNCTION("""COMPUTED_VALUE"""),"Enterprise Esports") -> Enterprise Esports | C47: =IFERROR(__xludf.DUMMYFUNCTION("""COMPUTED_VALUE"""),"Sunset") -> Sunset | D47: 0 | E47: 0.25
A48: Joblife_Ascent | B48: =IFERROR(__xludf.DUMMYFUNCTION("""COMPUTED_VALUE"""),"Joblife") -> Joblife | C48: =IFERROR(__xludf.DUMMYFUNCTION("""COMPUTED_VALUE"""),"Ascent") -> Ascent | D48: 0.8 | E48: 0.16666667
A49: Joblife_Bind | B49: =IFERROR(__xludf.DUMMYFUNCTION("""COMPUTED_VALUE"""),"Joblife") -> Joblife | C49: =IFERROR(__xludf.DUMMYFUNCTION("""COMPUTED_VALUE"""),"Bind") -> Bind | D49: 0.78571429 | E49: 0.25
A50: Joblife_Haven | B50: =IFERROR(__xludf.DUMMYFUNCTION("""COMPUTED_VALUE"""),"Joblife") -> Joblife | C50: =IFERROR(__xludf.DUMMYFUNCTION("""COMPUTED_VALUE"""),"Haven") -> Haven | D50: 0.77419355 | E50: 0.47619048
A51: Joblife_Icebox | B51: =IFERROR(__xludf.DUMMYFUNCTION("""COMPUTED_VALUE"""),"Joblife") -> Joblife | C51: =IFERROR(__xludf.DUMMYFUNCTION("""COMPUTED_VALUE"""),"Icebox") -> Icebox | D51: 1 | E51: 0.46153846
A52: Joblife_Lotus | B52: =IFERROR(__xludf.DUMMYFUNCTION("""COMPUTED_VALUE"""),"Joblife") -> Joblife | C52: =IFERROR(__xludf.DUMMYFUNCTION("""COMPUTED_VALUE"""),"Lotus") -> Lotus | D52: 1 | E52: 0.4
A53: Joblife_Sunset | B53: =IFERROR(__xludf.DUMMYFUNCTION("""COMPUTED_VALUE"""),"Joblife") -> Joblife | C53: =IFERROR(__xludf.DUMMYFUNCTION("""COMPUTED_VALUE"""),"Sunset") -> Sunset | D53: 0.8 | E53: 0.3125
A54: KOI Fénix_Ascent | B54: =IFERROR(__xludf.DUMMYFUNCTION("""COMPUTED_VALUE"""),"KOI Fénix") -> KOI Fénix | C54: =IFERROR(__xludf.DUMMYFUNCTION("""COMPUTED_VALUE"""),"Ascent") -> Ascent | D54: 0.68181818 | E54: 0.35714286
A55: KOI Fénix_Bind | B55: =IFERROR(__xludf.DUMMYFUNCTION("""COMPUTED_VALUE"""),"KOI Fénix") -> KOI Fénix | C55: =IFERROR(__xludf.DUMMYFUNCTION("""COMPUTED_VALUE"""),"Bind") -> Bind | D55: 0.77142857 | E55: 0.32
A56: KOI Fénix_Corrode | B56: =IFERROR(__xludf.DUMMYFUNCTION("""COMPUTED_VALUE"""),"KOI Fénix") -> KOI Fénix | C56: =IFERROR(__xludf.DUMMYFUNCTION("""COMPUTED_VALUE"""),"Corrode") -> Corrode | D56: 0.86363636 | E56: 0.52173913
A57: KOI Fénix_Haven | B57: =IFERROR(__xludf.DUMMYFUNCTION("""COMPUTED_VALUE"""),"KOI Fénix") -> KOI Fénix | C57: =IFERROR(__xludf.DUMMYFUNCTION("""COMPUTED_VALUE"""),"Haven") -> Haven | D57: 0.9 | E57: 0
A58: KOI Fénix_Lotus | B58: =IFERROR(__xludf.DUMMYFUNCTION("""COMPUTED_VALUE"""),"KOI Fénix") -> KOI Fénix | C58: =IFERROR(__xludf.DUMMYFUNCTION("""COMPUTED_VALUE"""),"Lotus") -> Lotus | D58: 0.67857143 | E58: 0.43548387
A59: KOI Fénix_Split | B59: =IFERROR(__xludf.DUMMYFUNCTION("""COMPUTED_VALUE"""),"KOI Fénix") -> KOI Fénix | C59: =IFERROR(__xludf.DUMMYFUNCTION("""COMPUTED_VALUE"""),"Split") -> Split | D59: 0.8125 | E59: 0.2
A60: KOI Fénix_Sunset | B60: =IFERROR(__xludf.DUMMYFUNCTION("""COMPUTED_VALUE"""),"KOI Fénix") -> KOI Fénix | C60: =IFERROR(__xludf.DUMMYFUNCTION("""COMPUTED_VALUE"""),"Sunset") -> Sunset | D60: 0.6 | E60: 0.64705882
A61: Mandatory_Ascent | B61: =IFERROR(__xludf.DUMMYFUNCTION("""COMPUTED_VALUE"""),"Mandatory") -> Mandatory | C61: =IFERROR(__xludf.DUMMYFUNCTION("""COMPUTED_VALUE"""),"Ascent") -> Ascent | D61: 0.80769231 | E61: 0.15789474
A62: Mandatory_Corrode | B62: =IFERROR(__xludf.DUMMYFUNCTION("""COMPUTED_VALUE"""),"Mandatory") -> Mandatory | C62: =IFERROR(__xludf.DUMMYFUNCTION("""COMPUTED_VALUE"""),"Corrode") -> Corrode | D62: 0.66666667 | E62: 0.33333333
A63: Mandatory_Haven | B63: =IFERROR(__xludf.DUMMYFUNCTION("""COMPUTED_VALUE"""),"Mandatory") -> Mandatory | C63: =IFERROR(__xludf.DUMMYFUNCTION("""COMPUTED_VALUE"""),"Haven") -> Haven | D63: 0.64705882 | E63: 0.375
A64: Mandatory_Icebox | B64: =IFERROR(__xludf.DUMMYFUNCTION("""COMPUTED_VALUE"""),"Mandatory") -> Mandatory | C64: =IFERROR(__xludf.DUMMYFUNCTION("""COMPUTED_VALUE"""),"Icebox") -> Icebox | D64: 0.63636364 | E64: 0.29545455
A65: Mandatory_Lotus | B65: =IFERROR(__xludf.DUMMYFUNCTION("""COMPUTED_VALUE"""),"Mandatory") -> Mandatory | C65: =IFERROR(__xludf.DUMMYFUNCTION("""COMPUTED_VALUE"""),"Lotus") -> Lotus | D65: 0.66 | E65: 0.375
A66: Mandatory_Split | B66: =IFERROR(__xludf.DUMMYFUNCTION("""COMPUTED_VALUE"""),"Mandatory") -> Mandatory | C66: =IFERROR(__xludf.DUMMYFUNCTION("""COMPUTED_VALUE"""),"Split") -> Split | D66: 0.88888889 | E66: 0.33333333
A67: Mandatory_Sunset | B67: =IFERROR(__xludf.DUMMYFUNCTION("""COMPUTED_VALUE"""),"Mandatory") -> Mandatory | C67: =IFERROR(__xludf.DUMMYFUNCTION("""COMPUTED_VALUE"""),"Sunset") -> Sunset | D67: 0.28571429 | E67: 0.66666667
A68: MOUZ_Ascent | B68: =IFERROR(__xludf.DUMMYFUNCTION("""COMPUTED_VALUE"""),"MOUZ") -> MOUZ | C68: =IFERROR(__xludf.DUMMYFUNCTION("""COMPUTED_VALUE"""),"Ascent") -> Ascent | D68: 0.5 | E68: 0.14285714
A69: MOUZ_Bind | B69: =IFERROR(__xludf.DUMMYFUNCTION("""COMPUTED_VALUE"""),"MOUZ") -> MOUZ | C69: =IFERROR(__xludf.DUMMYFUNCTION("""COMPUTED_VALUE"""),"Bind") -> Bind | D69: 0.83333333 | E69: 0.41176471
A70: MOUZ_Corrode | B70: =IFERROR(__xludf.DUMMYFUNCTION("""COMPUTED_VALUE"""),"MOUZ") -> MOUZ | C70: =IFERROR(__xludf.DUMMYFUNCTION("""COMPUTED_VALUE"""),"Corrode") -> Corrode | D70: 0.66666667 | E70: 0.35
A71: MOUZ_Haven | B71: =IFERROR(__xludf.DUMMYFUNCTION("""COMPUTED_VALUE"""),"MOUZ") -> MOUZ | C71: =IFERROR(__xludf.DUMMYFUNCTION("""COMPUTED_VALUE"""),"Haven") -> Haven | D71: 0.81578947 | E71: 0.5
A72: MOUZ_Icebox | B72: =IFERROR(__xludf.DUMMYFUNCTION("""COMPUTED_VALUE"""),"MOUZ") -> MOUZ | C72: =IFERROR(__xludf.DUMMYFUNCTION("""COMPUTED_VALUE"""),"Icebox") -> Icebox | D72: 0.77777778 | E72: 0.44117647
A73: MOUZ_Lotus | B73: =IFERROR(__xludf.DUMMYFUNCTION("""COMPUTED_VALUE"""),"MOUZ") -> MOUZ | C73: =IFERROR(__xludf.DUMMYFUNCTION("""COMPUTED_VALUE"""),"Lotus") -> Lotus | D73: 0.77777778 | E73: 0.30555556
A74: MOUZ_Pearl | B74: =IFERROR(__xludf.DUMMYFUNCTION("""COMPUTED_VALUE"""),"MOUZ") -> MOUZ | C74: =IFERROR(__xludf.DUMMYFUNCTION("""COMPUTED_VALUE"""),"Pearl") -> Pearl | D74: 0.83333333 | E74: 0.55555556
A75: MOUZ_Split | B75: =IFERROR(__xludf.DUMMYFUNCTION("""COMPUTED_VALUE"""),"MOUZ") -> MOUZ | C75: =IFERROR(__xludf.DUMMYFUNCTION("""COMPUTED_VALUE"""),"Split") -> Split | D75: 0.66666667 | E75: 0.375
A76: MOUZ_Sunset | B76: =IFERROR(__xludf.DUMMYFUNCTION("""COMPUTED_VALUE"""),"MOUZ") -> MOUZ | C76: =IFERROR(__xludf.DUMMYFUNCTION("""COMPUTED_VALUE"""),"Sunset") -> Sunset | D76: 0.68421053 | E76: 0.13636364
A77: Team Liquid Academy_Ascent | B77: =IFERROR(__xludf.DUMMYFUNCTION("""COMPUTED_VALUE"""),"Team Liquid Academy") -> Team Liquid Academy | C77: =IFERROR(__xludf.DUMMYFUNCTION("""COMPUTED_VALUE"""),"Ascent") -> Ascent | D77: 0.76666667 | E77: 0.46153846
A78: Team Liquid Academy_Bind | B78: =IFERROR(__xludf.DUMMYFUNCTION("""COMPUTED_VALUE"""),"Team Liquid Academy") -> Team Liquid Academy | C78: =IFERROR(__xludf.DUMMYFUNCTION("""COMPUTED_VALUE"""),"Bind") -> Bind | D78: 0.88888889 | E78: 0.3
A79: Team Liquid Academy_Corrode | B79: =IFERROR(__xludf.DUMMYFUNCTION("""COMPUTED_VALUE"""),"Team Liquid Academy") -> Team Liquid Academy | C79: =IFERROR(__xludf.DUMMYFUNCTION("""COMPUTED_VALUE"""),"Corrode") -> Corrode | D79: 0.62857143 | E79: 0.47368421
A80: Team Liquid Academy_Haven | B80: =IFERROR(__xludf.DUMMYFUNCTION("""COMPUTED_VALUE"""),"Team Liquid Academy") -> Team Liquid Academy | C80: =IFERROR(__xludf.DUMMYFUNCTION("""COMPUTED_VALUE"""),"Haven") -> Haven | D80: 0.52631579 | E80: 0.34615385
A81: Team Liquid Academy_Icebox | B81: =IFERROR(__xludf.DUMMYFUNCTION("""COMPUTED_VALUE"""),"Team Liquid Academy") -> Team Liquid Academy | C81: =IFERROR(__xludf.DUMMYFUNCTION("""COMPUTED_VALUE"""),"Icebox") -> Icebox | D81: 0.71428571 | E81: 0.71428571
A82: Team Liquid Academy_Lotus | B82: =IFERROR(__xludf.DUMMYFUNCTION("""COMPUTED_VALUE"""),"Team Liquid Academy") -> Team Liquid Academy | C82: =IFERROR(__xludf.DUMMYFUNCTION("""COMPUTED_VALUE"""),"Lotus") -> Lotus | D82: 0.64383562 | E82: 0.36764706
A83: Team Liquid Academy_Split | B83: =IFERROR(__xludf.DUMMYFUNCTION("""COMPUTED_VALUE"""),"Team Liquid Academy") -> Team Liquid Academy | C83: =IFERROR(__xludf.DUMMYFUNCTION("""COMPUTED_VALUE"""),"Split") -> Split | D83: 0.33333333 | E83: 0.5
A84: Team Liquid Academy_Sunset | B84: =IFERROR(__xludf.DUMMYFUNCTION("""COMPUTED_VALUE"""),"Team Liquid Academy") -> Team Liquid Academy | C84: =IFERROR(__xludf.DUMMYFUNCTION("""COMPUTED_VALUE"""),"Sunset") -> Sunset | D84: 0.63157895 | E84: 0.22222222
A85: The Ultimates_Ascent | B85: =IFERROR(__xludf.DUMMYFUNCTION("""COMPUTED_VALUE"""),"The Ultimates") -> The Ultimates | C85: =IFERROR(__xludf.DUMMYFUNCTION("""COMPUTED_VALUE"""),"Ascent") -> Ascent | D85: 0.68421053 | E85: 0.26666667
A86: The Ultimates_Bind | B86: =IFERROR(__xludf.DUMMYFUNCTION("""COMPUTED_VALUE"""),"The Ultimates") -> The Ultimates | C86: =IFERROR(__xludf.DUMMYFUNCTION("""COMPUTED_VALUE"""),"Bind") -> Bind | D86: 1 | E86: 0.3125
A87: The Ultimates_Corrode | B87: =IFERROR(__xludf.DUMMYFUNCTION("""COMPUTED_VALUE"""),"The Ultimates") -> The Ultimates | C87: =IFERROR(__xludf.DUMMYFUNCTION("""COMPUTED_VALUE"""),"Corrode") -> Corrode | D87: 0.79166667 | E87: 0.36363636
A88: The Ultimates_Haven | B88: =IFERROR(__xludf.DUMMYFUNCTION("""COMPUTED_VALUE"""),"The Ultimates") -> The Ultimates | C88: =IFERROR(__xludf.DUMMYFUNCTION("""COMPUTED_VALUE"""),"Haven") -> Haven | D88: 0.65517241 | E88: 0.39534884
A89: The Ultimates_Icebox | B89: =IFERROR(__xludf.DUMMYFUNCTION("""COMPUTED_VALUE"""),"The Ultimates") -> The Ultimates | C89: =IFERROR(__xludf.DUMMYFUNCTION("""COMPUTED_VALUE"""),"Icebox") -> Icebox | D89: 0.59459459 | E89: 0.375
A90: The Ultimates_Lotus | B90: =IFERROR(__xludf.DUMMYFUNCTION("""COMPUTED_VALUE"""),"The Ultimates") -> The Ultimates | C90: =IFERROR(__xludf.DUMMYFUNCTION("""COMPUTED_VALUE"""),"Lotus") -> Lotus | D90: 0.63636364 | E90: 0.18421053
A91: The Ultimates_Pearl | B91: =IFERROR(__xludf.DUMMYFUNCTION("""COMPUTED_VALUE"""),"The Ultimates") -> The Ultimates | C91: =IFERROR(__xludf.DUMMYFUNCTION("""COMPUTED_VALUE"""),"Pearl") -> Pearl | D91: 0.83333333 | E91: 0.5
A92: The Ultimates_Split | B92: =IFERROR(__xludf.DUMMYFUNCTION("""COMPUTED_VALUE"""),"The Ultimates") -> The Ultimates | C92: =IFERROR(__xludf.DUMMYFUNCTION("""COMPUTED_VALUE"""),"Split") -> Split | D92: 0.33333333 | E92: 0
A93: The Ultimates_Sunset | B93: =IFERROR(__xludf.DUMMYFUNCTION("""COMPUTED_VALUE"""),"The Ultimates") -> The Ultimates | C93: =IFERROR(__xludf.DUMMYFUNCTION("""COMPUTED_VALUE"""),"Sunset") -> Sunset | D93: 0.63043478 | E93: 0.225
A94: Twisted Minds Esports_Ascent | B94: =IFERROR(__xludf.DUMMYFUNCTION("""COMPUTED_VALUE"""),"Twisted Minds Esports") -> Twisted Minds Esports | C94: =IFERROR(__xludf.DUMMYFUNCTION("""COMPUTED_VALUE"""),"Ascent") -> Ascent | D94: 0.76470588 | E94: 0.45833333
A95: Twisted Minds Esports_Bind | B95: =IFERROR(__xludf.DUMMYFUNCTION("""COMPUTED_VALUE"""),"Twisted Minds Esports") -> Twisted Minds Esports | C95: =IFERROR(__xludf.DUMMYFUNCTION("""COMPUTED_VALUE"""),"Bind") -> Bind | D95: 0.75 | E95: 0.33333333
A96: Twisted Minds Esports_Corrode | B96: =IFERROR(__xludf.DUMMYFUNCTION("""COMPUTED_VALUE"""),"Twisted Minds Esports") -> Twisted Minds Esports | C96: =IFERROR(__xludf.DUMMYFUNCTION("""COMPUTED_VALUE"""),"Corrode") -> Corrode | D96: 0.66666667 | E96: 0.36842105
A97: Twisted Minds Esports_Haven | B97: =IFERROR(__xludf.DUMMYFUNCTION("""COMPUTED_VALUE"""),"Twisted Minds Esports") -> Twisted Minds Esports | C97: =IFERROR(__xludf.DUMMYFUNCTION("""COMPUTED_VALUE"""),"Haven") -> Haven | D97: 0.64864865 | E97: 0.46511628
A98: Twisted Minds Esports_Icebox | B98: =IFERROR(__xludf.DUMMYFUNCTION("""COMPUTED_VALUE"""),"Twisted Minds Esports") -> Twisted Minds Esports | C98: =IFERROR(__xludf.DUMMYFUNCTION("""COMPUTED_VALUE"""),"Icebox") -> Icebox | D98: 0.73913043 | E98: 0.62162162
A99: Twisted Minds Esports_Lotus | B99: =IFERROR(__xludf.DUMMYFUNCTION("""COMPUTED_VALUE"""),"Twisted Minds Esports") -> Twisted Minds Esports | C99: =IFERROR(__xludf.DUMMYFUNCTION("""COMPUTED_VALUE"""),"Lotus") -> Lotus | D99: 0.79591837 | E99: 0.40740741
A100: Twisted Minds Esports_Split | B100: =IFERROR(__xludf.DUMMYFUNCTION("""COMPUTED_VALUE"""),"Twisted Minds Esports") -> Twisted Minds Esports | C100: =IFERROR(__xludf.DUMMYFUNCTION("""COMPUTED_VALUE"""),"Split") -> Split | D100: 0.92307692 | E100: 0.3125
...

Sheet Post Rank General
B1: retake | C1: postplant
A2: {=UNIQUE('acs2'!B2:B1001)} -> Joblife | B2: {=SUMIF('Post Plants'!A2:A1001,A2:A1001,'Post Plants'!F2:F1001)/SUMIF('Post Plants'!A2:A1001,A2:A1001,'Post Plants'!D2:D1001)} -> 0.83838384 | C2: {=SUMIF('Post Plants'!A2:A1001,A2:A1001,'Post Plants'!L2:L1001)/SUMIF('Post Plants'!A2:A1001,A2:A1001,'Post Plants'!J2:J1001)} -> 0.35443038 | E2: 1 | F2: =IFERROR(__xludf.DUMMYFUNCTION("QUERY(A2:C15,""select A order by B desc"")"),"Joblife") -> Joblife | G2: =IFERROR(__xludf.DUMMYFUNCTION("QUERY(A2:C15,""select A order by C desc"")"),"DNSTY") -> DNSTY
A3: Enterprise Esports | B3: 0.79569892 | C3: 0.38235294 | E3: 2 | F3: =IFERROR(__xludf.DUMMYFUNCTION("""COMPUTED_VALUE"""),"Enterprise Esports") -> Enterprise Esports | G3: =IFERROR(__xludf.DUMMYFUNCTION("""COMPUTED_VALUE"""),"Twisted Minds Esports") -> Twisted Minds Esports
A4: MOUZ | B4: 0.75147929 | C4: 0.36898396 | E4: 3 | F4: =IFERROR(__xludf.DUMMYFUNCTION("""COMPUTED_VALUE"""),"ULF Esports") -> ULF Esports | G4: =IFERROR(__xludf.DUMMYFUNCTION("""COMPUTED_VALUE"""),"Team Liquid Academy") -> Team Liquid Academy
A5: Boars Gaming | B5: 0.71161049 | C5: 0.31547619 | E5: 4 | F5: =IFERROR(__xludf.DUMMYFUNCTION("""COMPUTED_VALUE"""),"MOUZ") -> MOUZ | G5: =IFERROR(__xludf.DUMMYFUNCTION("""COMPUTED_VALUE"""),"KOI Fénix") -> KOI Fénix
A6: DNSTY | B6: 0.64583333 | C6: 0.44166667 | E6: 5 | F6: =IFERROR(__xludf.DUMMYFUNCTION("""COMPUTED_VALUE"""),"Twisted Minds Esports") -> Twisted Minds Esports | G6: =IFERROR(__xludf.DUMMYFUNCTION("""COMPUTED_VALUE"""),"Enterprise Esports") -> Enterprise Esports
A7: Team Liquid Academy | B7: 0.65151515 | C7: 0.40526316 | E7: 6 | F7: =IFERROR(__xludf.DUMMYFUNCTION("""COMPUTED_VALUE"""),"KOI Fénix") -> KOI Fénix | G7: =IFERROR(__xludf.DUMMYFUNCTION("""COMPUTED_VALUE"""),"MOUZ") -> MOUZ
A8: Eintracht Frankfurt | B8: 0.72192513 | C8: 0.31756757 | E8: 7 | F8: =IFERROR(__xludf.DUMMYFUNCTION("""COMPUTED_VALUE"""),"děti ulice") -> děti ulice | G8: =IFERROR(__xludf.DUMMYFUNCTION("""COMPUTED_VALUE"""),"Joblife") -> Joblife
A9: Twisted Minds Esports | B9: 0.74672489 | C9: 0.42975207 | E9: 8 | F9: =IFERROR(__xludf.DUMMYFUNCTION("""COMPUTED_VALUE"""),"Eintracht Frankfurt") -> Eintracht Frankfurt | G9: =IFERROR(__xludf.DUMMYFUNCTION("""COMPUTED_VALUE"""),"BBL PCIFIC") -> BBL PCIFIC
A10: The Ultimates | B10: 0.65991903 | C10: 0.2985782 | E10: 9 | F10: =IFERROR(__xludf.DUMMYFUNCTION("""COMPUTED_VALUE"""),"Boars Gaming") -> Boars Gaming | G10: =IFERROR(__xludf.DUMMYFUNCTION("""COMPUTED_VALUE"""),"děti ulice") -> děti ulice
A11: BBL PCIFIC | B11: 0.67619048 | C11: 0.35233161 | E11: 10 | F11: =IFERROR(__xludf.DUMMYFUNCTION("""COMPUTED_VALUE"""),"BBL PCIFIC") -> BBL PCIFIC | G11: =IFERROR(__xludf.DUMMYFUNCTION("""COMPUTED_VALUE"""),"ULF Esports") -> ULF Esports
A12: KOI Fénix | B12: 0.74269006 | C12: 0.39226519 | E12: 11 | F12: =IFERROR(__xludf.DUMMYFUNCTION("""COMPUTED_VALUE"""),"Mandatory") -> Mandatory | G12: =IFERROR(__xludf.DUMMYFUNCTION("""COMPUTED_VALUE"""),"Mandatory") -> Mandatory
A13: ULF Esports | B13: 0.76142132 | C13: 0.33950617 | E13: 12 | F13: =IFERROR(__xludf.DUMMYFUNCTION("""COMPUTED_VALUE"""),"The Ultimates") -> The Ultimates | G13: =IFERROR(__xludf.DUMMYFUNCTION("""COMPUTED_VALUE"""),"Eintracht Frankfurt") -> Eintracht Frankfurt
A14: Mandatory | B14: 0.67272727 | C14: 0.32307692 | E14: 13 | F14: =IFERROR(__xludf.DUMMYFUNCTION("""COMPUTED_VALUE"""),"Team Liquid Academy") -> Team Liquid Academy | G14: =IFERROR(__xludf.DUMMYFUNCTION("""COMPUTED_VALUE"""),"Boars Gaming") -> Boars Gaming
A15: děti ulice | B15: 0.73953488 | C15: 0.34497817 | E15: 14 | F15: =IFERROR(__xludf.DUMMYFUNCTION("""COMPUTED_VALUE"""),"DNSTY") -> DNSTY | G15: =IFERROR(__xludf.DUMMYFUNCTION("""COMPUTED_VALUE"""),"The Ultimates") -> The Ultimates
A16: ULF Esports (si) | B16: #DIV/0! | C16: #DIV/0!
A17: The Ultimates (ex) | B17: #DIV/0! | C17: #DIV/0!
A18: Eintracht Frankfurt (si) | B18: #DIV/0! | C18: #DIV/0!
B19: #DIV/0! | C19: #DIV/0!
B20: #DIV/0! | C20: #DIV/0!
B21: #DIV/0! | C21: #DIV/0!
B22: #DIV/0! | C22: #DIV/0!
B23: #DIV/0! | C23: #DIV/0!
B24: #DIV/0! | C24: #DIV/0!
B25: #DIV/0! | C25: #DIV/0!
B26: #DIV/0! | C26: #DIV/0!
B27: #DIV/0! | C27: #DIV/0!
B28: #DIV/0! | C28: #DIV/0!
B29: #DIV/0! | C29: #DIV/0!
B30: #DIV/0! | C30: #DIV/0!
... B1001: #DIV/0! | C1001: #DIV/0!

Sheet Player Stats
A1: Team | B1: Playername | C1: ACS Split | D1: ACS Year | E1: Rounds | F1: Kills | G1: Deaths | H1: Assists | I1: FK | J1: FD | K1: K/D | L1: K/D/A | M1: First% | N1: FK% | O1: FD% | P1: First Conversion | Q1: Clutch Scens | R1: Clutches | S1: Clutch% | T1: KAST
A2: =IFERROR(__xludf.DUMMYFUNCTION("QUERY(Kills!A2:C1501,""select B, A order by B desc"")"),"ULF Esports (si)") -> ULF Esports (si) | B2: =IFERROR(__xludf.DUMMYFUNCTION("""COMPUTED_VALUE"""),"FAVIANN") -> FAVIANN | C2: {=XLOOKUP(B2:B1501,'acs2'!A2:A1501,'acs2'!C2:C1501)} -> 211 | D2: {=XLOOKUP(B2:B1501,'acs2025'!A2:A1501,'acs2025'!C2:C1501)} -> 211 | E2: {=XLOOKUP(B2:B1501,Guns!A2:A1501,Guns!E2:E1501)} -> 588 | F2: {=XLOOKUP(B2:B1501,Kills!A2:A1501,Kills!C2:C1501)} -> 452 | G2: {=XLOOKUP(B2:B1501,Deaths!A2:A1501,Deaths!C2:C1501)} -> 416 | H2: {=XLOOKUP(B2:B1501,Assists!A2:A1501,Assists!C2:C1501)} -> 132 | I2: {=XLOOKUP(B2:B1501,FKS!A2:A1501,FKS!C2:C1501)} -> 66 | J2: {=XLOOKUP(B2:B1501,FDS!A2:A1501,FDS!C2:C1501)} -> 51 | K2: {=F2:F1501/G2:G1501} -> 1.0865385 | L2: {=(F2:F1501+H2:H1501)/G2:G1501} -> 1.4038462 | M2: {=(I2:I1501+J2:J1501)/E2:E1501} -> 0.19897959 | N2: {=I2:I1501/E2:E1501} -> 0.1122449 | O2: {=J2:J1501/E2:E1501} -> 0.086734694 | P2: {=I2:I1501/(I2:I1501+J2:J1501)} -> 0.56410256 | Q2: {=XLOOKUP(B2:B1501,Clutches!A2:A1501,Clutches!F2:F1501)} -> 53 | R2: {=XLOOKUP(B2:B1501,Clutches!A2:A1501,Clutches!D2:D1501)} -> 5 | S2: {=R2:R1501/Q2:Q1501} -> 0.094339623 | T2: 0.7
A3: =IFERROR(__xludf.DUMMYFUNCTION("""COMPUTED_VALUE"""),"ULF Esports") -> ULF Esports | B3: =IFERROR(__xludf.DUMMYFUNCTION("""COMPUTED_VALUE"""),"s0pp") -> s0pp | C3: 219 | D3: 212 | E3: 588 | F3: 454 | G3: 414 | H3: 131 | I3: 94 | J3: 75 | K3: 1.0966184 | L3: 1.4130435 | M3: 0.28741497 | N3: 0.15986395 | O3: 0.12755102 | P3: 0.55621302 | Q3: 58 | R3: 6 | S3: 0.10344828 | T3: 0.71
A4: =IFERROR(__xludf.DUMMYFUNCTION("""COMPUTED_VALUE"""),"ULF Esports") -> ULF Esports | B4: =IFERROR(__xludf.DUMMYFUNCTION("""COMPUTED_VALUE"""),"ech0") -> ech0 | C4: 193 | D4: 203 | E4: 588 | F4: 407 | G4: 420 | H4: 123 | I4: 63 | J4: 66 | K4: 0.96904762 | L4: 1.2619048 | M4: 0.21938776 | N4: 0.10714286 | O4: 0.1122449 | P4: 0.48837209 | Q4: 71 | R4: 14 | S4: 0.1971831 | T4: 0.68
A5: =IFERROR(__xludf.DUMMYFUNCTION("""COMPUTED_VALUE"""),"ULF Esports") -> ULF Esports | B5: =IFERROR(__xludf.DUMMYFUNCTION("""COMPUTED_VALUE"""),"audaz") -> audaz | C5: 183 | D5: 187 | E5: 588 | F5: 380 | G5: 368 | H5: 213 | I5: 41 | J5: 42 | K5: 1.0326087 | L5: 1.611413 | M5: 0.14115646 | N5: 0.069727891 | O5: 0.071428571 | P5: 0.4939759 | Q5: 92 | R5: 13 | S5: 0.14130435 | T5: 0.71
A6: =IFERROR(__xludf.DUMMYFUNCTION("""COMPUTED_VALUE"""),"ULF Esports") -> ULF Esports | B6: =IFERROR(__xludf.DUMMYFUNCTION("""COMPUTED_VALUE"""),"nekky") -> nekky | C6: 173 | D6: 182 | E6: 588 | F6: 347 | G6: 394 | H6: 168 | I6: 39 | J6: 51 | K6: 0.88071066 | L6: 1.3071066 | M6: 0.15306122 | N6: 0.066326531 | O6: 0.086734694 | P6: 0.43333333 | Q6: 44 | R6: 11 | S6: 0.25 | T6: 0.69
A7: =IFERROR(__xludf.DUMMYFUNCTION("""COMPUTED_VALUE"""),"Twisted Minds Esports") -> Twisted Minds Esports | B7: =IFERROR(__xludf.DUMMYFUNCTION("""COMPUTED_VALUE"""),"ExiT") -> ExiT | C7: 231 | D7: 241 | E7: 724 | F7: 588 | G7: 545 | H7: 156 | I7: 165 | J7: 143 | K7: 1.0788991 | L7: 1.3651376 | M7: 0.42541436 | N7: 0.22790055 | O7: 0.19751381 | P7: 0.53571429 | Q7: 44 | R7: 6 | S7: 0.13636364 | T7: 0.71
A8: =IFERROR(__xludf.DUMMYFUNCTION("""COMPUTED_VALUE"""),"Twisted Minds Esports") -> Twisted Minds Esports | B8: =IFERROR(__xludf.DUMMYFUNCTION("""COMPUTED_VALUE"""),"SAND") -> SAND | C8: 211 | D8: 199 | E8: 724 | F8: 565 | G8: 486 | H8: 138 | I8: 80 | J8: 66 | K8: 1.1625514 | L8: 1.4465021 | M8: 0.20165746 | N8: 0.11049724 | O8: 0.091160221 | P8: 0.54794521 | Q8: 65 | R8: 15 | S8: 0.23076923 | T8: 0.69
A9: =IFERROR(__xludf.DUMMYFUNCTION("""COMPUTED_VALUE"""),"Twisted Minds Esports") -> Twisted Minds Esports | B9: =IFERROR(__xludf.DUMMYFUNCTION("""COMPUTED_VALUE"""),"sickrey") -> sickrey | C9: 207 | D9: 204 | E9: 724 | F9: 529 | G9: 419 | H9: 291 | I9: 34 | J9: 31 | K9: 1.2625298 | L9: 1.9570406 | M9: 0.089779006 | N9: 0.046961326 | O9: 0.04281768 | P9: 0.52307692 | Q9: 108 | R9: 16 | S9: 0.14814815 | T9: 0.78
A10: =IFERROR(__xludf.DUMMYFUNCTION("""COMPUTED_VALUE"""),"Twisted Minds Esports") -> Twisted Minds Esports | B10: =IFERROR(__xludf.DUMMYFUNCTION("""COMPUTED_VALUE"""),"Zimo") -> Zimo | C10: 190 | D10: 183 | E10: 724 | F10: 523 | G10: 460 | H10: 237 | I10: 54 | J10: 58 | K10: 1.1369565 | L10: 1.6521739 | M10: 0.15469613 | N10: 0.074585635 | O10: 0.080110497 | P10: 0.48214286 | Q10: 94 | R10: 21 | S10: 0.22340426 | T10: 0.74
A11: =IFERROR(__xludf.DUMMYFUNCTION("""COMPUTED_VALUE"""),"Twisted Minds Esports") -> Twisted Minds Esports | B11: =IFERROR(__xludf.DUMMYFUNCTION("""COMPUTED_VALUE"""),"Jesse") -> Jesse | C11: 176 | D11: 188 | E11: 481 | F11: 309 | G11: 312 | H11: 193 | I11: 32 | J11: 29 | K11: 0.99038462 | L11: 1.6089744 | M11: 0.12681913 | N11: 0.066528067 | O11: 0.06029106 | P11: 0.52459016 | Q11: 39 | R11: 14 | S11: 0.35897436 | T11: 0.74
A12: =IFERROR(__xludf.DUMMYFUNCTION("""COMPUTED_VALUE"""),"Twisted Minds Esports") -> Twisted Minds Esports | B12: =IFERROR(__xludf.DUMMYFUNCTION("""COMPUTED_VALUE"""),"waleed") -> waleed | C12: 179 | D12: 166 | E12: 243 | F12: 153 | G12: 163 | H12: 67 | I12: 14 | J12: 16 | K12: 0.93865031 | L12: 1.3496933 | M12: 0.12345679 | N12: 0.057613169 | O12: 0.065843621 | P12: 0.46666667 | Q12: 16 | R12: 3 | S12: 0.1875 | T12: N/A
A13: =IFERROR(__xludf.DUMMYFUNCTION("""COMPUTED_VALUE"""),"The Ultimates (ex)") -> The Ultimates (ex) | B13: =IFERROR(__xludf.DUMMYFUNCTION("""COMPUTED_VALUE"""),"KHaaLiD") -> KHaaLiD | C13: 177 | D13: 182 | E13: 303 | F13: 172 | G13: 214 | H13: 121 | I13: 12 | J13: 23 | K13: 0.80373832 | L13: 1.3691589 | M13: 0.11551155 | N13: 0.03960396 | O13: 0.075907591 | P13: 0.34285714 | Q13: 31 | R13: 6 | S13: 0.19354839 | T13: N/A
A14: =IFERROR(__xludf.DUMMYFUNCTION("""COMPUTED_VALUE"""),"The Ultimates") -> The Ultimates | B14: =IFERROR(__xludf.DUMMYFUNCTION("""COMPUTED_VALUE"""),"b1sk") -> b1sk | C14: 225 | D14: 234 | E14: 721 | F14: 549 | G14: 511 | H14: 135 | I14: 142 | J14: 119 | K14: 1.074364 | L14: 1.3385519 | M14: 0.36199723 | N14: 0.19694868 | O14: 0.16504854 | P14: 0.5440613 | Q14: 52 | R14: 10 | S14: 0.19230769 | T14: 0.72
A15: =IFERROR(__xludf.DUMMYFUNCTION("""COMPUTED_VALUE"""),"The Ultimates") -> The Ultimates | B15: =IFERROR(__xludf.DUMMYFUNCTION("""COMPUTED_VALUE"""),"SpY") -> SpY | C15: 201 | D15: 212 | E15: 721 | F15: 501 | G15: 503 | H15: 235 | I15: 54 | J15: 59 | K15: 0.99602386 | L15: 1.4632207 | M15: 0.15672677 | N15: 0.074895978 | O15: 0.081830791 | P15: 0.47787611 | Q15: 93 | R15: 18 | S15: 0.19354839 | T15: 0.72
A16: =IFERROR(__xludf.DUMMYFUNCTION("""COMPUTED_VALUE"""),"The Ultimates") -> The Ultimates | B16: =IFERROR(__xludf.DUMMYFUNCTION("""COMPUTED_VALUE"""),"Moh") -> Moh | C16: 190 | D16: 203 | E16: 698 | F16: 468 | G16: 481 | H16: 219 | I16: 54 | J16: 86 | K16: 0.97297297 | L16: 1.4282744 | M16: 0.20057307 | N16: 0.077363897 | O16: 0.12320917 | P16: 0.38571429 | Q16: 78 | R16: 7 | S16: 0.08974359 | T16: 0.68
A17: =IFERROR(__xludf.DUMMYFUNCTION("""COMPUTED_VALUE"""),"The Ultimates") -> The Ultimates | B17: =IFERROR(__xludf.DUMMYFUNCTION("""COMPUTED_VALUE"""),"Fighter") -> Fighter | C17: 183 | D17: 195 | E17: 630 | F17: 418 | G17: 447 | H17: 140 | I17: 36 | J17: 50 | K17: 0.93512304 | L17: 1.2483221 | M17: 0.13650794 | N17: 0.057142857 | O17: 0.079365079 | P17: 0.41860465 | Q17: 70 | R17: 12 | S17: 0.17142857 | T17: 0.63
A18: =IFERROR(__xludf.DUMMYFUNCTION("""COMPUTED_VALUE"""),"The Ultimates") -> The Ultimates | B18: =IFERROR(__xludf.DUMMYFUNCTION("""COMPUTED_VALUE"""),"Recoil") -> Recoil | C18: 202 | D18: 202 | E18: 418 | F18: 297 | G18: 292 | H18: 120 | I18: 34 | J18: 25 | K18: 1.0171233 | L18: 1.4280822 | M18: 0.14114833 | N18: 0.081339713 | O18: 0.059808612 | P18: 0.57627119 | Q18: 56 | R18: 6 | S18: 0.10714286 | T18: 0.74
A19: =IFERROR(__xludf.DUMMYFUNCTION("""COMPUTED_VALUE"""),"The Ultimates") -> The Ultimates | B19: =IFERROR(__xludf.DUMMYFUNCTION("""COMPUTED_VALUE"""),"Erick") -> Erick | C19: 190 | D19: 206 | E19: 114 | F19: 59 | G19: 86 | H19: 29 | I19: 5 | J19: 14 | K19: 0.68604651 | L19: 1.0232558 | M19: 0.16666667 | N19: 0.043859649 | O19: 0.12280702 | P19: 0.26315789 | Q19: 22 | R19: 0 | S19: 0 | T19: N/A
A20: =IFERROR(__xludf.DUMMYFUNCTION("""COMPUTED_VALUE"""),"Team Liquid Academy") -> Team Liquid Academy | B20: =IFERROR(__xludf.DUMMYFUNCTION("""COMPUTED_VALUE"""),"GSR") -> GSR | C20: 233 | D20: 232 | E20: 641 | F20: 529 | G20: 431 | H20: 184 | I20: 97 | J20: 81 | K20: 1.2273782 | L20: 1.6542923 | M20: 0.27769111 | N20: 0.15132605 | O20: 0.12636505 | P20: 0.54494382 | Q20: 45 | R20: 8 | S20: 0.17777778 | T20: 0.75
A21: =IFERROR(__xludf.DUMMYFUNCTION("""COMPUTED_VALUE"""),"Team Liquid Academy") -> Team Liquid Academy | B21: =IFERROR(__xludf.DUMMYFUNCTION("""COMPUTED_VALUE"""),"rexxtoned") -> rexxtoned | C21: 205 | D21: 196 | E21: 641 | F21: 492 | G21: 385 | H21: 146 | I21: 46 | J21: 35 | K21: 1.2779221 | L21: 1.6571429 | M21: 0.12636505 | N21: 0.071762871 | O21: 0.054602184 | P21: 0.56790123 | Q21: 89 | R21: 11 | S21: 0.12359551 | T21: 0.75
A22: =IFERROR(__xludf.DUMMYFUNCTION("""COMPUTED_VALUE"""),"Team Liquid Academy") -> Team Liquid Academy | B22: =IFERROR(__xludf.DUMMYFUNCTION("""COMPUTED_VALUE"""),"Donatello") -> Donatello | C22: 213 | D22: 216 | E22: 641 | F22: 478 | G22: 483 | H22: 115 | I22: 109 | J22: 111 | K22: 0.98964803 | L22: 1.2277433 | M22: 0.34321373 | N22: 0.1700468 | O22: 0.17316693 | P22: 0.49545455 | Q22: 37 | R22: 4 | S22: 0.10810811 | T22: 0.67
A23: =IFERROR(__xludf.DUMMYFUNCTION("""COMPUTED_VALUE"""),"Team Liquid Academy") -> Team Liquid Academy | B23: =IFERROR(__xludf.DUMMYFUNCTION("""COMPUTED_VALUE"""),"NINJA") -> NINJA | C23: 201 | D23: 203 | E23: 641 | F23: 459 | G23: 411 | H23: 193 | I23: 45 | J23: 43 | K23: 1.1167883 | L23: 1.5863747 | M23: 0.13728549 | N23: 0.070202808 | O23: 0.067082683 | P23: 0.51136364 | Q23: 81 | R23: 11 | S23: 0.13580247 | T23: 0.75
A24: =IFERROR(__xludf.DUMMYFUNCTION("""COMPUTED_VALUE"""),"Team Liquid Academy") -> Team Liquid Academy | B24: =IFERROR(__xludf.DUMMYFUNCTION("""COMPUTED_VALUE"""),"Qpert") -> Qpert | C24: 179 | D24: 168 | E24: 641 | F24: 399 | G24: 390 | H24: 287 | I24: 37 | J24: 40 | K24: 1.0230769 | L24: 1.7589744 | M24: 0.1201248 | N24: 0.057722309 | O24: 0.062402496 | P24: 0.48051948 | Q24: 70 | R24: 15 | S24: 0.21428571 | T24: 0.77
A25: =IFERROR(__xludf.DUMMYFUNCTION("""COMPUTED_VALUE"""),"MOUZ") -> MOUZ | B25: =IFERROR(__xludf.DUMMYFUNCTION("""COMPUTED_VALUE"""),"bipo") -> bipo | C25: 247 | D25: 242 | E25: 567 | F25: 512 | G25: 371 | H25: 106 | I25: 110 | J25: 68 | K25: 1.3800539 | L25: 1.6657682 | M25: 0.31393298 | N25: 0.19400353 | O25: 0.11992945 | P25: 0.61797753 | Q25: 39 | R25: 5 | S25: 0.12820513 | T25: 0.75
A26: =IFERROR(__xludf.DUMMYFUNCTION("""COMPUTED_VALUE"""),"MOUZ") -> MOUZ | B26: =IFERROR(__xludf.DUMMYFUNCTION("""COMPUTED_VALUE"""),"Fizzy") -> Fizzy | C26: 223 | D26: 216 | E26: 567 | F26: 459 | G26: 327 | H26: 119 | I26: 68 | J26: 31 | K26: 1.4036697 | L26: 1.7675841 | M26: 0.17460317 | N26: 0.11992945 | O26: 0.054673721 | P26: 0.68686869 | Q26: 88 | R26: 14 | S26: 0.15909091 | T26: 0.75
A27: =IFERROR(__xludf.DUMMYFUNCTION("""COMPUTED_VALUE"""),"MOUZ") -> MOUZ | B27: =IFERROR(__xludf.DUMMYFUNCTION("""COMPUTED_VALUE"""),"Lime") -> Lime | C27: 221 | D27: 217 | E27: 567 | F27: 445 | G27: 360 | H27: 201 | I27: 80 | J27: 44 | K27: 1.2361111 | L27: 1.7944444 | M27: 0.21869489 | N27: 0.14109347 | O27: 0.077601411 | P27: 0.64516129 | Q27: 32 | R27: 5 | S27: 0.15625 | T27: 0.79
A28: =IFERROR(__xludf.DUMMYFUNCTION("""COMPUTED_VALUE"""),"MOUZ") -> MOUZ | B28: =IFERROR(__xludf.DUMMYFUNCTION("""COMPUTED_VALUE"""),"iluri") -> iluri | C28: 188 | D28: 176 | E28: 567 | F28: 379 | G28: 344 | H28: 189 | I28: 46 | J28: 36 | K28: 1.1017442 | L28: 1.6511628 | M28: 0.14462081 | N28: 0.081128748 | O28: 0.063492063 | P28: 0.56097561 | Q28: 53 | R28: 14 | S28: 0.26415094 | T28: 0.83
A29: =IFERROR(__xludf.DUMMYFUNCTION("""COMPUTED_VALUE"""),"MOUZ") -> MOUZ | B29: =IFERROR(__xludf.DUMMYFUNCTION("""COMPUTED_VALUE"""),"Obnoks") -> Obnoks | C29: 185 | D29: 201 | E29: 567 | F29: 369 | G29: 383 | H29: 211 | I29: 45 | J29: 42 | K29: 0.96344648 | L29: 1.5143603 | M29: 0.15343915 | N29: 0.079365079 | O29: 0.074074074 | P29: 0.51724138 | Q29: 53 | R29: 5 | S29: 0.094339623 | T29: 0.73
A30: =IFERROR(__xludf.DUMMYFUNCTION("""COMPUTED_VALUE"""),"Mandatory") -> Mandatory | B30: =IFERROR(__xludf.DUMMYFUNCTION("""COMPUTED_VALUE"""),"TakaS") -> TakaS | C30: 216 | D30: 216 | E30: 485 | F30: 380 | G30: 349 | H30: 116 | I30: 51 | J30: 55 | K30: 1.0888252 | L30: 1.4212034 | M30: 0.2185567 | N30: 0.10515464 | O30: 0.11340206 | P30: 0.48113208 | Q30: 40 | R30: 5 | S30: 0.125 | T30: 0.69
A31: =IFERROR(__xludf.DUMMYFUNCTION("""COMPUTED_VALUE"""),"Mandatory") -> Mandatory | B31: =IFERROR(__xludf.DUMMYFUNCTION("""COMPUTED_VALUE"""),"keloqz") -> keloqz | C31: 200 | D31: 207 | E31: 485 | F31: 350 | G31: 360 | H31: 81 | I31: 85 | J31: 79 | K31: 0.97222222 | L31: 1.1972222 | M31: 0.33814433 | N31: 0.17525773 | O31: 0.1628866 | P31: 0.51829268 | Q31: 32 | R31: 3 | S31: 0.09375 | T31: 0.67
A32: =IFERROR(__xludf.DUMMYFUNCTION("""COMPUTED_VALUE"""),"Mandatory") -> Mandatory | B32: =IFERROR(__xludf.DUMMYFUNCTION("""COMPUTED_VALUE"""),"mikee") -> mikee | C32: 202 | D32: 190 | E32: 485 | F32: 338 | G32: 335 | H32: 180 | I32: 38 | J32: 39 | K32: 1.0089552 | L32: 1.5462687 | M32: 0.15876289 | N32: 0.078350515 | O32: 0.080412371 | P32: 0.49350649 | Q32: 55 | R32: 8 | S32: 0.14545455 | T32: 0.75
A33: =IFERROR(__xludf.DUMMYFUNCTION("""COMPUTED_VALUE"""),"Mandatory") -> Mandatory | B33: =IFERROR(__xludf.DUMMYFUNCTION("""COMPUTED_VALUE"""),"Enzo") -> Enzo | C33: 214 | D33: 216 | E33: 485 | F33: 337 | G33: 307 | H33: 192 | I33: 35 | J33: 28 | K33: 1.0977199 | L33: 1.723127 | M33: 0.12989691 | N33: 0.072164948 | O33: 0.057731959 | P33: 0.55555556 | Q33: 85 | R33: 12 | S33: 0.14117647 | T33: 0.74
A34: =IFERROR(__xludf.DUMMYFUNCTION("""COMPUTED_VALUE"""),"Mandatory") -> Mandatory | B34: =IFERROR(__xludf.DUMMYFUNCTION("""COMPUTED_VALUE"""),"HyP") -> HyP | C34: 166 | D34: 168 | E34: 485 | F34: 292 | G34: 314 | H34: 113 | I34: 36 | J34: 41 | K34: 0.92993631 | L34: 1.2898089 | M34: 0.15876289 | N34: 0.074226804 | O34: 0.084536082 | P34: 0.46753247 | Q34: 52 | R34: 10 | S34: 0.19230769 | T34: 0.69
A35: =IFERROR(__xludf.DUMMYFUNCTION("""COMPUTED_VALUE"""),"KOI Fénix") -> KOI Fénix | B35: =IFERROR(__xludf.DUMMYFUNCTION("""COMPUTED_VALUE"""),"ZachKappa") -> ZachKappa | C35: 221 | D35: 219 | E35: 519 | F35: 410 | G35: 335 | H35: 103 | I35: 63 | J35: 49 | K35: 1.2238806 | L35: 1.5313433 | M35: 0.21579961 | N35: 0.12138728 | O35: 0.094412331 | P35: 0.5625 | Q35: 56 | R35: 8 | S35: 0.14285714 | T35: 0.7334
A36: =IFERROR(__xludf.DUMMYFUNCTION("""COMPUTED_VALUE"""),"KOI Fénix") -> KOI Fénix | B36: =IFERROR(__xludf.DUMMYFUNCTION("""COMPUTED_VALUE"""),"Guardy") -> Guardy | C36: 215 | D36: 200 | E36: 519 | F36: 386 | G36: 348 | H36: 179 | I36: 64 | J36: 41 | K36: 1.1091954 | L36: 1.6235632 | M36: 0.20231214 | N36: 0.12331407 | O36: 0.078998073 | P36: 0.60952381 | Q36: 44 | R36: 9 | S36: 0.20454545 | T36: 0.7267
A37: =IFERROR(__xludf.DUMMYFUNCTION("""COMPUTED_VALUE"""),"KOI Fénix") -> KOI Fénix | B37: =IFERROR(__xludf.DUMMYFUNCTION("""COMPUTED_VALUE"""),"demek") -> demek | C37: 201 | D37: 201 | E37: 519 | F37: 373 | G37: 376 | H37: 113 | I37: 75 | J37: 65 | K37: 0.99202128 | L37: 1.2925532 | M37: 0.26974952 | N37: 0.14450867 | O37: 0.12524085 | P37: 0.53571429 | Q37: 49 | R37: 6 | S37: 0.12244898 | T37: 0.7534
A38: =IFERROR(__xludf.DUMMYFUNCTION("""COMPUTED_VALUE"""),"KOI Fénix") -> KOI Fénix | B38: =IFERROR(__xludf.DUMMYFUNCTION("""COMPUTED_VALUE"""),"globeX") -> globeX | C38: 198 | D38: 199 | E38: 519 | F38: 371 | G38: 317 | H38: 238 | I38: 47 | J38: 29 | K38: 1.170347 | L38: 1.9211356 | M38: 0.14643545 | N38: 0.090558767 | O38: 0.055876686 | P38: 0.61842105 | Q38: 83 | R38: 17 | S38: 0.20481928 | T38: 0.79
A39: =IFERROR(__xludf.DUMMYFUNCTION("""COMPUTED_VALUE"""),"KOI Fénix") -> KOI Fénix | B39: =IFERROR(__xludf.DUMMYFUNCTION("""COMPUTED_VALUE"""),"pika") -> pika | C39: 189 | D39: 171 | E39: 519 | F39: 342 | G39: 343 | H39: 147 | I39: 37 | J39: 52 | K39: 0.99708455 | L39: 1.425656 | M39: 0.17148362 | N39: 0.071290944 | O39: 0.10019268 | P39: 0.41573034 | Q39: 37 | R39: 11 | S39: 0.2972973 | T39: 0.7366
A40: =IFERROR(__xludf.DUMMYFUNCTION("""COMPUTED_VALUE"""),"Joblife") -> Joblife | B40: =IFERROR(__xludf.DUMMYFUNCTION("""COMPUTED_VALUE"""),"Purp0") -> Purp0 | C40: 258 | D40: 258 | E40: 289 | F40: 276 | G40: 182 | H40: 37 | I40: 74 | J40: 34 | K40: 1.5164835 | L40: 1.7197802 | M40: 0.37370242 | N40: 0.25605536 | O40: 0.11764706 | P40: 0.68518519 | Q40: 16 | R40: 2 | S40: 0.125 | T40: 0.77
A41: =IFERROR(__xludf.DUMMYFUNCTION("""COMPUTED_VALUE"""),"Joblife") -> Joblife | B41: =IFERROR(__xludf.DUMMYFUNCTION("""COMPUTED_VALUE"""),"chiwa") -> chiwa | C41: 231 | D41: 231 | E41: 289 | F41: 246 | G41: 172 | H41: 52 | I41: 40 | J41: 25 | K41: 1.4302326 | L41: 1.7325581 | M41: 0.22491349 | N41: 0.1384083 | O41: 0.08650519 | P41: 0.61538462 | Q41: 25 | R41: 4 | S41: 0.16 | T41: 0.76
A42: =IFERROR(__xludf.DUMMYFUNCTION("""COMPUTED_VALUE"""),"Joblife") -> Joblife | B42: =IFERROR(__xludf.DUMMYFUNCTION("""COMPUTED_VALUE"""),"sh1n") -> sh1n | C42: 204 | D42: 204 | E42: 289 | F42: 213 | G42: 166 | H42: 121 | I42: 24 | J42: 10 | K42: 1.2831325 | L42: 2.0120482 | M42: 0.11764706 | N42: 0.083044983 | O42: 0.034602076 | P42: 0.70588235 | Q42: 30 | R42: 4 | S42: 0.13333333 | T42: 0.79
A43: =IFERROR(__xludf.DUMMYFUNCTION("""COMPUTED_VALUE"""),"Joblife") -> Joblife | B43: =IFERROR(__xludf.DUMMYFUNCTION("""COMPUTED_VALUE"""),"Starxo") -> Starxo | C43: 192 | D43: 203 | E43: 289 | F43: 188 | G43: 177 | H43: 99 | I43: 25 | J43: 24 | K43: 1.0621469 | L43: 1.6214689 | M43: 0.16955017 | N43: 0.08650519 | O43: 0.083044983 | P43: 0.51020408 | Q43: 22 | R43: 3 | S43: 0.13636364 | T43: 0.77
A44: =IFERROR(__xludf.DUMMYFUNCTION("""COMPUTED_VALUE"""),"Joblife") -> Joblife | B44: =IFERROR(__xludf.DUMMYFUNCTION("""COMPUTED_VALUE"""),"CyvOph") -> CyvOph | C44: 175 | D44: 222 | E44: 289 | F44: 180 | G44: 166 | H44: 127 | I44: 15 | J44: 21 | K44: 1.0843373 | L44: 1.8493976 | M44: 0.12456747 | N44: 0.051903114 | O44: 0.07266436 | P44: 0.41666667 | Q44: 27 | R44: 6 | S44: 0.22222222 | T44: 0.78
A45: =IFERROR(__xludf.DUMMYFUNCTION("""COMPUTED_VALUE"""),"Enterprise Esports") -> Enterprise Esports | B45: =IFERROR(__xludf.DUMMYFUNCTION("""COMPUTED_VALUE"""),"jas") -> jas | C45: 255 | D45: 238 | E45: 342 | F45: 315 | G45: 230 | H45: 61 | I45: 91 | J45: 54 | K45: 1.3695652 | L45: 1.6347826 | M45: 0.42397661 | N45: 0.26608187 | O45: 0.15789474 | P45: 0.62758621 | Q45: 22 | R45: 4 | S45: 0.18181818 | T45: 0.75
A46: =IFERROR(__xludf.DUMMYFUNCTION("""COMPUTED_VALUE"""),"Enterprise Esports") -> Enterprise Esports | B46: =IFERROR(__xludf.DUMMYFUNCTION("""COMPUTED_VALUE"""),"kiles") -> kiles | C46: 204 | D46: 204 | E46: 342 | F46: 265 | G46: 197 | H46: 69 | I46: 24 | J46: 19 | K46: 1.3451777 | L46: 1.6954315 | M46: 0.12573099 | N46: 0.070175439 | O46: 0.055555556 | P46: 0.55813953 | Q46: 43 | R46: 6 | S46: 0.13953488 | T46: 0.77
A47: =IFERROR(__xludf.DUMMYFUNCTION("""COMPUTED_VALUE"""),"Enterprise Esports") -> Enterprise Esports | B47: =IFERROR(__xludf.DUMMYFUNCTION("""COMPUTED_VALUE"""),"Doma") -> Doma | C47: 211 | D47: 194 | E47: 342 | F47: 252 | G47: 198 | H47: 82 | I47: 28 | J47: 16 | K47: 1.2727273 | L47: 1.6868687 | M47: 0.12865497 | N47: 0.081871345 | O47: 0.046783626 | P47: 0.63636364 | Q47: 30 | R47: 6 | S47: 0.2 | T47: 0.78
A48: =IFERROR(__xludf.DUMMYFUNCTION("""COMPUTED_VALUE"""),"Enterprise Esports") -> Enterprise Esports | B48: =IFERROR(__xludf.DUMMYFUNCTION("""COMPUTED_VALUE"""),"zeek") -> zeek | C48: 204 | D48: 207 | E48: 342 | F48: 246 | G48: 216 | H48: 135 | I48: 33 | J48: 29 | K48: 1.1388889 | L48: 1.7638889 | M48: 0.18128655 | N48: 0.096491228 | O48: 0.084795322 | P48: 0.53225806 | Q48: 22 | R48: 2 | S48: 0.090909091 | T48: 0.81
A49: =IFERROR(__xludf.DUMMYFUNCTION("""COMPUTED_VALUE"""),"Enterprise Esports") -> Enterprise Esports | B49: =IFERROR(__xludf.DUMMYFUNCTION("""COMPUTED_VALUE"""),"starki") -> starki | C49: 163 | D49: 175 | E49: 342 | F49: 200 | G49: 202 | H49: 151 | I49: 23 | J49: 27 | K49: 0.99009901 | L49: 1.7376238 | M49: 0.14619883 | N49: 0.067251462 | O49: 0.078947368 | P49: 0.46 | Q49: 38 | R49: 4 | S49: 0.10526316 | T49: 0.8
A50: =IFERROR(__xludf.DUMMYFUNCTION("""COMPUTED_VALUE"""),"Eintracht Frankfurt (si)") -> Eintracht Frankfurt (si) | B50: =IFERROR(__xludf.DUMMYFUNCTION("""COMPUTED_VALUE"""),"Agent Red") -> Agent Red | C50: 160 | D50: 160 | E50: 145 | F50: 78 | G50: 83 | H50: 82 | I50: 5 | J50: 15 | K50: 0.93975904 | L50: 1.9277108 | M50: 0.13793103 | N50: 0.034482759 | O50: 0.10344828 | P50: 0.25 | Q50: 13 | R50: 2 | S50: 0.15384615 | T50: 0.76
A51: =IFERROR(__xludf.DUMMYFUNCTION("""COMPUTED_VALUE"""),"Eintracht Frankfurt") -> Eintracht Frankfurt | B51: =IFERROR(__xludf.DUMMYFUNCTION("""COMPUTED_VALUE"""),"DisisJohn") -> DisisJohn | C51: 233 | D51: 217 | E51: 554 | F51: 458 | G51: 400 | H51: 101 | I51: 98 | J51: 100 | K51: 1.145 | L51: 1.3975 | M51: 0.35740072 | N51: 0.17689531 | O51: 0.18050542 | P51: 0.49494949 | Q51: 36 | R51: 7 | S51: 0.19444444 | T51: 0.7
A52: =IFERROR(__xludf.DUMMYFUNCTION("""COMPUTED_VALUE"""),"Eintracht Frankfurt") -> Eintracht Frankfurt | B52: =IFERROR(__xludf.DUMMYFUNCTION("""COMPUTED_VALUE"""),"Leosen") -> Leosen | C52: 203 | D52: 198 | E52: 554 | F52: 411 | G52: 373 | H52: 176 | I52: 49 | J52: 47 | K52: 1.1018767 | L52: 1.5737265 | M52: 0.1732852 | N52: 0.088447653 | O52: 0.084837545 | P52: 0.51041667 | Q52: 43 | R52: 8 | S52: 0.18604651 | T52: 0.69
A53: =IFERROR(__xludf.DUMMYFUNCTION("""COMPUTED_VALUE"""),"Eintracht Frankfurt") -> Eintracht Frankfurt | B53: =IFERROR(__xludf.DUMMYFUNCTION("""COMPUTED_VALUE"""),"musashi") -> musashi | C53: 205 | D53: 193 | E53: 554 | F53: 410 | G53: 355 | H53: 170 | I53: 41 | J53: 56 | K53: 1.1549296 | L53: 1.6338028 | M53: 0.17509025 | N53: 0.07400722 | O53: 0.10108303 | P53: 0.42268041 | Q53: 69 | R53: 11 | S53: 0.15942029 | T53: 0.73
A54: =IFERROR(__xludf.DUMMYFUNCTION("""COMPUTED_VALUE"""),"Eintracht Frankfurt") -> Eintracht Frankfurt | B54: =IFERROR(__xludf.DUMMYFUNCTION("""COMPUTED_VALUE"""),"Azury") -> Azury | C54: 195 | D54: 193 | E54: 554 | F54: 398 | G54: 344 | H54: 111 | I54: 40 | J54: 36 | K54: 1.1569767 | L54: 1.4796512 | M54: 0.13718412 | N54: 0.072202166 | O54: 0.064981949 | P54: 0.52631579 | Q54: 63 | R54: 6 | S54: 0.095238095 | T54: 0.74
A55: =IFERROR(__xludf.DUMMYFUNCTION("""COMPUTED_VALUE"""),"Eintracht Frankfurt") -> Eintracht Frankfurt | B55: =IFERROR(__xludf.DUMMYFUNCTION("""COMPUTED_VALUE"""),"Felix") -> Felix | C55: 193 | D55: 193 | E55: 409 | F55: 275 | G55: 271 | H55: 143 | I55: 32 | J55: 37 | K55: 1.0147601 | L55: 1.5424354 | M55: 0.16870416 | N55: 0.078239609 | O55: 0.090464548 | P55: 0.46376812 | Q55: 54 | R55: 7 | S55: 0.12962963 | T55: 0.72
A56: =IFERROR(__xludf.DUMMYFUNCTION("""COMPUTED_VALUE"""),"děti ulice") -> děti ulice | B56: =IFERROR(__xludf.DUMMYFUNCTION("""COMPUTED_VALUE"""),"Nunmeister") -> Nunmeister | C56: 212 | D56: 212 | E56: 667 | F56: 499 | G56: 473 | H56: 168 | I56: 67 | J56: 75 | K56: 1.0549683 | L56: 1.410148 | M56: 0.21289355 | N56: 0.10044978 | O56: 0.11244378 | P56: 0.47183099 | Q56: 62 | R56: 17 | S56: 0.27419355 | T56: 0.67
A57: =IFERROR(__xludf.DUMMYFUNCTION("""COMPUTED_VALUE"""),"děti ulice") -> děti ulice | B57: =IFERROR(__xludf.DUMMYFUNCTION("""COMPUTED_VALUE"""),"Fractioned") -> Fractioned | C57: 210 | D57: 210 | E57: 667 | F57: 482 | G57: 516 | H57: 125 | I57: 127 | J57: 125 | K57: 0.93410853 | L57: 1.1763566 | M57: 0.37781109 | N57: 0.1904048 | O57: 0.1874063 | P57: 0.50396825 | Q57: 43 | R57: 4 | S57: 0.093023256 | T57: 0.7
A58: =IFERROR(__xludf.DUMMYFUNCTION("""COMPUTED_VALUE"""),"děti ulice") -> děti ulice | B58: =IFERROR(__xludf.DUMMYFUNCTION("""COMPUTED_VALUE"""),"basya") -> basya | C58: 190 | D58: 190 | E58: 667 | F58: 448 | G58: 447 | H58: 139 | I58: 58 | J58: 53 | K58: 1.0022371 | L58: 1.3131991 | M58: 0.16641679 | N58: 0.086956522 | O58: 0.07946027 | P58: 0.52252252 | Q58: 90 | R58: 15 | S58: 0.16666667 | T58: 0.69
A59: =IFERROR(__xludf.DUMMYFUNCTION("""COMPUTED_VALUE"""),"děti ulice") -> děti ulice | B59: =IFERROR(__xludf.DUMMYFUNCTION("""COMPUTED_VALUE"""),"MaximN") -> MaximN | C59: 190 | D59: 190 | E59: 667 | F59: 441 | G59: 440 | H59: 223 | I59: 36 | J59: 32 | K59: 1.0022727 | L59: 1.5090909 | M59: 0.10194903 | N59: 0.053973013 | O59: 0.047976012 | P59: 0.52941176 | Q59: 121 | R59: 16 | S59: 0.1322314 | T59: 0.71
A60: =IFERROR(__xludf.DUMMYFUNCTION("""COMPUTED_VALUE"""),"děti ulice") -> děti ulice | B60: =IFERROR(__xludf.DUMMYFUNCTION("""COMPUTED_VALUE"""),"kya") -> kya | C60: 167 | D60: 170 | E60: 667 | F60: 389 | G60: 484 | H60: 240 | I60: 33 | J60: 61 | K60: 0.80371901 | L60: 1.2995868 | M60: 0.14092954 | N60: 0.049475262 | O60: 0.091454273 | P60: 0.35106383 | Q60: 64 | R60: 8 | S60: 0.125 | T60: 0.69
A61: =IFERROR(__xludf.DUMMYFUNCTION("""COMPUTED_VALUE"""),"DNSTY") -> DNSTY | B61: =IFERROR(__xludf.DUMMYFUNCTION("""COMPUTED_VALUE"""),"Famsii") -> Famsii | C61: 243 | D61: 243 | E61: 405 | F61: 352 | G61: 279 | H61: 78 | I61: 81 | J61: 53 | K61: 1.2616487 | L61: 1.5412186 | M61: 0.3308642 | N61: 0.2 | O61: 0.1308642 | P61: 0.60447761 | Q61: 25 | R61: 3 | S61: 0.12 | T61: 0.7617
A62: =IFERROR(__xludf.DUMMYFUNCTION("""COMPUTED_VALUE"""),"DNSTY") -> DNSTY | B62: =IFERROR(__xludf.DUMMYFUNCTION("""COMPUTED_VALUE"""),"Ticey") -> Ticey | C62: 213 | D62: 213 | E62: 405 | F62: 297 | G62: 268 | H62: 181 | I62: 45 | J62: 50 | K62: 1.108209 | L62: 1.7835821 | M62: 0.2345679 | N62: 0.11111111 | O62: 0.12345679 | P62: 0.47368421 | Q62: 31 | R62: 5 | S62: 0.16129032 | T62: 0.7687
A63: =IFERROR(__xludf.DUMMYFUNCTION("""COMPUTED_VALUE"""),"DNSTY") -> DNSTY | B63: =IFERROR(__xludf.DUMMYFUNCTION("""COMPUTED_VALUE"""),"WADDLE") -> WADDLE | C63: 200 | D63: 195 | E63: 405 | F63: 296 | G63: 250 | H63: 133 | I63: 28 | J63: 30 | K63: 1.184 | L63: 1.716 | M63: 0.14320988 | N63: 0.069135802 | O63: 0.074074074 | P63: 0.48275862 | Q63: 57 | R63: 8 | S63: 0.14035088 | T63: 0.753
A64: =IFERROR(__xludf.DUMMYFUNCTION("""COMPUTED_VALUE"""),"DNSTY") -> DNSTY | B64: =IFERROR(__xludf.DUMMYFUNCTION("""COMPUTED_VALUE"""),"Tag") -> Tag | C64: 186 | D64: 184 | E64: 405 | F64: 268 | G64: 258 | H64: 75 | I64: 31 | J64: 34 | K64: 1.0387597 | L64: 1.3294574 | M64: 0.16049383 | N64: 0.07654321 | O64: 0.083950617 | P64: 0.47692308 | Q64: 47 | R64: 9 | S64: 0.19148936 | T64: 0.7113
A65: =IFERROR(__xludf.DUMMYFUNCTION("""COMPUTED_VALUE"""),"DNSTY") -> DNSTY | B65: =IFERROR(__xludf.DUMMYFUNCTION("""COMPUTED_VALUE"""),"Creamydreamy") -> Creamydreamy | C65: 176 | D65: 176 | E65: 405 | F65: 245 | G65: 260 | H65: 191 | I65: 21 | J65: 33 | K65: 0.94230769 | L65: 1.6769231 | M65: 0.13333333 | N65: 0.051851852 | O65: 0.081481481 | P65: 0.38888889 | Q65: 40 | R65: 8 | S65: 0.2 | T65: 0.7426
A66: =IFERROR(__xludf.DUMMYFUNCTION("""COMPUTED_VALUE"""),"Boars Gaming") -> Boars Gaming | B66: =IFERROR(__xludf.DUMMYFUNCTION("""COMPUTED_VALUE"""),"Kolosha") -> Kolosha | C66: 245 | D66: 252 | E66: 708 | F66: 615 | G66: 532 | H66: 177 | I66: 137 | J66: 125 | K66: 1.156015 | L66: 1.4887218 | M66: 0.3700565 | N66: 0.19350282 | O66: 0.17655367 | P66: 0.52290076 | Q66: 33 | R66: 6 | S66: 0.18181818 | T66: 0.72
A67: =IFERROR(__xludf.DUMMYFUNCTION("""COMPUTED_VALUE"""),"Boars Gaming") -> Boars Gaming | B67: =IFERROR(__xludf.DUMMYFUNCTION("""COMPUTED_VALUE"""),"troizyyy") -> troizyyy | C67: 218 | D67: 220 | E67: 708 | F67: 541 | G67: 448 | H67: 315 | I67: 79 | J67: 64 | K67: 1.2075893 | L67: 1.9107143 | M67: 0.2019774 | N67: 0.11158192 | O67: 0.09039548 | P67: 0.55244755 | Q67: 109 | R67: 14 | S67: 0.12844037 | T67: 0.76
A68: =IFERROR(__xludf.DUMMYFUNCTION("""COMPUTED_VALUE"""),"Boars Gaming") -> Boars Gaming | B68: =IFERROR(__xludf.DUMMYFUNCTION("""COMPUTED_VALUE"""),"nvrfear") -> nvrfear | C68: 209 | D68: 209 | E68: 708 | F68: 529 | G68: 446 | H68: 224 | I68: 48 | J68: 46 | K68: 1.1860987 | L68: 1.6883408 | M68: 0.13276836 | N68: 0.06779661 | O68: 0.064971751 | P68: 0.5106383 | Q68: 81 | R68: 17 | S68: 0.20987654 | T68: 0.76
A69: =IFERROR(__xludf.DUMMYFUNCTION("""COMPUTED_VALUE"""),"Boars Gaming") -> Boars Gaming | B69: =IFERROR(__xludf.DUMMYFUNCTION("""COMPUTED_VALUE"""),"RARE") -> RARE | C69: 202 | D69: 202 | E69: 708 | F69: 481 | G69: 477 | H69: 171 | I69: 53 | J69: 67 | K69: 1.0083857 | L69: 1.3668763 | M69: 0.16949153 | N69: 0.074858757 | O69: 0.094632768 | P69: 0.44166667 | Q69: 87 | R69: 13 | S69: 0.14942529 | T69: 0.72
A70: =IFERROR(__xludf.DUMMYFUNCTION("""COMPUTED_VALUE"""),"Boars Gaming") -> Boars Gaming | B70: =IFERROR(__xludf.DUMMYFUNCTION("""COMPUTED_VALUE"""),"Javelin") -> Javelin | C70: 180 | D70: 178 | E70: 708 | F70: 429 | G70: 461 | H70: 359 | I70: 56 | J70: 34 | K70: 0.93058568 | L70: 1.7093275 | M70: 0.12711864 | N70: 0.079096045 | O70: 0.048022599 | P70: 0.62222222 | Q70: 62 | R70: 6 | S70: 0.096774194 | T70: 0.78
A71: =IFERROR(__xludf.DUMMYFUNCTION("""COMPUTED_VALUE"""),"BBL PCIFIC") -> BBL PCIFIC | B71: =IFERROR(__xludf.DUMMYFUNCTION("""COMPUTED_VALUE"""),"umu7") -> umu7 | C71: 221 | D71: 221 | E71: 630 | F71: 504 | G71: 426 | H71: 113 | I71: 114 | J71: 101 | K71: 1.1830986 | L71: 1.4483568 | M71: 0.34126984 | N71: 0.18095238 | O71: 0.16031746 | P71: 0.53023256 | Q71: 60 | R71: 6 | S71: 0.1 | T71: 0.71
A72: =IFERROR(__xludf.DUMMYFUNCTION("""COMPUTED_VALUE"""),"BBL PCIFIC") -> BBL PCIFIC | B72: =IFERROR(__xludf.DUMMYFUNCTION("""COMPUTED_VALUE"""),"Lar0k") -> Lar0k | C72: 212 | D72: 211 | E72: 630 | F72: 476 | G72: 413 | H72: 201 | I72: 57 | J72: 56 | K72: 1.1525424 | L72: 1.6392252 | M72: 0.17936508 | N72: 0.09047619 | O72: 0.088888889 | P72: 0.50442478 | Q72: 68 | R72: 12 | S72: 0.17647059 | T72: 0.76
A73: =IFERROR(__xludf.DUMMYFUNCTION("""COMPUTED_VALUE"""),"BBL PCIFIC") -> BBL PCIFIC | B73: =IFERROR(__xludf.DUMMYFUNCTION("""COMPUTED_VALUE"""),"Loita") -> Loita | C73: 202 | D73: 200 | E73: 630 | F73: 449 | G73: 424 | H73: 279 | I73: 70 | J73: 60 | K73: 1.0589623 | L73: 1.7169811 | M73: 0.20634921 | N73: 0.11111111 | O73: 0.095238095 | P73: 0.53846154 | Q73: 72 | R73: 8 | S73: 0.11111111 | T73: 0.75
A74: =IFERROR(__xludf.DUMMYFUNCTION("""COMPUTED_VALUE"""),"BBL PCIFIC") -> BBL PCIFIC | B74: =IFERROR(__xludf.DUMMYFUNCTION("""COMPUTED_VALUE"""),"Crewen") -> Crewen | C74: 199 | D74: 197 | E74: 630 | F74: 447 | G74: 426 | H74: 128 | I74: 39 | J74: 44 | K74: 1.0492958 | L74: 1.3497653 | M74: 0.13174603 | N74: 0.061904762 | O74: 0.06984127 | P74: 0.46987952 | Q74: 64 | R74: 7 | S74: 0.109375 | T74: 0.71
A75: =IFERROR(__xludf.DUMMYFUNCTION("""COMPUTED_VALUE"""),"BBL PCIFIC") -> BBL PCIFIC | B75: =IFERROR(__xludf.DUMMYFUNCTION("""COMPUTED_VALUE"""),"Rosé") -> Rosé | C75: 167 | D75: 168 | E75: 630 | F75: 355 | G75: 434 | H75: 179 | I75: 41 | J75: 51 | K75: 0.81797235 | L75: 1.2304147 | M75: 0.14603175 | N75: 0.065079365 | O75: 0.080952381 | P75: 0.44565217 | Q75: 73 | R75: 14 | S75: 0.19178082 | T75: 0.71
A76: BBL PCIFIC | B76: ComeBack | C76: #N/A | D76: 261 | E76: #N/A | F76: #N/A | G76: #N/A | H76: #N/A | I76: #N/A | J76: #N/A | K76: #N/A | L76: #N/A | M76: #N/A | N76: #N/A | O76: #N/A | P76: #N/A | Q76: #N/A | R76: #N/A | S76: #N/A
C77: #N/A | D77: #N/A | E77: #N/A | F77: #N/A | G77: #N/A | H77: #N/A | I77: #N/A | J77: #N/A | K77: #N/A | L77: #N/A | M77: #N/A | N77: #N/A | O77: #N/A | P77: #N/A | Q77: #N/A | R77: #N/A | S77: #N/A
C78: #N/A | D78: #N/A | E78: #N/A | F78: #N/A | G78: #N/A | H78: #N/A | I78: #N/A | J78: #N/A | K78: #N/A | L78: #N/A | M78: #N/A | N78: #N/A | O78: #N/A | P78: #N/A | Q78: #N/A | R78: #N/A | S78: #N/A
C79: #N/A | D79: #N/A | E79: #N/A | F79: #N/A | G79: #N/A | H79: #N/A | I79: #N/A | J79: #N/A | K79: #N/A | L79: #N/A | M79: #N/A | N79: #N/A | O79: #N/A | P79: #N/A | Q79: #N/A | R79: #N/A | S79: #N/A
C80: #N/A | D80: #N/A | E80: #N/A | F80: #N/A | G80: #N/A | H80: #N/A | I80: #N/A | J80: #N/A | K80: #N/A | L80: #N/A | M80: #N/A | N80: #N/A | O80: #N/A | P80: #N/A | Q80: #N/A | R80: #N/A | S80: #N/A
C81: #N/A | D81: #N/A | E81: #N/A | F81: #N/A | G81: #N/A | H81: #N/A | I81: #N/A | J81: #N/A | K81: #N/A | L81: #N/A | M81: #N/A | N81: #N/A | O81: #N/A | P81: #N/A | Q81: #N/A | R81: #N/A | S81: #N/A
C82: #N/A | D82: #N/A | E82: #N/A | F82: #N/A | G82: #N/A | H82: #N/A | I82: #N/A | J82: #N/A | K82: #N/A | L82: #N/A | M82: #N/A | N82: #N/A | O82: #N/A | P82: #N/A | Q82: #N/A | R82: #N/A | S82: #N/A
C83: #N/A | D83: #N/A | E83: #N/A | F83: #N/A | G83: #N/A | H83: #N/A | I83: #N/A | J83: #N/A | K83: #N/A | L83: #N/A | M83: #N/A | N83: #N/A | O83: #N/A | P83: #N/A | Q83: #N/A | R83: #N/A | S83: #N/A
C84: #N/A | D84: #N/A | E84: #N/A | F84: #N/A | G84: #N/A | H84: #N/A | I84: #N/A | J84: #N/A | K84: #N/A | L84: #N/A | M84: #N/A | N84: #N/A | O84: #N/A | P84: #N/A | Q84: #N/A | R84: #N/A | S84: #N/A
C85: #N/A | D85: #N/A | E85: #N/A | F85: #N/A | G85: #N/A | H85: #N/A | I85: #N/A | J85: #N/A | K85: #N/A | L85: #N/A | M85: #N/A | N85: #N/A | O85: #N/A | P85: #N/A | Q85: #N/A | R85: #N/A | S85: #N/A
C86: #N/A | D86: #N/A | E86: #N/A | F86: #N/A | G86: #N/A | H86: #N/A | I86: #N/A | J86: #N/A | K86: #N/A | L86: #N/A | M86: #N/A | N86: #N/A | O86: #N/A | P86: #N/A | Q86: #N/A | R86: #N/A | S86: #N/A
C87: #N/A | D87: #N/A | E87: #N/A | F87: #N/A | G87: #N/A | H87: #N/A | I87: #N/A | J87: #N/A | K87: #N/A | L87: #N/A | M87: #N/A | N87: #N/A | O87: #N/A | P87: #N/A | Q87: #N/A | R87: #N/A | S87: #N/A
C88: #N/A | D88: #N/A | E88: #N/A | F88: #N/A | G88: #N/A | H88: #N/A | I88: #N/A | J88: #N/A | K88: #N/A | L88: #N/A | M88: #N/A | N88: #N/A | O88: #N/A | P88: #N/A | Q88: #N/A | R88: #N/A | S88: #N/A
... C1501: #N/A | D1501: #N/A | E1501: #N/A | F1501: #N/A | G1501: #N/A | H1501: #N/A | I1501: #N/A | J1501: #N/A | K1501: #N/A | L1501: #N/A | M1501: #N/A | N1501: #N/A | O1501: #N/A | P1501: #N/A | Q1501: #N/A | R1501: #N/A | S1501: #N/A

Sheet Post Plants
A1: Team | B1: Map | C1: Site | D1: Plants | E1: Percentage Of Total Plants | F1: Post Plant Attacking Wins | G1: Post Plant Attacking Losses | H1: Post Plant Win Percentage | I1: Post Plant Loss Percentage | J1: Opponent Plants | K1: Percentage Of Total Opponent Plants | L1: Post Plant Defending Wins | M1: Post Plant Defending Losses | N1: Post Plant Retake Success Percentage | O1: Post Plant Retake Failure Percentage | P1: Key
A2: BBL PCIFIC | B2: Ascent | C2: A | D2: 3 | E2: 75 | F2: 3 | G2: 0 | H2: 100 | I2: 0 | J2: 1 | K2: 33 | L2: 0 | M2: 1 | N2: 0 | O2: 100 | P2: {=""&A2:A1000&"_"&B2:B1000&""} -> BBL PCIFIC_Ascent
A3: BBL PCIFIC | B3: Ascent | C3: B | D3: 1 | E3: 25 | F3: 1 | G3: 0 | H3: 100 | I3: 0 | J3: 2 | K3: 67 | L3: 2 | M3: 0 | N3: 100 | O3: 0 | P3: BBL PCIFIC_Ascent
A4: BBL PCIFIC | B4: Corrode | C4: A | D4: 5 | E4: 42 | F4: 3 | G4: 2 | H4: 60 | I4: 40 | J4: 6 | K4: 43 | L4: 3 | M4: 3 | N4: 50 | O4: 50 | P4: BBL PCIFIC_Corrode
A5: BBL PCIFIC | B5: Corrode | C5: B | D5: 7 | E5: 58 | F5: 5 | G5: 2 | H5: 71 | I5: 29 | J5: 8 | K5: 57 | L5: 2 | M5: 6 | N5: 25 | O5: 75 | P5: BBL PCIFIC_Corrode
A6: BBL PCIFIC | B6: Haven | C6: A | D6: 27 | E6: 47 | F6: 19 | G6: 8 | H6: 70 | I6: 30 | J6: 21 | K6: 42 | L6: 8 | M6: 13 | N6: 38 | O6: 62 | P6: BBL PCIFIC_Haven
A7: BBL PCIFIC | B7: Haven | C7: B | D7: 13 | E7: 23 | F7: 9 | G7: 4 | H7: 69 | I7: 31 | J7: 9 | K7: 18 | L7: 4 | M7: 5 | N7: 44 | O7: 56 | P7: BBL PCIFIC_Haven
A8: BBL PCIFIC | B8: Haven | C8: C | D8: 17 | E8: 30 | F8: 14 | G8: 3 | H8: 82 | I8: 18 | J8: 20 | K8: 40 | L8: 8 | M8: 12 | N8: 40 | O8: 60 | P8: BBL PCIFIC_Haven
A9: BBL PCIFIC | B9: Icebox | C9: A | D9: 10 | E9: 45 | F9: 5 | G9: 5 | H9: 50 | I9: 50 | J9: 9 | K9: 75 | L9: 2 | M9: 7 | N9: 22 | O9: 78 | P9: BBL PCIFIC_Icebox
A10: BBL PCIFIC | B10: Icebox | C10: B | D10: 12 | E10: 55 | F10: 4 | G10: 8 | H10: 33 | I10: 67 | J10: 3 | K10: 25 | L10: 1 | M10: 2 | N10: 33 | O10: 67 | P10: BBL PCIFIC_Icebox
A11: BBL PCIFIC | B11: Lotus | C11: A | D11: 28 | E11: 47 | F11: 22 | G11: 6 | H11: 79 | I11: 21 | J11: 22 | K11: 39 | L11: 7 | M11: 15 | N11: 32 | O11: 68 | P11: BBL PCIFIC_Lotus
A12: BBL PCIFIC | B12: Lotus | C12: B | D12: 12 | E12: 20 | F12: 6 | G12: 6 | H12: 50 | I12: 50 | J12: 20 | K12: 35 | L12: 6 | M12: 14 | N12: 30 | O12: 70 | P12: BBL PCIFIC_Lotus
A13: BBL PCIFIC | B13: Lotus | C13: C | D13: 19 | E13: 32 | F13: 10 | G13: 9 | H13: 53 | I13: 47 | J13: 15 | K13: 26 | L13: 5 | M13: 10 | N13: 33 | O13: 67 | P13: BBL PCIFIC_Lotus
A14: BBL PCIFIC | B14: Pearl | C14: A | D14: 6 | E14: 55 | F14: 6 | G14: 0 | H14: 100 | I14: 0 | J14: 10 | K14: 83 | L14: 6 | M14: 4 | N14: 60 | O14: 40 | P14: BBL PCIFIC_Pearl
... A244: ULF Esports | B244: Sunset | C244: B | D244: 22 | E244: 58 | F244: 18 | G244: 4 | H244: 82 | I244: 18 | J244: 9 | K244: 39 | L244: 2 | M244: 7 | N244: 22 | O244: 78 | P244: ULF Esports_Sunset
P245: _
P246: _
P247: _
P248: _
P249: _
P250: _
P251: _
P252: _
P253: _
P254: _
P255: _
P256: _
... P1000: _

Sheet acs2
A1: Ign | B1: Team | C1: Acs | D1: Matches
A2: Purp0 | B2: Joblife | C2: 258 | D2: 14
A3: jas | B3: Enterprise Esports | C3: 255 | D3: 17
A4: bipo | B4: MOUZ | C4: 247 | D4: 28
A5: Kolosha | B5: Boars Gaming | C5: 245 | D5: 56
A6: Famsii | B6: DNSTY | C6: 243 | D6: 20
A7: GSR | B7: Team Liquid Academy | C7: 233 | D7: 32
A8: DisisJohn | B8: Eintracht Frankfurt | C8: 233 | D8: 27
A9: chiwa | B9: Joblife | C9: 231 | D9: 14
A10: ExiT | B10: Twisted Minds Esports | C10: 231 | D10: 33
A11: b1sk | B11: The Ultimates | C11: 225 | D11: 34
A12: Fizzy | B12: MOUZ | C12: 223 | D12: 28
A13: umu7 | B13: BBL PCIFIC | C13: 221 | D13: 30
... A75: Agent Red | B75: Eintracht Frankfurt (si) | C75: 160 | D75: 7

Sheet acs2025
A1: Ign | B1: Team | C1: Acs | D1: Matches
A2: ComeBack | B2: BBL PCIFIC (ex) | C2: 261 | D2: 68
A3: Purp0 | B3: Joblife | C3: 258 | D3: 14
A4: WanZeru | B4: děti ulice (ex) | C4: 252 | D4: 38
A5: isaa | B5: Team Liquid Academy (si) | C5: 252 | D5: 2
A6: Kolosha | B6: Boars Gaming | C6: 252 | D6: 73
A7: Famsii | B7: DNSTY | C7: 243 | D7: 20
A8: SimonD4rk | B8: DNSTY | C8: 242 | D8: 55
A9: bipo | B9: MOUZ | C9: 242 | D9: 52
A10: ExiT | B10: Twisted Minds Esports | C10: 241 | D10: 86
A11: jas | B11: Enterprise Esports | C11: 238 | D11: 79
A12: b1sk | B12: The Ultimates | C12: 234 | D12: 74
A13: GSR | B13: Team Liquid Academy | C13: 232 | D13: 69
... A104: Johnta | B104: Boars Gaming (si) | C104: 86 | D104: 3

Sheet 5v5
A1: Match Id | B1: Series Id | C1: Event Name | D1: Map Name | E1: Team 1 Name | F1: Team 2 Name | G1: Team 1 Agents | H1: Team 2 Agents | I1: Team 1 Score | J1: Team 2 Score | K1: Team 1 Score At Half | L1: Team 2 Score At Half | M1: Team 1 Attacking Pistol Wins | N1: Team 1 Defending Pistol Wins | O1: Team 1 Attacking Wins | P1: Team 1 Attacking Losses | Q1: Team 1 Defending Wins | R1: Team 1 Defending Losses | S1: Team 2 Attacking Pistol Wins | T1: Team 2 Defending Pistol Wins | U1: Team 2 Attacking Wins | V1: Team 2 Attacking Losses | W1: Team 2 Defending Wins | X1: Team 2 Defending Losses | Y1: Date | Z1: Team_Map Index | AA1: win team
A2: =IFERROR(__xludf.DUMMYFUNCTION("QUERY(doubles!A:Z, ""select * where Col5 matches '"" & TEXTJOIN(""|"", TRUE, teams) & ""'"", 0)"),212692.0) -> 212692 | B2: =IFERROR(__xludf.DUMMYFUNCTION("""COMPUTED_VALUE"""),93676.0) -> 93676 | C2: =IFERROR(__xludf.DUMMYFUNCTION("""COMPUTED_VALUE"""),"Challengers 2025: Spain Rising Finals - Playoffs") -> Challengers 2025: Spain Rising Finals - Playoffs | D2: =IFERROR(__xludf.DUMMYFUNCTION("""COMPUTED_VALUE"""),"Ascent") -> Ascent | E2: =IFERROR(__xludf.DUMMYFUNCTION("""COMPUTED_VALUE"""),"KOI Fénix") -> KOI Fénix | F2: =IFERROR(__xludf.DUMMYFUNCTION("""COMPUTED_VALUE"""),"DNSTY") -> DNSTY | G2: =IFERROR(__xludf.DUMMYFUNCTION("""COMPUTED_VALUE"""),"Sova,Omen,Yoru,Chamber,Vyse") -> Sova,Omen,Yoru,Chamber,Vyse | H2: =IFERROR(__xludf.DUMMYFUNCTION("""COMPUTED_VALUE"""),"Sova,Killjoy,Omen,Jett,KAY/O") -> Sova,Killjoy,Omen,Jett,KAY/O | I2: =IFERROR(__xludf.DUMMYFUNCTION("""COMPUTED_VALUE"""),6.0) -> 6 | J2: =IFERROR(__xludf.DUMMYFUNCTION("""COMPUTED_VALUE"""),13.0) -> 13 | K2: =IFERROR(__xludf.DUMMYFUNCTION("""COMPUTED_VALUE"""),5.0) -> 5 | L2: =IFERROR(__xludf.DUMMYFUNCTION("""COMPUTED_VALUE"""),7.0) -> 7 | M2: =IFERROR(__xludf.DUMMYFUNCTION("""COMPUTED_VALUE"""),1.0) -> 1 | N2: =IFERROR(__xludf.DUMMYFUNCTION("""COMPUTED_VALUE"""),0.0) -> 0 | O2: =IFERROR(__xludf.DUMMYFUNCTION("""COMPUTED_VALUE"""),5.0) -> 5 | P2: =IFERROR(__xludf.DUMMYFUNCTION("""COMPUTED_VALUE"""),7.0) -> 7 | Q2: =IFERROR(__xludf.DUMMYFUNCTION("""COMPUTED_VALUE"""),1.0) -> 1 | R2: =IFERROR(__xludf.DUMMYFUNCTION("""COMPUTED_VALUE"""),6.0) -> 6 | S2: =IFERROR(__xludf.DUMMYFUNCTION("""COMPUTED_VALUE"""),1.0) -> 1 | T2: =IFERROR(__xludf.DUMMYFUNCTION("""COMPUTED_VALUE"""),0.0) -> 0 | U2: =IFERROR(__xludf.DUMMYFUNCTION("""COMPUTED_VALUE"""),6.0) -> 6 | V2: =IFERROR(__xludf.DUMMYFUNCTION("""COMPUTED_VALUE"""),1.0) -> 1 | W2: =IFERROR(__xludf.DUMMYFUNCTION("""COMPUTED_VALUE"""),7.0) -> 7 | X2: =IFERROR(__xludf.DUMMYFUNCTION("""COMPUTED_VALUE"""),5.0) -> 5 | Y2: =IFERROR(__xludf.DUMMYFUNCTION("""COMPUTED_VALUE"""),"2025-08-20T00:00:00.000Z") -> 2025-08-20T00:00:00.000Z | Z2: =IFERROR(__xludf.DUMMYFUNCTION("""COMPUTED_VALUE"""),"KOI Fénix_Ascent") -> KOI Fénix_Ascent
A3: =IFERROR(__xludf.DUMMYFUNCTION("""COMPUTED_VALUE"""),212691.0) -> 212691 | B3: =IFERROR(__xludf.DUMMYFUNCTION("""COMPUTED_VALUE"""),93676.0) -> 93676 | C3: =IFERROR(__xludf.DUMMYFUNCTION("""COMPUTED_VALUE"""),"Challengers 2025: Spain Rising Finals - Playoffs") -> Challengers 2025: Spain Rising Finals - Playoffs | D3: =IFERROR(__xludf.DUMMYFUNCTION("""COMPUTED_VALUE"""),"Haven") -> Haven | E3: =IFERROR(__xludf.DUMMYFUNCTION("""COMPUTED_VALUE"""),"KOI Fénix") -> KOI Fénix | F3: =IFERROR(__xludf.DUMMYFUNCTION("""COMPUTED_VALUE"""),"DNSTY") -> DNSTY | G3: =IFERROR(__xludf.DUMMYFUNCTION("""COMPUTED_VALUE"""),"Breach,Cypher,Sova,Omen,Neon") -> Breach,Cypher,Sova,Omen,Neon | H3: =IFERROR(__xludf.DUMMYFUNCTION("""COMPUTED_VALUE"""),"Sova,Killjoy,Viper,Omen,Neon") -> Sova,Killjoy,Viper,Omen,Neon | I3: =IFERROR(__xludf.DUMMYFUNCTION("""COMPUTED_VALUE"""),10.0) -> 10 | J3: =IFERROR(__xludf.DUMMYFUNCTION("""COMPUTED_VALUE"""),13.0) -> 13 | K3: =IFERROR(__xludf.DUMMYFUNCTION("""COMPUTED_VALUE"""),9.0) -> 9 | L3: =IFERROR(__xludf.DUMMYFUNCTION("""COMPUTED_VALUE"""),3.0) -> 3 | M3: =IFERROR(__xludf.DUMMYFUNCTION("""COMPUTED_VALUE"""),1.0) -> 1 | N3: =IFERROR(__xludf.DUMMYFUNCTION("""COMPUTED_VALUE"""),0.0) -> 0 | O3: =IFERROR(__xludf.DUMMYFUNCTION("""COMPUTED_VALUE"""),9.0) -> 9 | P3: =IFERROR(__xludf.DUMMYFUNCTION("""COMPUTED_VALUE"""),3.0) -> 3 | Q3: =IFERROR(__xludf.DUMMYFUNCTION("""COMPUTED_VALUE"""),1.0) -> 1 | R3: =IFERROR(__xludf.DUMMYFUNCTION("""COMPUTED_VALUE"""),10.0) -> 10 | S3: =IFERROR(__xludf.DUMMYFUNCTION("""COMPUTED_VALUE"""),1.0) -> 1 | T3: =IFERROR(__xludf.DUMMYFUNCTION("""COMPUTED_VALUE"""),0.0) -> 0 | U3: =IFERROR(__xludf.DUMMYFUNCTION("""COMPUTED_VALUE"""),10.0) -> 10 | V3: =IFERROR(__xludf.DUMMYFUNCTION("""COMPUTED_VALUE"""),1.0) -> 1 | W3: =IFERROR(__xludf.DUMMYFUNCTION("""COMPUTED_VALUE"""),3.0) -> 3 | X3: =IFERROR(__xludf.DUMMYFUNCTION("""COMPUTED_VALUE"""),9.0) -> 9 | Y3: =IFERROR(__xludf.DUMMYFUNCTION("""COMPUTED_VALUE"""),"2025-08-20T00:00:00.000Z") -> 2025-08-20T00:00:00.000Z | Z3: =IFERROR(__xludf.DUMMYFUNCTION("""COMPUTED_VALUE"""),"KOI Fénix_Haven") -> KOI Fénix_Haven
A4: =IFERROR(__xludf.DUMMYFUNCTION("""COMPUTED_VALUE"""),212690.0) -> 212690 | B4: =IFERROR(__xludf.DUMMYFUNCTION("""COMPUTED_VALUE"""),93676.0) -> 93676 | C4: =IFERROR(__xludf.DUMMYFUNCTION("""COMPUTED_VALUE"""),"Challengers 2025: Spain Rising Finals - Playoffs") -> Challengers 2025: Spain Rising Finals - Playoffs | D4: =IFERROR(__xludf.DUMMYFUNCTION("""COMPUTED_VALUE"""),"Bind") -> Bind | E4: =IFERROR(__xludf.DUMMYFUNCTION("""COMPUTED_VALUE"""),"KOI Fénix") -> KOI Fénix | F4: =IFERROR(__xludf.DUMMYFUNCTION("""COMPUTED_VALUE"""),"DNSTY") -> DNSTY | G4: =IFERROR(__xludf.DUMMYFUNCTION("""COMPUTED_VALUE"""),"Yoru,Astra,Gekko,Deadlock,Vyse") -> Yoru,Astra,Gekko,Deadlock,Vyse | H4: =IFERROR(__xludf.DUMMYFUNCTION("""COMPUTED_VALUE"""),"Raze,Viper,Brimstone,Yoru,Fade") -> Raze,Viper,Brimstone,Yoru,Fade | I4: =IFERROR(__xludf.DUMMYFUNCTION("""COMPUTED_VALUE"""),13.0) -> 13 | J4: =IFERROR(__xludf.DUMMYFUNCTION("""COMPUTED_VALUE"""),8.0) -> 8 | K4: =IFERROR(__xludf.DUMMYFUNCTION("""COMPUTED_VALUE"""),8.0) -> 8 | L4: =IFERROR(__xludf.DUMMYFUNCTION("""COMPUTED_VALUE"""),4.0) -> 4 | M4: =IFERROR(__xludf.DUMMYFUNCTION("""COMPUTED_VALUE"""),1.0) -> 1 | N4: =IFERROR(__xludf.DUMMYFUNCTION("""COMPUTED_VALUE"""),1.0) -> 1 | O4: =IFERROR(__xludf.DUMMYFUNCTION("""COMPUTED_VALUE"""),8.0) -> 8 | P4: =IFERROR(__xludf.DUMMYFUNCTION("""COMPUTED_VALUE"""),4.0) -> 4 | Q4: =IFERROR(__xludf.DUMMYFUNCTION("""COMPUTED_VALUE"""),5.0) -> 5 | R4: =IFERROR(__xludf.DUMMYFUNCTION("""COMPUTED_VALUE"""),4.0) -> 4 | S4: =IFERROR(__xludf.DUMMYFUNCTION("""COMPUTED_VALUE"""),0.0) -> 0 | T4: =IFERROR(__xludf.DUMMYFUNCTION("""COMPUTED_VALUE"""),0.0) -> 0 | U4: =IFERROR(__xludf.DUMMYFUNCTION("""COMPUTED_VALUE"""),4.0) -> 4 | V4: =IFERROR(__xludf.DUMMYFUNCTION("""COMPUTED_VALUE"""),5.0) -> 5 | W4: =IFERROR(__xludf.DUMMYFUNCTION("""COMPUTED_VALUE"""),4.0) -> 4 | X4: =IFERROR(__xludf.DUMMYFUNCTION("""COMPUTED_VALUE"""),8.0) -> 8 | Y4: =IFERROR(__xludf.DUMMYFUNCTION("""COMPUTED_VALUE"""),"2025-08-20T00:00:00.000Z") -> 2025-08-20T00:00:00.000Z | Z4: =IFERROR(__xludf.DUMMYFUNCTION("""COMPUTED_VALUE"""),"KOI Fénix_Bind") -> KOI Fénix_Bind
A5: =IFERROR(__xludf.DUMMYFUNCTION("""COMPUTED_VALUE"""),213558.0) -> 213558 | B5: =IFERROR(__xludf.DUMMYFUNCTION("""COMPUTED_VALUE"""),93971.0) -> 93971 | C5: =IFERROR(__xludf.DUMMYFUNCTION("""COMPUTED_VALUE"""),"Challengers League 2025 MENA: Resilience - LAN Finals - Main Event") -> Challengers League 2025 MENA: Resilience - LAN Finals - Main Event | D5: =IFERROR(__xludf.DUMMYFUNCTION("""COMPUTED_VALUE"""),"Icebox") -> Icebox | E5: =IFERROR(__xludf.DUMMYFUNCTION("""COMPUTED_VALUE"""),"The Ultimates") -> The Ultimates | F5: =IFERROR(__xludf.DUMMYFUNCTION("""COMPUTED_VALUE"""),"Twisted Minds Esports") -> Twisted Minds Esports | G5: =IFERROR(__xludf.DUMMYFUNCTION("""COMPUTED_VALUE"""),"Reyna,Omen,KAY/O,Harbor,Gekko") -> Reyna,Omen,KAY/O,Harbor,Gekko | H5: =IFERROR(__xludf.DUMMYFUNCTION("""COMPUTED_VALUE"""),"Sova,Killjoy,Viper,Omen,Jett") -> Sova,Killjoy,Viper,Omen,Jett | I5: =IFERROR(__xludf.DUMMYFUNCTION("""COMPUTED_VALUE"""),3.0) -> 3 | J5: =IFERROR(__xludf.DUMMYFUNCTION("""COMPUTED_VALUE"""),13.0) -> 13 | K5: =IFERROR(__xludf.DUMMYFUNCTION("""COMPUTED_VALUE"""),1.0) -> 1 | L5: =IFERROR(__xludf.DUMMYFUNCTION("""COMPUTED_VALUE"""),11.0) -> 11 | M5: =IFERROR(__xludf.DUMMYFUNCTION("""COMPUTED_VALUE"""),1.0) -> 1 | N5: =IFERROR(__xludf.DUMMYFUNCTION("""COMPUTED_VALUE"""),1.0) -> 1 | O5: =IFERROR(__xludf.DUMMYFUNCTION("""COMPUTED_VALUE"""),1.0) -> 1 | P5: =IFERROR(__xludf.DUMMYFUNCTION("""COMPUTED_VALUE"""),11.0) -> 11 | Q5: =IFERROR(__xludf.DUMMYFUNCTION("""COMPUTED_VALUE"""),2.0) -> 2 | R5: =IFERROR(__xludf.DUMMYFUNCTION("""COMPUTED_VALUE"""),2.0) -> 2 | S5: =IFERROR(__xludf.DUMMYFUNCTION("""COMPUTED_VALUE"""),0.0) -> 0 | T5: =IFERROR(__xludf.DUMMYFUNCTION("""COMPUTED_VALUE"""),0.0) -> 0 | U5: =IFERROR(__xludf.DUMMYFUNCTION("""COMPUTED_VALUE"""),2.0) -> 2 | V5: =IFERROR(__xludf.DUMMYFUNCTION("""COMPUTED_VALUE"""),2.0) -> 2 | W5: =IFERROR(__xludf.DUMMYFUNCTION("""COMPUTED_VALUE"""),11.0) -> 11 | X5: =IFERROR(__xludf.DUMMYFUNCTION("""COMPUTED_VALUE"""),1.0) -> 1 | Y5: =IFERROR(__xludf.DUMMYFUNCTION("""COMPUTED_VALUE"""),"2025-08-20T00:00:00.000Z") -> 2025-08-20T00:00:00.000Z | Z5: =IFERROR(__xludf.DUMMYFUNCTION("""COMPUTED_VALUE"""),"The Ultimates_Icebox") -> The Ultimates_Icebox
A6: =IFERROR(__xludf.DUMMYFUNCTION("""COMPUTED_VALUE"""),212689.0) -> 212689 | B6: =IFERROR(__xludf.DUMMYFUNCTION("""COMPUTED_VALUE"""),93676.0) -> 93676 | C6: =IFERROR(__xludf.DUMMYFUNCTION("""COMPUTED_VALUE"""),"Challengers 2025: Spain Rising Finals - Playoffs") -> Challengers 2025: Spain Rising Finals - Playoffs | D6: =IFERROR(__xludf.DUMMYFUNCTION("""COMPUTED_VALUE"""),"Sunset") -> Sunset | E6: =IFERROR(__xludf.DUMMYFUNCTION("""COMPUTED_VALUE"""),"KOI Fénix") -> KOI Fénix | F6: =IFERROR(__xludf.DUMMYFUNCTION("""COMPUTED_VALUE"""),"DNSTY") -> DNSTY | G6: =IFERROR(__xludf.DUMMYFUNCTION("""COMPUTED_VALUE"""),"Breach,Sage,Omen,Neon,Gekko") -> Breach,Sage,Omen,Neon,Gekko | H6: =IFERROR(__xludf.DUMMYFUNCTION("""COMPUTED_VALUE"""),"Sova,Viper,Omen,Neon,Deadlock") -> Sova,Viper,Omen,Neon,Deadlock | I6: =IFERROR(__xludf.DUMMYFUNCTION("""COMPUTED_VALUE"""),11.0) -> 11 | J6: =IFERROR(__xludf.DUMMYFUNCTION("""COMPUTED_VALUE"""),13.0) -> 13 | K6: =IFERROR(__xludf.DUMMYFUNCTION("""COMPUTED_VALUE"""),9.0) -> 9 | L6: =IFERROR(__xludf.DUMMYFUNCTION("""COMPUTED_VALUE"""),3.0) -> 3 | M6: =IFERROR(__xludf.DUMMYFUNCTION("""COMPUTED_VALUE"""),0.0) -> 0 | N6: =IFERROR(__xludf.DUMMYFUNCTION("""COMPUTED_VALUE"""),0.0) -> 0 | O6: =IFERROR(__xludf.DUMMYFUNCTION("""COMPUTED_VALUE"""),2.0) -> 2 | P6: =IFERROR(__xludf.DUMMYFUNCTION("""COMPUTED_VALUE"""),10.0) -> 10 | Q6: =IFERROR(__xludf.DUMMYFUNCTION("""COMPUTED_VALUE"""),9.0) -> 9 | R6: =IFERROR(__xludf.DUMMYFUNCTION("""COMPUTED_VALUE"""),3.0) -> 3 | S6: =IFERROR(__xludf.DUMMYFUNCTION("""COMPUTED_VALUE"""),1.0) -> 1 | T6: =IFERROR(__xludf.DUMMYFUNCTION("""COMPUTED_VALUE"""),1.0) -> 1 | U6: =IFERROR(__xludf.DUMMYFUNCTION("""COMPUTED_VALUE"""),3.0) -> 3 | V6: =IFERROR(__xludf.DUMMYFUNCTION("""COMPUTED_VALUE"""),9.0) -> 9 | W6: =IFERROR(__xludf.DUMMYFUNCTION("""COMPUTED_VALUE"""),10.0) -> 10 | X6: =IFERROR(__xludf.DUMMYFUNCTION("""COMPUTED_VALUE"""),2.0) -> 2 | Y6: =IFERROR(__xludf.DUMMYFUNCTION("""COMPUTED_VALUE"""),"2025-08-20T00:00:00.000Z") -> 2025-08-20T00:00:00.000Z | Z6: =IFERROR(__xludf.DUMMYFUNCTION("""COMPUTED_VALUE"""),"KOI Fénix_Sunset") -> KOI Fénix_Sunset
A7: =IFERROR(__xludf.DUMMYFUNCTION("""COMPUTED_VALUE"""),213557.0) -> 213557 | B7: =IFERROR(__xludf.DUMMYFUNCTION("""COMPUTED_VALUE"""),93971.0) -> 93971 | C7: =IFERROR(__xludf.DUMMYFUNCTION("""COMPUTED_VALUE"""),"Challengers League 2025 MENA: Resilience - LAN Finals - Main Event") -> Challengers League 2025 MENA: Resilience - LAN Finals - Main Event | D7: =IFERROR(__xludf.DUMMYFUNCTION("""COMPUTED_VALUE"""),"Bind") -> Bind | E7: =IFERROR(__xludf.DUMMYFUNCTION("""COMPUTED_VALUE"""),"The Ultimates") -> The Ultimates | F7: =IFERROR(__xludf.DUMMYFUNCTION("""COMPUTED_VALUE"""),"Twisted Minds Esports") -> Twisted Minds Esports | G7: =IFERROR(__xludf.DUMMYFUNCTION("""COMPUTED_VALUE"""),"Raze,Viper,Omen,Fade,Gekko") -> Raze,Viper,Omen,Fade,Gekko | H7: =IFERROR(__xludf.DUMMYFUNCTION("""COMPUTED_VALUE"""),"Raze,Viper,Brimstone,Yoru,Fade") -> Raze,Viper,Brimstone,Yoru,Fade | I7: =IFERROR(__xludf.DUMMYFUNCTION("""COMPUTED_VALUE"""),3.0) -> 3 | J7: =IFERROR(__xludf.DUMMYFUNCTION("""COMPUTED_VALUE"""),13.0) -> 13 | K7: =IFERROR(__xludf.DUMMYFUNCTION("""COMPUTED_VALUE"""),3.0) -> 3 | L7: =IFERROR(__xludf.DUMMYFUNCTION("""COMPUTED_VALUE"""),9.0) -> 9 | M7: =IFERROR(__xludf.DUMMYFUNCTION("""COMPUTED_VALUE"""),0.0) -> 0 | N7: =IFERROR(__xludf.DUMMYFUNCTION("""COMPUTED_VALUE"""),0.0) -> 0 | O7: =IFERROR(__xludf.DUMMYFUNCTION("""COMPUTED_VALUE"""),0.0) -> 0 | P7: =IFERROR(__xludf.DUMMYFUNCTION("""COMPUTED_VALUE"""),4.0) -> 4 | Q7: =IFERROR(__xludf.DUMMYFUNCTION("""COMPUTED_VALUE"""),3.0) -> 3 | R7: =IFERROR(__xludf.DUMMYFUNCTION("""COMPUTED_VALUE"""),9.0) -> 9 | S7: =IFERROR(__xludf.DUMMYFUNCTION("""COMPUTED_VALUE"""),1.0) -> 1 | T7: =IFERROR(__xludf.DUMMYFUNCTION("""COMPUTED_VALUE"""),1.0) -> 1 | U7: =IFERROR(__xludf.DUMMYFUNCTION("""COMPUTED_VALUE"""),9.0) -> 9 | V7: =IFERROR(__xludf.DUMMYFUNCTION("""COMPUTED_VALUE"""),3.0) -> 3 | W7: =IFERROR(__xludf.DUMMYFUNCTION("""COMPUTED_VALUE"""),4.0) -> 4 | X7: =IFERROR(__xludf.DUMMYFUNCTION("""COMPUTED_VALUE"""),0.0) -> 0 | Y7: =IFERROR(__xludf.DUMMYFUNCTION("""COMPUTED_VALUE"""),"2025-08-20T00:00:00.000Z") -> 2025-08-20T00:00:00.000Z | Z7: =IFERROR(__xludf.DUMMYFUNCTION("""COMPUTED_VALUE"""),"The Ultimates_Bind") -> The Ultimates_Bind
A8: =IFERROR(__xludf.DUMMYFUNCTION("""COMPUTED_VALUE"""),212688.0) -> 212688 | B8: =IFERROR(__xludf.DUMMYFUNCTION("""COMPUTED_VALUE"""),93676.0) -> 93676 | C8: =IFERROR(__xludf.DUMMYFUNCTION("""COMPUTED_VALUE"""),"Challengers 2025: Spain Rising Finals - Playoffs") -> Challengers 2025: Spain Rising Finals - Playoffs | D8: =IFERROR(__xludf.DUMMYFUNCTION("""COMPUTED_VALUE"""),"Lotus") -> Lotus | E8: =IFERROR(__xludf.DUMMYFUNCTION("""COMPUTED_VALUE"""),"KOI Fénix") -> KOI Fénix | F8: =IFERROR(__xludf.DUMMYFUNCTION("""COMPUTED_VALUE"""),"DNSTY") -> DNSTY | G8: =IFERROR(__xludf.DUMMYFUNCTION("""COMPUTED_VALUE"""),"Breach,Sova,Killjoy,Omen,Neon") -> Breach,Sova,Killjoy,Omen,Neon | H8: =IFERROR(__xludf.DUMMYFUNCTION("""COMPUTED_VALUE"""),"Raze,Killjoy,Viper,Omen,Fade") -> Raze,Killjoy,Viper,Omen,Fade | I8: =IFERROR(__xludf.DUMMYFUNCTION("""COMPUTED_VALUE"""),13.0) -> 13 | J8: =IFERROR(__xludf.DUMMYFUNCTION("""COMPUTED_VALUE"""),11.0) -> 11 | K8: =IFERROR(__xludf.DUMMYFUNCTION("""COMPUTED_VALUE"""),6.0) -> 6 | L8: =IFERROR(__xludf.DUMMYFUNCTION("""COMPUTED_VALUE"""),6.0) -> 6 | M8: =IFERROR(__xludf.DUMMYFUNCTION("""COMPUTED_VALUE"""),0.0) -> 0 | N8: =IFERROR(__xludf.DUMMYFUNCTION("""COMPUTED_VALUE"""),1.0) -> 1 | O8: =IFERROR(__xludf.DUMMYFUNCTION("""COMPUTED_VALUE"""),7.0) -> 7 | P8: =IFERROR(__xludf.DUMMYFUNCTION("""COMPUTED_VALUE"""),5.0) -> 5 | Q8: =IFERROR(__xludf.DUMMYFUNCTION("""COMPUTED_VALUE"""),6.0) -> 6 | R8: =IFERROR(__xludf.DUMMYFUNCTION("""COMPUTED_VALUE"""),6.0) -> 6 | S8: =IFERROR(__xludf.DUMMYFUNCTION("""COMPUTED_VALUE"""),0.0) -> 0 | T8: =IFERROR(__xludf.DUMMYFUNCTION("""COMPUTED_VALUE"""),1.0) -> 1 | U8: =IFERROR(__xludf.DUMMYFUNCTION("""COMPUTED_VALUE"""),6.0) -> 6 | V8: =IFERROR(__xludf.DUMMYFUNCTION("""COMPUTED_VALUE"""),6.0) -> 6 | W8: =IFERROR(__xludf.DUMMYFUNCTION("""COMPUTED_VALUE"""),5.0) -> 5 | X8: =IFERROR(__xludf.DUMMYFUNCTION("""COMPUTED_VALUE"""),7.0) -> 7 | Y8: =IFERROR(__xludf.DUMMYFUNCTION("""COMPUTED_VALUE"""),"2025-08-20T00:00:00.000Z") -> 2025-08-20T00:00:00.000Z | Z8: =IFERROR(__xludf.DUMMYFUNCTION("""COMPUTED_VALUE"""),"KOI Fénix_Lotus") -> KOI Fénix_Lotus
A9: =IFERROR(__xludf.DUMMYFUNCTION("""COMPUTED_VALUE"""),213556.0) -> 213556 | B9: =IFERROR(__xludf.DUMMYFUNCTION("""COMPUTED_VALUE"""),93971.0) -> 93971 | C9: =IFERROR(__xludf.DUMMYFUNCTION("""COMPUTED_VALUE"""),"Challengers League 2025 MENA: Resilience - LAN Finals - Main Event") -> Challengers League 2025 MENA: Resilience - LAN Finals - Main Event | D9: =IFERROR(__xludf.DUMMYFUNCTION("""COMPUTED_VALUE"""),"Haven") -> Haven | E9: =IFERROR(__xludf.DUMMYFUNCTION("""COMPUTED_VALUE"""),"The Ultimates") -> The Ultimates | F9: =IFERROR(__xludf.DUMMYFUNCTION("""COMPUTED_VALUE"""),"Twisted Minds Esports") -> Twisted Minds Esports | G9: =IFERROR(__xludf.DUMMYFUNCTION("""COMPUTED_VALUE"""),"Breach,Cypher,Sova,Omen,Neon") -> Breach,Cypher,Sova,Omen,Neon | H9: =IFERROR(__xludf.DUMMYFUNCTION("""COMPUTED_VALUE"""),"Sova,Killjoy,Viper,Omen,Neon") -> Sova,Killjoy,Viper,Omen,Neon | I9: =IFERROR(__xludf.DUMMYFUNCTION("""COMPUTED_VALUE"""),11.0) -> 11 | J9: =IFERROR(__xludf.DUMMYFUNCTION("""COMPUTED_VALUE"""),13.0) -> 13 | K9: =IFERROR(__xludf.DUMMYFUNCTION("""COMPUTED_VALUE"""),7.0) -> 7 | L9: =IFERROR(__xludf.DUMMYFUNCTION("""COMPUTED_VALUE"""),5.0) -> 5 | M9: =IFERROR(__xludf.DUMMYFUNCTION("""COMPUTED_VALUE"""),1.0) -> 1 | N9: =IFERROR(__xludf.DUMMYFUNCTION("""COMPUTED_VALUE"""),0.0) -> 0 | O9: =IFERROR(__xludf.DUMMYFUNCTION("""COMPUTED_VALUE"""),4.0) -> 4 | P9: =IFERROR(__xludf.DUMMYFUNCTION("""COMPUTED_VALUE"""),8.0) -> 8 | Q9: =IFERROR(__xludf.DUMMYFUNCTION("""COMPUTED_VALUE"""),7.0) -> 7 | R9: =IFERROR(__xludf.DUMMYFUNCTION("""COMPUTED_VALUE"""),5.0) -> 5 | S9: =IFERROR(__xludf.DUMMYFUNCTION("""COMPUTED_VALUE"""),1.0) -> 1 | T9: =IFERROR(__xludf.DUMMYFUNCTION("""COMPUTED_VALUE"""),0.0) -> 0 | U9: =IFERROR(__xludf.DUMMYFUNCTION("""COMPUTED_VALUE"""),5.0) -> 5 | V9: =IFERROR(__xludf.DUMMYFUNCTION("""COMPUTED_VALUE"""),7.0) -> 7 | W9: =IFERROR(__xludf.DUMMYFUNCTION("""COMPUTED_VALUE"""),8.0) -> 8 | X9: =IFERROR(__xludf.DUMMYFUNCTION("""COMPUTED_VALUE"""),4.0) -> 4 | Y9: =IFERROR(__xludf.DUMMYFUNCTION("""COMPUTED_VALUE"""),"2025-08-20T00:00:00.000Z") -> 2025-08-20T00:00:00.000Z | Z9: =IFERROR(__xludf.DUMMYFUNCTION("""COMPUTED_VALUE"""),"The Ultimates_Haven") -> The Ultimates_Haven
A10: =IFERROR(__xludf.DUMMYFUNCTION("""COMPUTED_VALUE"""),213529.0) -> 213529 | B10: =IFERROR(__xludf.DUMMYFUNCTION("""COMPUTED_VALUE"""),93963.0) -> 93963 | C10: =IFERROR(__xludf.DUMMYFUNCTION("""COMPUTED_VALUE"""),"Challengers League 2025 MENA: Resilience - LAN Finals - Main Event") -> Challengers League 2025 MENA: Resilience - LAN Finals - Main Event | D10: =IFERROR(__xludf.DUMMYFUNCTION("""COMPUTED_VALUE"""),"Corrode") -> Corrode | E10: =IFERROR(__xludf.DUMMYFUNCTION("""COMPUTED_VALUE"""),"Twisted Minds Esports") -> Twisted Minds Esports | F10: =IFERROR(__xludf.DUMMYFUNCTION("""COMPUTED_VALUE"""),"Team RA'AD") -> Team RA'AD | G10: =IFERROR(__xludf.DUMMYFUNCTION("""COMPUTED_VALUE"""),"Omen,Yoru,Chamber,Fade,Vyse") -> Omen,Yoru,Chamber,Fade,Vyse | H10: =IFERROR(__xludf.DUMMYFUNCTION("""COMPUTED_VALUE"""),"Sage,Omen,Yoru,Fade,Vyse") -> Sage,Omen,Yoru,Fade,Vyse | I10: =IFERROR(__xludf.DUMMYFUNCTION("""COMPUTED_VALUE"""),15.0) -> 15 | J10: =IFERROR(__xludf.DUMMYFUNCTION("""COMPUTED_VALUE"""),13.0) -> 13 | K10: =IFERROR(__xludf.DUMMYFUNCTION("""COMPUTED_VALUE"""),7.0) -> 7 | L10: =IFERROR(__xludf.DUMMYFUNCTION("""COMPUTED_VALUE"""),5.0) -> 5 | M10: =IFERROR(__xludf.DUMMYFUNCTION("""COMPUTED_VALUE"""),0.0) -> 0 | N10: =IFERROR(__xludf.DUMMYFUNCTION("""COMPUTED_VALUE"""),1.0) -> 1 | O10: =IFERROR(__xludf.DUMMYFUNCTION("""COMPUTED_VALUE"""),8.0) -> 8 | P10: =IFERROR(__xludf.DUMMYFUNCTION("""COMPUTED_VALUE"""),6.0) -> 6 | Q10: =IFERROR(__xludf.DUMMYFUNCTION("""COMPUTED_VALUE"""),7.0) -> 7 | R10: =IFERROR(__xludf.DUMMYFUNCTION("""COMPUTED_VALUE"""),7.0) -> 7 | S10: =IFERROR(__xludf.DUMMYFUNCTION("""COMPUTED_VALUE"""),0.0) -> 0 | T10: =IFERROR(__xludf.DUMMYFUNCTION("""COMPUTED_VALUE"""),1.0) -> 1 | U10: =IFERROR(__xludf.DUMMYFUNCTION("""COMPUTED_VALUE"""),7.0) -> 7 | V10: =IFERROR(__xludf.DUMMYFUNCTION("""COMPUTED_VALUE"""),7.0) -> 7 | W10: =IFERROR(__xludf.DUMMYFUNCTION("""COMPUTED_VALUE"""),6.0) -> 6 | X10: =IFERROR(__xludf.DUMMYFUNCTION("""COMPUTED_VALUE"""),8.0) -> 8 | Y10: =IFERROR(__xludf.DUMMYFUNCTION("""COMPUTED_VALUE"""),"2025-08-18T00:00:00.000Z") -> 2025-08-18T00:00:00.000Z | Z10: =IFERROR(__xludf.DUMMYFUNCTION("""COMPUTED_VALUE"""),"Twisted Minds Esports_Corrode") -> Twisted Minds Esports_Corrode
A11: =IFERROR(__xludf.DUMMYFUNCTION("""COMPUTED_VALUE"""),213528.0) -> 213528 | B11: =IFERROR(__xludf.DUMMYFUNCTION("""COMPUTED_VALUE"""),93963.0) -> 93963 | C11: =IFERROR(__xludf.DUMMYFUNCTION("""COMPUTED_VALUE"""),"Challengers League 2025 MENA: Resilience - LAN Finals - Main Event") -> Challengers League 2025 MENA: Resilience - LAN Finals - Main Event | D11: =IFERROR(__xludf.DUMMYFUNCTION("""COMPUTED_VALUE"""),"Lotus") -> Lotus | E11: =IFERROR(__xludf.DUMMYFUNCTION("""COMPUTED_VALUE"""),"Twisted Minds Esports") -> Twisted Minds Esports | F11: =IFERROR(__xludf.DUMMYFUNCTION("""COMPUTED_VALUE"""),"Team RA'AD") -> Team RA'AD | G11: =IFERROR(__xludf.DUMMYFUNCTION("""COMPUTED_VALUE"""),"Raze,Killjoy,Viper,Omen,Fade") -> Raze,Killjoy,Viper,Omen,Fade | H11: =IFERROR(__xludf.DUMMYFUNCTION("""COMPUTED_VALUE"""),"Raze,Omen,Yoru,Fade,Vyse") -> Raze,Omen,Yoru,Fade,Vyse | I11: =IFERROR(__xludf.DUMMYFUNCTION("""COMPUTED_VALUE"""),15.0) -> 15 | J11: =IFERROR(__xludf.DUMMYFUNCTION("""COMPUTED_VALUE"""),13.0) -> 13 | K11: =IFERROR(__xludf.DUMMYFUNCTION("""COMPUTED_VALUE"""),4.0) -> 4 | L11: =IFERROR(__xludf.DUMMYFUNCTION("""COMPUTED_VALUE"""),8.0) -> 8 | M11: =IFERROR(__xludf.DUMMYFUNCTION("""COMPUTED_VALUE"""),1.0) -> 1 | N11: =IFERROR(__xludf.DUMMYFUNCTION("""COMPUTED_VALUE"""),0.0) -> 0 | O11: =IFERROR(__xludf.DUMMYFUNCTION("""COMPUTED_VALUE"""),9.0) -> 9 | P11: =IFERROR(__xludf.DUMMYFUNCTION("""COMPUTED_VALUE"""),5.0) -> 5 | Q11: =IFERROR(__xludf.DUMMYFUNCTION("""COMPUTED_VALUE"""),6.0) -> 6 | R11: =IFERROR(__xludf.DUMMYFUNCTION("""COMPUTED_VALUE"""),8.0) -> 8 | S11: =IFERROR(__xludf.DUMMYFUNCTION("""COMPUTED_VALUE"""),1.0) -> 1 | T11: =IFERROR(__xludf.DUMMYFUNCTION("""COMPUTED_VALUE"""),0.0) -> 0 | U11: =IFERROR(__xludf.DUMMYFUNCTION("""COMPUTED_VALUE"""),8.0) -> 8 | V11: =IFERROR(__xludf.DUMMYFUNCTION("""COMPUTED_VALUE"""),6.0) -> 6 | W11: =IFERROR(__xludf.DUMMYFUNCTION("""COMPUTED_VALUE"""),5.0) -> 5 | X11: =IFERROR(__xludf.DUMMYFUNCTION("""COMPUTED_VALUE"""),9.0) -> 9 | Y11: =IFERROR(__xludf.DUMMYFUNCTION("""COMPUTED_VALUE"""),"2025-08-18T00:00:00.000Z") -> 2025-08-18T00:00:00.000Z | Z11: =IFERROR(__xludf.DUMMYFUNCTION("""COMPUTED_VALUE"""),"Twisted Minds Esports_Lotus") -> Twisted Minds Esports_Lotus
A12: =IFERROR(__xludf.DUMMYFUNCTION("""COMPUTED_VALUE"""),213499.0) -> 213499 | B12: =IFERROR(__xludf.DUMMYFUNCTION("""COMPUTED_VALUE"""),93954.0) -> 93954 | C12: =IFERROR(__xludf.DUMMYFUNCTION("""COMPUTED_VALUE"""),"Challengers League 2025 MENA: Resilience - LAN Finals - Main Event") -> Challengers League 2025 MENA: Resilience - LAN Finals - Main Event | D12: =IFERROR(__xludf.DUMMYFUNCTION("""COMPUTED_VALUE"""),"Bind") -> Bind | E12: =IFERROR(__xludf.DUMMYFUNCTION("""COMPUTED_VALUE"""),"Twisted Minds Esports") -> Twisted Minds Esports | F12: =IFERROR(__xludf.DUMMYFUNCTION("""COMPUTED_VALUE"""),"GAMAX eSports") -> GAMAX eSports | G12: =IFERROR(__xludf.DUMMYFUNCTION("""COMPUTED_VALUE"""),"Raze,Viper,Brimstone,Yoru,Fade") -> Raze,Viper,Brimstone,Yoru,Fade | H12: =IFERROR(__xludf.DUMMYFUNCTION("""COMPUTED_VALUE"""),"Raze,Viper,Brimstone,Skye,Gekko") -> Raze,Viper,Brimstone,Skye,Gekko | I12: =IFERROR(__xludf.DUMMYFUNCTION("""COMPUTED_VALUE"""),12.0) -> 12 | J12: =IFERROR(__xludf.DUMMYFUNCTION("""COMPUTED_VALUE"""),14.0) -> 14 | K12: =IFERROR(__xludf.DUMMYFUNCTION("""COMPUTED_VALUE"""),6.0) -> 6 | L12: =IFERROR(__xludf.DUMMYFUNCTION("""COMPUTED_VALUE"""),6.0) -> 6 | M12: =IFERROR(__xludf.DUMMYFUNCTION("""COMPUTED_VALUE"""),1.0) -> 1 | N12: =IFERROR(__xludf.DUMMYFUNCTION("""COMPUTED_VALUE"""),0.0) -> 0 | O12: =IFERROR(__xludf.DUMMYFUNCTION("""COMPUTED_VALUE"""),6.0) -> 6 | P12: =IFERROR(__xludf.DUMMYFUNCTION("""COMPUTED_VALUE"""),7.0) -> 7 | Q12: =IFERROR(__xludf.DUMMYFUNCTION("""COMPUTED_VALUE"""),6.0) -> 6 | R12: =IFERROR(__xludf.DUMMYFUNCTION("""COMPUTED_VALUE"""),7.0) -> 7 | S12: =IFERROR(__xludf.DUMMYFUNCTION("""COMPUTED_VALUE"""),1.0) -> 1 | T12: =IFERROR(__xludf.DUMMYFUNCTION("""COMPUTED_VALUE"""),0.0) -> 0 | U12: =IFERROR(__xludf.DUMMYFUNCTION("""COMPUTED_VALUE"""),7.0) -> 7 | V12: =IFERROR(__xludf.DUMMYFUNCTION("""COMPUTED_VALUE"""),6.0) -> 6 | W12: =IFERROR(__xludf.DUMMYFUNCTION("""COMPUTED_VALUE"""),7.0) -> 7 | X12: =IFERROR(__xludf.DUMMYFUNCTION("""COMPUTED_VALUE"""),6.0) -> 6 | Y12: =IFERROR(__xludf.DUMMYFUNCTION("""COMPUTED_VALUE"""),"2025-08-18T00:00:00.000Z") -> 2025-08-18T00:00:00.000Z | Z12: =IFERROR(__xludf.DUMMYFUNCTION("""COMPUTED_VALUE"""),"Twisted Minds Esports_Bind") -> Twisted Minds Esports_Bind
A13: =IFERROR(__xludf.DUMMYFUNCTION("""COMPUTED_VALUE"""),213498.0) -> 213498 | B13: =IFERROR(__xludf.DUMMYFUNCTION("""COMPUTED_VALUE"""),93954.0) -> 93954 | C13: =IFERROR(__xludf.DUMMYFUNCTION("""COMPUTED_VALUE"""),"Challengers League 2025 MENA: Resilience - LAN Finals - Main Event") -> Challengers League 2025 MENA: Resilience - LAN Finals - Main Event | D13: =IFERROR(__xludf.DUMMYFUNCTION("""COMPUTED_VALUE"""),"Sunset") -> Sunset | E13: =IFERROR(__xludf.DUMMYFUNCTION("""COMPUTED_VALUE"""),"Twisted Minds Esports") -> Twisted Minds Esports | F13: =IFERROR(__xludf.DUMMYFUNCTION("""COMPUTED_VALUE"""),"GAMAX eSports") -> GAMAX eSports | G13: =IFERROR(__xludf.DUMMYFUNCTION("""COMPUTED_VALUE"""),"Breach,Cypher,Omen,Neon,Fade") -> Breach,Cypher,Omen,Neon,Fade | H13: =IFERROR(__xludf.DUMMYFUNCTION("""COMPUTED_VALUE"""),"Cypher,Sova,Omen,Yoru,Neon") -> Cypher,Sova,Omen,Yoru,Neon | I13: =IFERROR(__xludf.DUMMYFUNCTION("""COMPUTED_VALUE"""),11.0) -> 11 | J13: =IFERROR(__xludf.DUMMYFUNCTION("""COMPUTED_VALUE"""),13.0) -> 13 | K13: =IFERROR(__xludf.DUMMYFUNCTION("""COMPUTED_VALUE"""),4.0) -> 4 | L13: =IFERROR(__xludf.DUMMYFUNCTION("""COMPUTED_VALUE"""),8.0) -> 8 | M13: =IFERROR(__xludf.DUMMYFUNCTION("""COMPUTED_VALUE"""),0.0) -> 0 | N13: =IFERROR(__xludf.DUMMYFUNCTION("""COMPUTED_VALUE"""),1.0) -> 1 | O13: =IFERROR(__xludf.DUMMYFUNCTION("""COMPUTED_VALUE"""),4.0) -> 4 | P13: =IFERROR(__xludf.DUMMYFUNCTION("""COMPUTED_VALUE"""),8.0) -> 8 | Q13: =IFERROR(__xludf.DUMMYFUNCTION("""COMPUTED_VALUE"""),7.0) -> 7 | R13: =IFERROR(__xludf.DUMMYFUNCTION("""COMPUTED_VALUE"""),5.0) -> 5 | S13: =IFERROR(__xludf.DUMMYFUNCTION("""COMPUTED_VALUE"""),0.0) -> 0 | T13: =IFERROR(__xludf.DUMMYFUNCTION("""COMPUTED_VALUE"""),1.0) -> 1 | U13: =IFERROR(__xludf.DUMMYFUNCTION("""COMPUTED_VALUE"""),5.0) -> 5 | V13: =IFERROR(__xludf.DUMMYFUNCTION("""COMPUTED_VALUE"""),7.0) -> 7 | W13: =IFERROR(__xludf.DUMMYFUNCTION("""COMPUTED_VALUE"""),8.0) -> 8 | X13: =IFERROR(__xludf.DUMMYFUNCTION("""COMPUTED_VALUE"""),4.0) -> 4 | Y13: =IFERROR(__xludf.DUMMYFUNCTION("""COMPUTED_VALUE"""),"2025-08-18T00:00:00.000Z") -> 2025-08-18T00:00:00.000Z | Z13: =IFERROR(__xludf.DUMMYFUNCTION("""COMPUTED_VALUE"""),"Twisted Minds Esports_Sunset") -> Twisted Minds Esports_Sunset
A14: =IFERROR(__xludf.DUMMYFUNCTION("""COMPUTED_VALUE"""),213497.0) -> 213497 | B14: =IFERROR(__xludf.DUMMYFUNCTION("""COMPUTED_VALUE"""),93954.0) -> 93954 | C14: =IFERROR(__xludf.DUMMYFUNCTION("""COMPUTED_VALUE"""),"Challengers League 2025 MENA: Resilience - LAN Finals - Main Event") -> Challengers League 2025 MENA: Resilience - LAN Finals - Main Event | D14: =IFERROR(__xludf.DUMMYFUNCTION("""COMPUTED_VALUE"""),"Haven") -> Haven | E14: =IFERROR(__xludf.DUMMYFUNCTION("""COMPUTED_VALUE"""),"Twisted Minds Esports") -> Twisted Minds Esports | F14: =IFERROR(__xludf.DUMMYFUNCTION("""COMPUTED_VALUE"""),"GAMAX eSports") -> GAMAX eSports | G14: =IFERROR(__xludf.DUMMYFUNCTION("""COMPUTED_VALUE"""),"Sova,Killjoy,Viper,Omen,Neon") -> Sova,Killjoy,Viper,Omen,Neon | H14: =IFERROR(__xludf.DUMMYFUNCTION("""COMPUTED_VALUE"""),"Cypher,Sova,Omen,Yoru,Iso") -> Cypher,Sova,Omen,Yoru,Iso | I14: =IFERROR(__xludf.DUMMYFUNCTION("""COMPUTED_VALUE"""),13.0) -> 13 | J14: =IFERROR(__xludf.DUMMYFUNCTION("""COMPUTED_VALUE"""),5.0) -> 5 | K14: =IFERROR(__xludf.DUMMYFUNCTION("""COMPUTED_VALUE"""),8.0) -> 8 | L14: =IFERROR(__xludf.DUMMYFUNCTION("""COMPUTED_VALUE"""),4.0) -> 4 | M14: =IFERROR(__xludf.DUMMYFUNCTION("""COMPUTED_VALUE"""),1.0) -> 1 | N14: =IFERROR(__xludf.DUMMYFUNCTION("""COMPUTED_VALUE"""),1.0) -> 1 | O14: =IFERROR(__xludf.DUMMYFUNCTION("""COMPUTED_VALUE"""),8.0) -> 8 | P14: =IFERROR(__xludf.DUMMYFUNCTION("""COMPUTED_VALUE"""),4.0) -> 4 | Q14: =IFERROR(__xludf.DUMMYFUNCTION("""COMPUTED_VALUE"""),5.0) -> 5 | R14: =IFERROR(__xludf.DUMMYFUNCTION("""COMPUTED_VALUE"""),1.0) -> 1 | S14: =IFERROR(__xludf.DUMMYFUNCTION("""COMPUTED_VALUE"""),0.0) -> 0 | T14: =IFERROR(__xludf.DUMMYFUNCTION("""COMPUTED_VALUE"""),0.0) -> 0 | U14: =IFERROR(__xludf.DUMMYFUNCTION("""COMPUTED_VALUE"""),1.0) -> 1 | V14: =IFERROR(__xludf.DUMMYFUNCTION("""COMPUTED_VALUE"""),5.0) -> 5 | W14: =IFERROR(__xludf.DUMMYFUNCTION("""COMPUTED_VALUE"""),4.0) -> 4 | X14: =IFERROR(__xludf.DUMMYFUNCTION("""COMPUTED_VALUE"""),8.0) -> 8 | Y14: =IFERROR(__xludf.DUMMYFUNCTION("""COMPUTED_VALUE"""),"2025-08-18T00:00:00.000Z") -> 2025-08-18T00:00:00.000Z | Z14: =IFERROR(__xludf.DUMMYFUNCTION("""COMPUTED_VALUE"""),"Twisted Minds Esports_Haven") -> Twisted Minds Esports_Haven
A15: =IFERROR(__xludf.DUMMYFUNCTION("""COMPUTED_VALUE"""),212063.0) -> 212063 | B15: =IFERROR(__xludf.DUMMYFUNCTION("""COMPUTED_VALUE"""),93451.0) -> 93451 | C15: =IFERROR(__xludf.DUMMYFUNCTION("""COMPUTED_VALUE"""),"Challengers League 2025 NORTH EAST: Split 3 - Playoffs") -> Challengers League 2025 NORTH EAST: Split 3 - Playoffs | D15: =IFERROR(__xludf.DUMMYFUNCTION("""COMPUTED_VALUE"""),"Haven") -> Haven | E15: =IFERROR(__xludf.DUMMYFUNCTION("""COMPUTED_VALUE"""),"Enterprise Esports") -> Enterprise Esports | F15: =IFERROR(__xludf.DUMMYFUNCTION("""COMPUTED_VALUE"""),"Team Liquid Academy") -> Team Liquid Academy | G15: =IFERROR(__xludf.DUMMYFUNCTION("""COMPUTED_VALUE"""),"Sova,Killjoy,Viper,Omen,Neon") -> Sova,Killjoy,Viper,Omen,Neon | H15: =IFERROR(__xludf.DUMMYFUNCTION("""COMPUTED_VALUE"""),"Cypher,Sova,Omen,Yoru,Iso") -> Cypher,Sova,Omen,Yoru,Iso | I15: =IFERROR(__xludf.DUMMYFUNCTION("""COMPUTED_VALUE"""),13.0) -> 13 | J15: =IFERROR(__xludf.DUMMYFUNCTION("""COMPUTED_VALUE"""),2.0) -> 2 | K15: =IFERROR(__xludf.DUMMYFUNCTION("""COMPUTED_VALUE"""),10.0) -> 10 | L15: =IFERROR(__xludf.DUMMYFUNCTION("""COMPUTED_VALUE"""),2.0) -> 2 | M15: =IFERROR(__xludf.DUMMYFUNCTION("""COMPUTED_VALUE"""),1.0) -> 1 | N15: =IFERROR(__xludf.DUMMYFUNCTION("""COMPUTED_VALUE"""),1.0) -> 1 | O15: =IFERROR(__xludf.DUMMYFUNCTION("""COMPUTED_VALUE"""),10.0) -> 10 | P15: =IFERROR(__xludf.DUMMYFUNCTION("""COMPUTED_VALUE"""),2.0) -> 2 | Q15: =IFERROR(__xludf.DUMMYFUNCTION("""COMPUTED_VALUE"""),3.0) -> 3 | R15: =IFERROR(__xludf.DUMMYFUNCTION("""COMPUTED_VALUE"""),0.0) -> 0 | S15: =IFERROR(__xludf.DUMMYFUNCTION("""COMPUTED_VALUE"""),0.0) -> 0 | T15: =IFERROR(__xludf.DUMMYFUNCTION("""COMPUTED_VALUE"""),0.0) -> 0 | U15: =IFERROR(__xludf.DUMMYFUNCTION("""COMPUTED_VALUE"""),0.0) -> 0 | V15: =IFERROR(__xludf.DUMMYFUNCTION("""COMPUTED_VALUE"""),3.0) -> 3 | W15: =IFERROR(__xludf.DUMMYFUNCTION("""COMPUTED_VALUE"""),2.0) -> 2 | X15: =IFERROR(__xludf.DUMMYFUNCTION("""COMPUTED_VALUE"""),10.0) -> 10 | Y15: =IFERROR(__xludf.DUMMYFUNCTION("""COMPUTED_VALUE"""),"2025-08-17T00:00:00.000Z") -> 2025-08-17T00:00:00.000Z | Z15: =IFERROR(__xludf.DUMMYFUNCTION("""COMPUTED_VALUE"""),"Enterprise Esports_Haven") -> Enterprise Esports_Haven
A16: =IFERROR(__xludf.DUMMYFUNCTION("""COMPUTED_VALUE"""),212838.0) -> 212838 | B16: =IFERROR(__xludf.DUMMYFUNCTION("""COMPUTED_VALUE"""),93720.0) -> 93720 | C16: =IFERROR(__xludf.DUMMYFUNCTION("""COMPUTED_VALUE"""),"Challengers 2025: Türkiye Birlik Split 3 - Playoffs") -> Challengers 2025: Türkiye Birlik Split 3 - Playoffs | D16: =IFERROR(__xludf.DUMMYFUNCTION("""COMPUTED_VALUE"""),"Lotus") -> Lotus | E16: =IFERROR(__xludf.DUMMYFUNCTION("""COMPUTED_VALUE"""),"BBL PCIFIC") -> BBL PCIFIC | F16: =IFERROR(__xludf.DUMMYFUNCTION("""COMPUTED_VALUE"""),"ULF Esports") -> ULF Esports | G16: =IFERROR(__xludf.DUMMYFUNCTION("""COMPUTED_VALUE"""),"Raze,Omen,Yoru,Fade,Vyse") -> Raze,Omen,Yoru,Fade,Vyse | H16: =IFERROR(__xludf.DUMMYFUNCTION("""COMPUTED_VALUE"""),"Raze,Omen,Yoru,Fade,Vyse") -> Raze,Omen,Yoru,Fade,Vyse | I16: =IFERROR(__xludf.DUMMYFUNCTION("""COMPUTED_VALUE"""),13.0) -> 13 | J16: =IFERROR(__xludf.DUMMYFUNCTION("""COMPUTED_VALUE"""),5.0) -> 5 | K16: =IFERROR(__xludf.DUMMYFUNCTION("""COMPUTED_VALUE"""),8.0) -> 8 | L16: =IFERROR(__xludf.DUMMYFUNCTION("""COMPUTED_VALUE"""),4.0) -> 4 | M16: =IFERROR(__xludf.DUMMYFUNCTION("""COMPUTED_VALUE"""),0.0) -> 0 | N16: =IFERROR(__xludf.DUMMYFUNCTION("""COMPUTED_VALUE"""),1.0) -> 1 | O16: =IFERROR(__xludf.DUMMYFUNCTION("""COMPUTED_VALUE"""),5.0) -> 5 | P16: =IFERROR(__xludf.DUMMYFUNCTION("""COMPUTED_VALUE"""),1.0) -> 1 | Q16: =IFERROR(__xludf.DUMMYFUNCTION("""COMPUTED_VALUE"""),8.0) -> 8 | R16: =IFERROR(__xludf.DUMMYFUNCTION("""COMPUTED_VALUE"""),4.0) -> 4 | S16: =IFERROR(__xludf.DUMMYFUNCTION("""COMPUTED_VALUE"""),0.0) -> 0 | T16: =IFERROR(__xludf.DUMMYFUNCTION("""COMPUTED_VALUE"""),1.0) -> 1 | U16: =IFERROR(__xludf.DUMMYFUNCTION("""COMPUTED_VALUE"""),4.0) -> 4 | V16: =IFERROR(__xludf.DUMMYFUNCTION("""COMPUTED_VALUE"""),8.0) -> 8 | W16: =IFERROR(__xludf.DUMMYFUNCTION("""COMPUTED_VALUE"""),1.0) -> 1 | X16: =IFERROR(__xludf.DUMMYFUNCTION("""COMPUTED_VALUE"""),5.0) -> 5 | Y16: =IFERROR(__xludf.DUMMYFUNCTION("""COMPUTED_VALUE"""),"2025-08-17T00:00:00.000Z") -> 2025-08-17T00:00:00.000Z | Z16: =IFERROR(__xludf.DUMMYFUNCTION("""COMPUTED_VALUE"""),"BBL PCIFIC_Lotus") -> BBL PCIFIC_Lotus
A17: =IFERROR(__xludf.DUMMYFUNCTION("""COMPUTED_VALUE"""),212062.0) -> 212062 | B17: =IFERROR(__xludf.DUMMYFUNCTION("""COMPUTED_VALUE"""),93451.0) -> 93451 | C17: =IFERROR(__xludf.DUMMYFUNCTION("""COMPUTED_VALUE"""),"Challengers League 2025 NORTH EAST: Split 3 - Playoffs") -> Challengers League 2025 NORTH EAST: Split 3 - Playoffs | D17: =IFERROR(__xludf.DUMMYFUNCTION("""COMPUTED_VALUE"""),"Corrode") -> Corrode | E17: =IFERROR(__xludf.DUMMYFUNCTION("""COMPUTED_VALUE"""),"Enterprise Esports") -> Enterprise Esports | F17: =IFERROR(__xludf.DUMMYFUNCTION("""COMPUTED_VALUE"""),"Team Liquid Academy") -> Team Liquid Academy | G17: =IFERROR(__xludf.DUMMYFUNCTION("""COMPUTED_VALUE"""),"Sova,Viper,Omen,Yoru,Fade") -> Sova,Viper,Omen,Yoru,Fade | H17: =IFERROR(__xludf.DUMMYFUNCTION("""COMPUTED_VALUE"""),"Cypher,Phoenix,Omen,Yoru,Fade") -> Cypher,Phoenix,Omen,Yoru,Fade | I17: =IFERROR(__xludf.DUMMYFUNCTION("""COMPUTED_VALUE"""),13.0) -> 13 | J17: =IFERROR(__xludf.DUMMYFUNCTION("""COMPUTED_VALUE"""),6.0) -> 6 | K17: =IFERROR(__xludf.DUMMYFUNCTION("""COMPUTED_VALUE"""),9.0) -> 9 | L17: =IFERROR(__xludf.DUMMYFUNCTION("""COMPUTED_VALUE"""),3.0) -> 3 | M17: =IFERROR(__xludf.DUMMYFUNCTION("""COMPUTED_VALUE"""),1.0) -> 1 | N17: =IFERROR(__xludf.DUMMYFUNCTION("""COMPUTED_VALUE"""),1.0) -> 1 | O17: =IFERROR(__xludf.DUMMYFUNCTION("""COMPUTED_VALUE"""),4.0) -> 4 | P17: =IFERROR(__xludf.DUMMYFUNCTION("""COMPUTED_VALUE"""),3.0) -> 3 | Q17: =IFERROR(__xludf.DUMMYFUNCTION("""COMPUTED_VALUE"""),9.0) -> 9 | R17: =IFERROR(__xludf.DUMMYFUNCTION("""COMPUTED_VALUE"""),3.0) -> 3 | S17: =IFERROR(__xludf.DUMMYFUNCTION("""COMPUTED_VALUE"""),0.0) -> 0 | T17: =IFERROR(__xludf.DUMMYFUNCTION("""COMPUTED_VALUE"""),0.0) -> 0 | U17: =IFERROR(__xludf.DUMMYFUNCTION("""COMPUTED_VALUE"""),3.0) -> 3 | V17: =IFERROR(__xludf.DUMMYFUNCTION("""COMPUTED_VALUE"""),9.0) -> 9 | W17: =IFERROR(__xludf.DUMMYFUNCTION("""COMPUTED_VALUE"""),3.0) -> 3 | X17: =IFERROR(__xludf.DUMMYFUNCTION("""COMPUTED_VALUE"""),4.0) -> 4 | Y17: =IFERROR(__xludf.DUMMYFUNCTION("""COMPUTED_VALUE"""),"2025-08-17T00:00:00.000Z") -> 2025-08-17T00:00:00.000Z | Z17: =IFERROR(__xludf.DUMMYFUNCTION("""COMPUTED_VALUE"""),"Enterprise Esports_Corrode") -> Enterprise Esports_Corrode
A18: =IFERROR(__xludf.DUMMYFUNCTION("""COMPUTED_VALUE"""),212837.0) -> 212837 | B18: =IFERROR(__xludf.DUMMYFUNCTION("""COMPUTED_VALUE"""),93720.0) -> 93720 | C18: =IFERROR(__xludf.DUMMYFUNCTION("""COMPUTED_VALUE"""),"Challengers 2025: Türkiye Birlik Split 3 - Playoffs") -> Challengers 2025: Türkiye Birlik Split 3 - Playoffs | D18: =IFERROR(__xludf.DUMMYFUNCTION("""COMPUTED_VALUE"""),"Sunset") -> Sunset | E18: =IFERROR(__xludf.DUMMYFUNCTION("""COMPUTED_VALUE"""),"BBL PCIFIC") -> BBL PCIFIC | F18: =IFERROR(__xludf.DUMMYFUNCTION("""COMPUTED_VALUE"""),"ULF Esports") -> ULF Esports | G18: =IFERROR(__xludf.DUMMYFUNCTION("""COMPUTED_VALUE"""),"Cypher,Sova,Omen,Yoru,Neon") -> Cypher,Sova,Omen,Yoru,Neon | H18: =IFERROR(__xludf.DUMMYFUNCTION("""COMPUTED_VALUE"""),"Breach,Sova,Omen,Neon,Vyse") -> Breach,Sova,Omen,Neon,Vyse | I18: =IFERROR(__xludf.DUMMYFUNCTION("""COMPUTED_VALUE"""),13.0) -> 13 | J18: =IFERROR(__xludf.DUMMYFUNCTION("""COMPUTED_VALUE"""),8.0) -> 8 | K18: =IFERROR(__xludf.DUMMYFUNCTION("""COMPUTED_VALUE"""),6.0) -> 6 | L18: =IFERROR(__xludf.DUMMYFUNCTION("""COMPUTED_VALUE"""),6.0) -> 6 | M18: =IFERROR(__xludf.DUMMYFUNCTION("""COMPUTED_VALUE"""),1.0) -> 1 | N18: =IFERROR(__xludf.DUMMYFUNCTION("""COMPUTED_VALUE"""),0.0) -> 0 | O18: =IFERROR(__xludf.DUMMYFUNCTION("""COMPUTED_VALUE"""),6.0) -> 6 | P18: =IFERROR(__xludf.DUMMYFUNCTION("""COMPUTED_VALUE"""),6.0) -> 6 | Q18: =IFERROR(__xludf.DUMMYFUNCTION("""COMPUTED_VALUE"""),7.0) -> 7 | R18: =IFERROR(__xludf.DUMMYFUNCTION("""COMPUTED_VALUE"""),2.0) -> 2 | S18: =IFERROR(__xludf.DUMMYFUNCTION("""COMPUTED_VALUE"""),1.0) -> 1 | T18: =IFERROR(__xludf.DUMMYFUNCTION("""COMPUTED_VALUE"""),0.0) -> 0 | U18: =IFERROR(__xludf.DUMMYFUNCTION("""COMPUTED_VALUE"""),2.0) -> 2 | V18: =IFERROR(__xludf.DUMMYFUNCTION("""COMPUTED_VALUE"""),7.0) -> 7 | W18: =IFERROR(__xludf.DUMMYFUNCTION("""COMPUTED_VALUE"""),6.0) -> 6 | X18: =IFERROR(__xludf.DUMMYFUNCTION("""COMPUTED_VALUE"""),6.0) -> 6 | Y18: =IFERROR(__xludf.DUMMYFUNCTION("""COMPUTED_VALUE"""),"2025-08-17T00:00:00.000Z") -> 2025-08-17T00:00:00.000Z | Z18: =IFERROR(__xludf.DUMMYFUNCTION("""COMPUTED_VALUE"""),"BBL PCIFIC_Sunset") -> BBL PCIFIC_Sunset
A19: =IFERROR(__xludf.DUMMYFUNCTION("""COMPUTED_VALUE"""),212061.0) -> 212061 | B19: =IFERROR(__xludf.DUMMYFUNCTION("""COMPUTED_VALUE"""),93451.0) -> 93451 | C19: =IFERROR(__xludf.DUMMYFUNCTION("""COMPUTED_VALUE"""),"Challengers League 2025 NORTH EAST: Split 3 - Playoffs") -> Challengers League 2025 NORTH EAST: Split 3 - Playoffs | D19: =IFERROR(__xludf.DUMMYFUNCTION("""COMPUTED_VALUE"""),"Ascent") -> Ascent | E19: =IFERROR(__xludf.DUMMYFUNCTION("""COMPUTED_VALUE"""),"Enterprise Esports") -> Enterprise Esports | F19: =IFERROR(__xludf.DUMMYFUNCTION("""COMPUTED_VALUE"""),"Team Liquid Academy") -> Team Liquid Academy | G19: =IFERROR(__xludf.DUMMYFUNCTION("""COMPUTED_VALUE"""),"Cypher,Sova,Omen,Jett,KAY/O") -> Cypher,Sova,Omen,Jett,KAY/O | H19: =IFERROR(__xludf.DUMMYFUNCTION("""COMPUTED_VALUE"""),"Sova,Omen,Yoru,Vyse,Waylay") -> Sova,Omen,Yoru,Vyse,Waylay | I19: =IFERROR(__xludf.DUMMYFUNCTION("""COMPUTED_VALUE"""),13.0) -> 13 | J19: =IFERROR(__xludf.DUMMYFUNCTION("""COMPUTED_VALUE"""),5.0) -> 5 | K19: =IFERROR(__xludf.DUMMYFUNCTION("""COMPUTED_VALUE"""),8.0) -> 8 | L19: =IFERROR(__xludf.DUMMYFUNCTION("""COMPUTED_VALUE"""),4.0) -> 4 | M19: =IFERROR(__xludf.DUMMYFUNCTION("""COMPUTED_VALUE"""),0.0) -> 0 | N19: =IFERROR(__xludf.DUMMYFUNCTION("""COMPUTED_VALUE"""),1.0) -> 1 | O19: =IFERROR(__xludf.DUMMYFUNCTION("""COMPUTED_VALUE"""),8.0) -> 8 | P19: =IFERROR(__xludf.DUMMYFUNCTION("""COMPUTED_VALUE"""),4.0) -> 4 | Q19: =IFERROR(__xludf.DUMMYFUNCTION("""COMPUTED_VALUE"""),5.0) -> 5 | R19: =IFERROR(__xludf.DUMMYFUNCTION("""COMPUTED_VALUE"""),1.0) -> 1 | S19: =IFERROR(__xludf.DUMMYFUNCTION("""COMPUTED_VALUE"""),0.0) -> 0 | T19: =IFERROR(__xludf.DUMMYFUNCTION("""COMPUTED_VALUE"""),1.0) -> 1 | U19: =IFERROR(__xludf.DUMMYFUNCTION("""COMPUTED_VALUE"""),1.0) -> 1 | V19: =IFERROR(__xludf.DUMMYFUNCTION("""COMPUTED_VALUE"""),5.0) -> 5 | W19: =IFERROR(__xludf.DUMMYFUNCTION("""COMPUTED_VALUE"""),4.0) -> 4 | X19: =IFERROR(__xludf.DUMMYFUNCTION("""COMPUTED_VALUE"""),8.0) -> 8 | Y19: =IFERROR(__xludf.DUMMYFUNCTION("""COMPUTED_VALUE"""),"2025-08-17T00:00:00.000Z") -> 2025-08-17T00:00:00.000Z | Z19: =IFERROR(__xludf.DUMMYFUNCTION("""COMPUTED_VALUE"""),"Enterprise Esports_Ascent") -> Enterprise Esports_Ascent
A20: =IFERROR(__xludf.DUMMYFUNCTION("""COMPUTED_VALUE"""),212836.0) -> 212836 | B20: =IFERROR(__xludf.DUMMYFUNCTION("""COMPUTED_VALUE"""),93720.0) -> 93720 | C20: =IFERROR(__xludf.DUMMYFUNCTION("""COMPUTED_VALUE"""),"Challengers 2025: Türkiye Birlik Split 3 - Playoffs") -> Challengers 2025: Türkiye Birlik Split 3 - Playoffs | D20: =IFERROR(__xludf.DUMMYFUNCTION("""COMPUTED_VALUE"""),"Haven") -> Haven | E20: =IFERROR(__xludf.DUMMYFUNCTION("""COMPUTED_VALUE"""),"BBL PCIFIC") -> BBL PCIFIC | F20: =IFERROR(__xludf.DUMMYFUNCTION("""COMPUTED_VALUE"""),"ULF Esports") -> ULF Esports | G20: =IFERROR(__xludf.DUMMYFUNCTION("""COMPUTED_VALUE"""),"Breach,Cypher,Sova,Omen,Jett") -> Breach,Cypher,Sova,Omen,Jett | H20: =IFERROR(__xludf.DUMMYFUNCTION("""COMPUTED_VALUE"""),"Breach,Cypher,Sova,Omen,Neon") -> Breach,Cypher,Sova,Omen,Neon | I20: =IFERROR(__xludf.DUMMYFUNCTION("""COMPUTED_VALUE"""),13.0) -> 13 | J20: =IFERROR(__xludf.DUMMYFUNCTION("""COMPUTED_VALUE"""),8.0) -> 8 | K20: =IFERROR(__xludf.DUMMYFUNCTION("""COMPUTED_VALUE"""),10.0) -> 10 | L20: =IFERROR(__xludf.DUMMYFUNCTION("""COMPUTED_VALUE"""),2.0) -> 2 | M20: =IFERROR(__xludf.DUMMYFUNCTION("""COMPUTED_VALUE"""),1.0) -> 1 | N20: =IFERROR(__xludf.DUMMYFUNCTION("""COMPUTED_VALUE"""),0.0) -> 0 | O20: =IFERROR(__xludf.DUMMYFUNCTION("""COMPUTED_VALUE"""),10.0) -> 10 | P20: =IFERROR(__xludf.DUMMYFUNCTION("""COMPUTED_VALUE"""),2.0) -> 2 | Q20: =IFERROR(__xludf.DUMMYFUNCTION("""COMPUTED_VALUE"""),3.0) -> 3 | R20: =IFERROR(__xludf.DUMMYFUNCTION("""COMPUTED_VALUE"""),6.0) -> 6 | S20: =IFERROR(__xludf.DUMMYFUNCTION("""COMPUTED_VALUE"""),1.0) -> 1 | T20: =IFERROR(__xludf.DUMMYFUNCTION("""COMPUTED_VALUE"""),0.0) -> 0 | U20: =IFERROR(__xludf.DUMMYFUNCTION("""COMPUTED_VALUE"""),6.0) -> 6 | V20: =IFERROR(__xludf.DUMMYFUNCTION("""COMPUTED_VALUE"""),3.0) -> 3 | W20: =IFERROR(__xludf.DUMMYFUNCTION("""COMPUTED_VALUE"""),2.0) -> 2 | X20: =IFERROR(__xludf.DUMMYFUNCTION("""COMPUTED_VALUE"""),10.0) -> 10 | Y20: =IFERROR(__xludf.DUMMYFUNCTION("""COMPUTED_VALUE"""),"2025-08-17T00:00:00.000Z") -> 2025-08-17T00:00:00.000Z | Z20: =IFERROR(__xludf.DUMMYFUNCTION("""COMPUTED_VALUE"""),"BBL PCIFIC_Haven") -> BBL PCIFIC_Haven
A21: =IFERROR(__xludf.DUMMYFUNCTION("""COMPUTED_VALUE"""),212070.0) -> 212070 | B21: =IFERROR(__xludf.DUMMYFUNCTION("""COMPUTED_VALUE"""),93452.0) -> 93452 | C21: =IFERROR(__xludf.DUMMYFUNCTION("""COMPUTED_VALUE"""),"Challengers League 2025 NORTH EAST: Split 3 - Playoffs") -> Challengers League 2025 NORTH EAST: Split 3 - Playoffs | D21: =IFERROR(__xludf.DUMMYFUNCTION("""COMPUTED_VALUE"""),"Bind") -> Bind | E21: =IFERROR(__xludf.DUMMYFUNCTION("""COMPUTED_VALUE"""),"děti ulice") -> děti ulice | F21: =IFERROR(__xludf.DUMMYFUNCTION("""COMPUTED_VALUE"""),"Team Liquid Academy") -> Team Liquid Academy | G21: =IFERROR(__xludf.DUMMYFUNCTION("""COMPUTED_VALUE"""),"Raze,Viper,Brimstone,Yoru,Fade") -> Raze,Viper,Brimstone,Yoru,Fade | H21: =IFERROR(__xludf.DUMMYFUNCTION("""COMPUTED_VALUE"""),"Yoru,Astra,Gekko,Deadlock,Waylay") -> Yoru,Astra,Gekko,Deadlock,Waylay | I21: =IFERROR(__xludf.DUMMYFUNCTION("""COMPUTED_VALUE"""),8.0) -> 8 | J21: =IFERROR(__xludf.DUMMYFUNCTION("""COMPUTED_VALUE"""),13.0) -> 13 | K21: =IFERROR(__xludf.DUMMYFUNCTION("""COMPUTED_VALUE"""),7.0) -> 7 | L21: =IFERROR(__xludf.DUMMYFUNCTION("""COMPUTED_VALUE"""),5.0) -> 5 | M21: =IFERROR(__xludf.DUMMYFUNCTION("""COMPUTED_VALUE"""),1.0) -> 1 | N21: =IFERROR(__xludf.DUMMYFUNCTION("""COMPUTED_VALUE"""),0.0) -> 0 | O21: =IFERROR(__xludf.DUMMYFUNCTION("""COMPUTED_VALUE"""),7.0) -> 7 | P21: =IFERROR(__xludf.DUMMYFUNCTION("""COMPUTED_VALUE"""),5.0) -> 5 | Q21: =IFERROR(__xludf.DUMMYFUNCTION("""COMPUTED_VALUE"""),1.0) -> 1 | R21: =IFERROR(__xludf.DUMMYFUNCTION("""COMPUTED_VALUE"""),8.0) -> 8 | S21: =IFERROR(__xludf.DUMMYFUNCTION("""COMPUTED_VALUE"""),1.0) -> 1 | T21: =IFERROR(__xludf.DUMMYFUNCTION("""COMPUTED_VALUE"""),0.0) -> 0 | U21: =IFERROR(__xludf.DUMMYFUNCTION("""COMPUTED_VALUE"""),8.0) -> 8 | V21: =IFERROR(__xludf.DUMMYFUNCTION("""COMPUTED_VALUE"""),1.0) -> 1 | W21: =IFERROR(__xludf.DUMMYFUNCTION("""COMPUTED_VALUE"""),5.0) -> 5 | X21: =IFERROR(__xludf.DUMMYFUNCTION("""COMPUTED_VALUE"""),7.0) -> 7 | Y21: =IFERROR(__xludf.DUMMYFUNCTION("""COMPUTED_VALUE"""),"2025-08-16T00:00:00.000Z") -> 2025-08-16T00:00:00.000Z | Z21: =IFERROR(__xludf.DUMMYFUNCTION("""COMPUTED_VALUE"""),"děti ulice_Bind") -> děti ulice_Bind
A22: =IFERROR(__xludf.DUMMYFUNCTION("""COMPUTED_VALUE"""),212069.0) -> 212069 | B22: =IFERROR(__xludf.DUMMYFUNCTION("""COMPUTED_VALUE"""),93452.0) -> 93452 | C22: =IFERROR(__xludf.DUMMYFUNCTION("""COMPUTED_VALUE"""),"Challengers League 2025 NORTH EAST: Split 3 - Playoffs") -> Challengers League 2025 NORTH EAST: Split 3 - Playoffs | D22: =IFERROR(__xludf.DUMMYFUNCTION("""COMPUTED_VALUE"""),"Sunset") -> Sunset | E22: =IFERROR(__xludf.DUMMYFUNCTION("""COMPUTED_VALUE"""),"děti ulice") -> děti ulice | F22: =IFERROR(__xludf.DUMMYFUNCTION("""COMPUTED_VALUE"""),"Team Liquid Academy") -> Team Liquid Academy | G22: =IFERROR(__xludf.DUMMYFUNCTION("""COMPUTED_VALUE"""),"Cypher,Sova,Omen,Yoru,Neon") -> Cypher,Sova,Omen,Yoru,Neon | H22: =IFERROR(__xludf.DUMMYFUNCTION("""COMPUTED_VALUE"""),"Sova,Omen,Yoru,Vyse,Waylay") -> Sova,Omen,Yoru,Vyse,Waylay | I22: =IFERROR(__xludf.DUMMYFUNCTION("""COMPUTED_VALUE"""),5.0) -> 5 | J22: =IFERROR(__xludf.DUMMYFUNCTION("""COMPUTED_VALUE"""),13.0) -> 13 | K22: =IFERROR(__xludf.DUMMYFUNCTION("""COMPUTED_VALUE"""),4.0) -> 4 | L22: =IFERROR(__xludf.DUMMYFUNCTION("""COMPUTED_VALUE"""),8.0) -> 8 | M22: =IFERROR(__xludf.DUMMYFUNCTION("""COMPUTED_VALUE"""),0.0) -> 0 | N22: =IFERROR(__xludf.DUMMYFUNCTION("""COMPUTED_VALUE"""),0.0) -> 0 | O22: =IFERROR(__xludf.DUMMYFUNCTION("""COMPUTED_VALUE"""),1.0) -> 1 | P22: =IFERROR(__xludf.DUMMYFUNCTION("""COMPUTED_VALUE"""),5.0) -> 5 | Q22: =IFERROR(__xludf.DUMMYFUNCTION("""COMPUTED_VALUE"""),4.0) -> 4 | R22: =IFERROR(__xludf.DUMMYFUNCTION("""COMPUTED_VALUE"""),8.0) -> 8 | S22: =IFERROR(__xludf.DUMMYFUNCTION("""COMPUTED_VALUE"""),1.0) -> 1 | T22: =IFERROR(__xludf.DUMMYFUNCTION("""COMPUTED_VALUE"""),1.0) -> 1 | U22: =IFERROR(__xludf.DUMMYFUNCTION("""COMPUTED_VALUE"""),8.0) -> 8 | V22: =IFERROR(__xludf.DUMMYFUNCTION("""COMPUTED_VALUE"""),4.0) -> 4 | W22: =IFERROR(__xludf.DUMMYFUNCTION("""COMPUTED_VALUE"""),5.0) -> 5 | X22: =IFERROR(__xludf.DUMMYFUNCTION("""COMPUTED_VALUE"""),1.0) -> 1 | Y22: =IFERROR(__xludf.DUMMYFUNCTION("""COMPUTED_VALUE"""),"2025-08-16T00:00:00.000Z") -> 2025-08-16T00:00:00.000Z | Z22: =IFERROR(__xludf.DUMMYFUNCTION("""COMPUTED_VALUE"""),"děti ulice_Sunset") -> děti ulice_Sunset
A23: =IFERROR(__xludf.DUMMYFUNCTION("""COMPUTED_VALUE"""),212722.0) -> 212722 | B23: =IFERROR(__xludf.DUMMYFUNCTION("""COMPUTED_VALUE"""),93686.0) -> 93686 | C23: =IFERROR(__xludf.DUMMYFUNCTION("""COMPUTED_VALUE"""),"Challengers 2025: France Revolution Split 3 - Playoffs") -> Challengers 2025: France Revolution Split 3 - Playoffs | D23: =IFERROR(__xludf.DUMMYFUNCTION("""COMPUTED_VALUE"""),"Haven") -> Haven | E23: =IFERROR(__xludf.DUMMYFUNCTION("""COMPUTED_VALUE"""),"Joblife") -> Joblife | F23: =IFERROR(__xludf.DUMMYFUNCTION("""COMPUTED_VALUE"""),"Mandatory") -> Mandatory | G23: =IFERROR(__xludf.DUMMYFUNCTION("""COMPUTED_VALUE"""),"Breach,Cypher,Sova,Omen,Jett") -> Breach,Cypher,Sova,Omen,Jett | H23: =IFERROR(__xludf.DUMMYFUNCTION("""COMPUTED_VALUE"""),"Cypher,Sova,Omen,Yoru,Iso") -> Cypher,Sova,Omen,Yoru,Iso | I23: =IFERROR(__xludf.DUMMYFUNCTION("""COMPUTED_VALUE"""),13.0) -> 13 | J23: =IFERROR(__xludf.DUMMYFUNCTION("""COMPUTED_VALUE"""),7.0) -> 7 | K23: =IFERROR(__xludf.DUMMYFUNCTION("""COMPUTED_VALUE"""),8.0) -> 8 | L23: =IFERROR(__xludf.DUMMYFUNCTION("""COMPUTED_VALUE"""),4.0) -> 4 | M23: =IFERROR(__xludf.DUMMYFUNCTION("""COMPUTED_VALUE"""),1.0) -> 1 | N23: =IFERROR(__xludf.DUMMYFUNCTION("""COMPUTED_VALUE"""),1.0) -> 1 | O23: =IFERROR(__xludf.DUMMYFUNCTION("""COMPUTED_VALUE"""),8.0) -> 8 | P23: =IFERROR(__xludf.DUMMYFUNCTION("""COMPUTED_VALUE"""),4.0) -> 4 | Q23: =IFERROR(__xludf.DUMMYFUNCTION("""COMPUTED_VALUE"""),5.0) -> 5 | R23: =IFERROR(__xludf.DUMMYFUNCTION("""COMPUTED_VALUE"""),3.0) -> 3 | S23: =IFERROR(__xludf.DUMMYFUNCTION("""COMPUTED_VALUE"""),0.0) -> 0 | T23: =IFERROR(__xludf.DUMMYFUNCTION("""COMPUTED_VALUE"""),0.0) -> 0 | U23: =IFERROR(__xludf.DUMMYFUNCTION("""COMPUTED_VALUE"""),3.0) -> 3 | V23: =IFERROR(__xludf.DUMMYFUNCTION("""COMPUTED_VALUE"""),5.0) -> 5 | W23: =IFERROR(__xludf.DUMMYFUNCTION("""COMPUTED_VALUE"""),4.0) -> 4 | X23: =IFERROR(__xludf.DUMMYFUNCTION("""COMPUTED_VALUE"""),8.0) -> 8 | Y23: =IFERROR(__xludf.DUMMYFUNCTION("""COMPUTED_VALUE"""),"2025-08-16T00:00:00.000Z") -> 2025-08-16T00:00:00.000Z | Z23: =IFERROR(__xludf.DUMMYFUNCTION("""COMPUTED_VALUE"""),"Joblife_Haven") -> Joblife_Haven
