Workbook

Sheet Team View
C2: Team
C3: FOKUS
C5: Team Statistics | J5: All Rounds | M5: Pistols | P5: Gun | S5: Anti Eco | V5: Eco | AC5: Post Plant | AI5: Retake
C6: Maps | D6: Comp | I6: x | J6: Plays | K6: Win | L6: Loss | M6: rW% | N6: aW% | O6: dW% | P6: rW% | Q6: aW% | R6: dW% | S6: rW% | T6: aW% | U6: dW% | V6: rW% | W6: aW% | X6: dW% | AC6: Map | AD6: post scens | AE6: t rounds | AF6: post /Map | AG6: post rW% | AH6: rank | AI6: ret. scens | AJ6: ct rounds | AK6: ret. /Map | AL6: ret. rW% | AM6: rank
C7: Abyss | D7: =IFERROR(INDEX(doubles!$E$2:$E$431,MATCH(C7&"_"&$C$3,doubles!$S$2:$S$431&"_"&doubles!$C$2:$C$431,0)),"") | I7: =IFERROR(COUNTIFS(doubles!$C$2:$C$431,$C$3,doubles!$B$2:$B$431,C7,doubles!$E$2:$E$431,D7),"") | J7: =COUNTIFS(doubles!$C$2:$C$431,$C$3,doubles!$B$2:$B$431,C7) | K7: =COUNTIFS(doubles!$C$2:$C$431,$C$3,doubles!$B$2:$B$431,C7,doubles!$R$2:$R$431,$C$3) | L7: =J7-K7 | M7: =IFERROR((SUMIFS(doubles!$M$2:$M$431,doubles!$C$2:$C$431,$C$3,doubles!$B$2:$B$431,C7)+SUMIFS(doubles!$O$2:$O$431,doubles!$C$2:$C$431,$C$3,doubles!$B$2:$B$431,C7))/(SUMIFS(doubles!$M$2:$M$431,doubles!$C$2:$C$431,$C$3,doubles!$B$2:$B$431,C7)+SUMIFS(doubles!$N$2:$N$431,doubles!$C$2:$C$431,$C$3,doubles!$B$2:$B$431,C7)+SUMIFS(doubles!$O$2:$O$431,doubles!$C$2:$C$431,$C$3,doubles!$B$2:$B$431,C7)+SUMIFS(doubles!$P$2:$P$431,doubles!$C$2:$C$431,$C$3,doubles!$B$2:$B$431,C7)),"") | N7: =IFERROR(SUMIFS(doubles!$M$2:$M$431,doubles!$C$2:$C$431,$C$3,doubles!$B$2:$B$431,C7)/(SUMIFS(doubles!$M$2:$M$431,doubles!$C$2:$C$431,$C$3,doubles!$B$2:$B$431,C7)+SUMIFS(doubles!$N$2:$N$431,doubles!$C$2:$C$431,$C$3,doubles!$B$2:$B$431,C7)),"") | O7: =IFERROR(SUMIFS(doubles!$O$2:$O$431,doubles!$C$2:$C$431,$C$3,doubles!$B$2:$B$431,C7)/(SUMIFS(doubles!$O$2:$O$431,doubles!$C$2:$C$431,$C$3,doubles!$B$2:$B$431,C7)+SUMIFS(doubles!$P$2:$P$431,doubles!$C$2:$C$431,$C$3,doubles!$B$2:$B$431,C7)),"") | P7: =IFERROR((SUMIFS(doubles!$K$2:$K$431,doubles!$C$2:$C$431,$C$3,doubles!$B$2:$B$431,C7)+SUMIFS(doubles!$L$2:$L$431,doubles!$C$2:$C$431,$C$3,doubles!$B$2:$B$431,C7))/(2*COUNTIFS(doubles!$C$2:$C$431,$C$3,doubles!$B$2:$B$431,C7)),"") | Q7: =IFERROR(SUMIFS(doubles!$K$2:$K$431,doubles!$C$2:$C$431,$C$3,doubles!$B$2:$B$431,C7)/COUNTIFS(doubles!$C$2:$C$431,$C$3,doubles!$B$2:$B$431,C7),"") | R7: =IFERROR(SUMIFS(doubles!$L$2:$L$431,doubles!$C$2:$C$431,$C$3,doubles!$B$2:$B$431,C7)/COUNTIFS(doubles!$C$2:$C$431,$C$3,doubles!$B$2:$B$431,C7),"") | S7: =IFERROR((SUMIFS('Gun v Gun'!$C$2:$C$500,'Gun v Gun'!$A$2:$A$500,$C$3,'Gun v Gun'!$B$2:$B$500,C7,'Gun v Gun'!$F$2:$F$500,"atk")+SUMIFS('Gun v Gun'!$C$2:$C$500,'Gun v Gun'!$A$2:$A$500,$C$3,'Gun v Gun'!$B$2:$B$500,C7,'Gun v Gun'!$F$2:$F$500,"def"))/(SUMIFS('Gun v Gun'!$C$2:$C$500,'Gun v Gun'!$A$2:$A$500,$C$3,'Gun v Gun'!$B$2:$B$500,C7,'Gun v Gun'!$F$2:$F$500,"atk")+SUMIFS('Gun v Gun'!$D$2:$D$500,'Gun v Gun'!$A$2:$A$500,$C$3,'Gun v Gun'!$B$2:$B$500,C7,'Gun v Gun'!$F$2:$F$500,"atk")+SUMIFS('Gun v Gun'!$C$2:$C$500,'Gun v Gun'!$A$2:$A$500,$C$3,'Gun v Gun'!$B$2:$B$500,C7,'Gun v Gun'!$F$2:$F$500,"def")+SUMIFS('Gun v Gun'!$D$2:$D$500,'Gun v Gun'!$A$2:$A$500,$C$3,'Gun v Gun'!$B$2:$B$500,C7,'Gun v Gun'!$F$2:$F$500,"def")),"") | T7: =IFERROR(SUMIFS('Gun v Gun'!$C$2:$C$500,'Gun v Gun'!$A$2:$A$500,$C$3,'Gun v Gun'!$B$2:$B$500,C7,'Gun v Gun'!$F$2:$F$500,"atk")/(SUMIFS('Gun v Gun'!$C$2:$C$500,'Gun v Gun'!$A$2:$A$500,$C$3,'Gun v Gun'!$B$2:$B$500,C7,'Gun v Gun'!$F$2:$F$500,"atk")+SUMIFS('Gun v Gun'!$D$2:$D$500,'Gun v Gun'!$A$2:$A$500,$C$3,'Gun v Gun'!$B$2:$B$500,C7,'Gun v Gun'!$F$2:$F$500,"atk")),"") | U7: =IFERROR(SUMIFS('Gun v Gun'!$C$2:$C$500,'Gun v Gun'!$A$2:$A$500,$C$3,'Gun v Gun'!$B$2:$B$500,C7,'Gun v Gun'!$F$2:$F$500,"def")/(SUMIFS('Gun v Gun'!$C$2:$C$500,'Gun v Gun'!$A$2:$A$500,$C$3,'Gun v Gun'!$B$2:$B$500,C7,'Gun v Gun'!$F$2:$F$500,"def")+SUMIFS('Gun v Gun'!$D$2:$D$500,'Gun v Gun'!$A$2:$A$500,$C$3,'Gun v Gun'!$B$2:$B$500,C7,'Gun v Gun'!$F$2:$F$500,"def")),"") | V7: =IFERROR((SUMIFS('Antieco'!$C$2:$C$500,'Antieco'!$A$2:$A$500,$C$3,'Antieco'!$B$2:$B$500,C7,'Antieco'!$F$2:$F$500,"atk")+SUMIFS('Antieco'!$C$2:$C$500,'Antieco'!$A$2:$A$500,$C$3,'Antieco'!$B$2:$B$500,C7,'Antieco'!$F$2:$F$500,"def"))/(SUMIFS('Antieco'!$C$2:$C$500,'Antieco'!$A$2:$A$500,$C$3,'Antieco'!$B$2:$B$500,C7,'Antieco'!$F$2:$F$500,"atk")+SUMIFS('Antieco'!$D$2:$D$500,'Antieco'!$A$2:$A$500,$C$3,'Antieco'!$B$2:$B$500,C7,'Antieco'!$F$2:$F$500,"atk")+SUMIFS('Antieco'!$C$2:$C$500,'Antieco'!$A$2:$A$500,$C$3,'Antieco'!$B$2:$B$500,C7,'Antieco'!$F$2:$F$500,"def")+SUMIFS('Antieco'!$D$2:$D$500,'Antieco'!$A$2:$A$500,$C$3,'Antieco'!$B$2:$B$500,C7,'Antieco'!$F$2:$F$500,"def")),"") | W7: =IFERROR(SUMIFS('Antieco'!$C$2:$C$500,'Antieco'!$A$2:$A$500,$C$3,'Antieco'!$B$2:$B$500,C7,'Antieco'!$F$2:$F$500,"atk")/(SUMIFS('Antieco'!$C$2:$C$500,'Antieco'!$A$2:$A$500,$C$3,'Antieco'!$B$2:$B$500,C7,'Antieco'!$F$2:$F$500,"atk")+SUMIFS('Antieco'!$D$2:$D$500,'Antieco'!$A$2:$A$500,$C$3,'Antieco'!$B$2:$B$500,C7,'Antieco'!$F$2:$F$500,"atk")),"") | X7: =IFERROR(SUMIFS('Antieco'!$C$2:$C$500,'Antieco'!$A$2:$A$500,$C$3,'Antieco'!$B$2:$B$500,C7,'Antieco'!$F$2:$F$500,"def")/(SUMIFS('Antieco'!$C$2:$C$500,'Antieco'!$A$2:$A$500,$C$3,'Antieco'!$B$2:$B$500,C7,'Antieco'!$F$2:$F$500,"def")+SUMIFS('Antieco'!$D$2:$D$500,'Antieco'!$A$2:$A$500,$C$3,'Antieco'!$B$2:$B$500,C7,'Antieco'!$F$2:$F$500,"def")),"") | Y7: =IFERROR((SUMIFS('ecos'!$C$2:$C$500,'ecos'!$A$2:$A$500,$C$3,'ecos'!$B$2:$B$500,C7,'ecos'!$F$2:$F$500,"atk")+SUMIFS('ecos'!$C$2:$C$500,'ecos'!$A$2:$A$500,$C$3,'ecos'!$B$2:$B$500,C7,'ecos'!$F$2:$F$500,"def"))/(SUMIFS('ecos'!$C$2:$C$500,'ecos'!$A$2:$A$500,$C$3,'ecos'!$B$2:$B$500,C7,'ecos'!$F$2:$F$500,"atk")+SUMIFS('ecos'!$D$2:$D$500,'ecos'!$A$2:$A$500,$C$3,'ecos'!$B$2:$B$500,C7,'ecos'!$F$2:$F$500,"atk")+SUMIFS('ecos'!$C$2:$C$500,'ecos'!$A$2:$A$500,$C$3,'ecos'!$B$2:$B$500,C7,'ecos'!$F$2:$F$500,"def")+SUMIFS('ecos'!$D$2:$D$500,'ecos'!$A$2:$A$500,$C$3,'ecos'!$B$2:$B$500,C7,'ecos'!$F$2:$F$500,"def")),"") | Z7: =IFERROR(SUMIFS('ecos'!$C$2:$C$500,'ecos'!$A$2:$A$500,$C$3,'ecos'!$B$2:$B$500,C7,'ecos'!$F$2:$F$500,"atk")/(SUMIFS('ecos'!$C$2:$C$500,'ecos'!$A$2:$A$500,$C$3,'ecos'!$B$2:$B$500,C7,'ecos'!$F$2:$F$500,"atk")+SUMIFS('ecos'!$D$2:$D$500,'ecos'!$A$2:$A$500,$C$3,'ecos'!$B$2:$B$500,C7,'ecos'!$F$2:$F$500,"atk")),"") | AA7: =IFERROR(SUMIFS('ecos'!$C$2:$C$500,'ecos'!$A$2:$A$500,$C$3,'ecos'!$B$2:$B$500,C7,'ecos'!$F$2:$F$500,"def")/(SUMIFS('ecos'!$C$2:$C$500,'ecos'!$A$2:$A$500,$C$3,'ecos'!$B$2:$B$500,C7,'ecos'!$F$2:$F$500,"def")+SUMIFS('ecos'!$D$2:$D$500,'ecos'!$A$2:$A$500,$C$3,'ecos'!$B$2:$B$500,C7,'ecos'!$F$2:$F$500,"def")),"") | AC7: Abyss | AD7: =SUMIFS('Post Plants'!$E$2:$E$500,'Post Plants'!$A$2:$A$500,$C$3,'Post Plants'!$B$2:$B$500,C7,'Post Plants'!$D$2:$D$500,"atk") | AE7: =SUMIFS(doubles!$M$2:$M$431,doubles!$C$2:$C$431,$C$3,doubles!$B$2:$B$431,C7)+SUMIFS(doubles!$N$2:$N$431,doubles!$C$2:$C$431,$C$3,doubles!$B$2:$B$431,C7) | AF7: =IFERROR(AD7/J7,"") | AG7: =IFERROR(SUMIFS('Post Plants'!$F$2:$F$500,'Post Plants'!$A$2:$A$500,$C$3,'Post Plants'!$B$2:$B$500,C7,'Post Plants'!$D$2:$D$500,"atk")/SUMIFS('Post Plants'!$E$2:$E$500,'Post Plants'!$A$2:$A$500,$C$3,'Post Plants'!$B$2:$B$500,C7,'Post Plants'!$D$2:$D$500,"atk"),"") | AI7: =SUMIFS('Post Plants'!$E$2:$E$500,'Post Plants'!$A$2:$A$500,$C$3,'Post Plants'!$B$2:$B$500,C7,'Post Plants'!$D$2:$D$500,"def") | AJ7: =SUMIFS(doubles!$O$2:$O$431,doubles!$C$2:$C$431,$C$3,doubles!$B$2:$B$431,C7)+SUMIFS(doubles!$P$2:$P$431,doubles!$C$2:$C$431,$C$3,doubles!$B$2:$B$431,C7) | AK7: =IFERROR(AI7/J7,"") | AL7: =IFERROR(SUMIFS('Post Plants'!$F$2:$F$500,'Post Plants'!$A$2:$A$500,$C$3,'Post Plants'!$B$2:$B$500,C7,'Post Plants'!$D$2:$D$500,"def")/SUMIFS('Post Plants'!$E$2:$E$500,'Post Plants'!$A$2:$A$500,$C$3,'Post Plants'!$B$2:$B$500,C7,'Post Plants'!$D$2:$D$500,"def"),"")
C8: Bind | D8: =IFERROR(INDEX(doubles!$E$2:$E$431,MATCH(C8&"_"&$C$3,doubles!$S$2:$S$431&"_"&doubles!$C$2:$C$431,0)),"") | I8: =IFERROR(COUNTIFS(doubles!$C$2:$C$431,$C$3,doubles!$B$2:$B$431,C8,doubles!$E$2:$E$431,D8),"") | J8: =COUNTIFS(doubles!$C$2:$C$431,$C$3,doubles!$B$2:$B$431,C8) | K8: =COUNTIFS(doubles!$C$2:$C$431,$C$3,doubles!$B$2:$B$431,C8,doubles!$R$2:$R$431,$C$3) | L8: =J8-K8 | M8: =IFERROR((SUMIFS(doubles!$M$2:$M$431,doubles!$C$2:$C$431,$C$3,doubles!$B$2:$B$431,C8)+SUMIFS(doubles!$O$2:$O$431,doubles!$C$2:$C$431,$C$3,doubles!$B$2:$B$431,C8))/(SUMIFS(doubles!$M$2:$M$431,doubles!$C$2:$C$431,$C$3,doubles!$B$2:$B$431,C8)+SUMIFS(doubles!$N$2:$N$431,doubles!$C$2:$C$431,$C$3,doubles!$B$2:$B$431,C8)+SUMIFS(doubles!$O$2:$O$431,doubles!$C$2:$C$431,$C$3,doubles!$B$2:$B$431,C8)+SUMIFS(doubles!$P$2:$P$431,doubles!$C$2:$C$431,$C$3,doubles!$B$2:$B$431,C8)),"") | N8: =IFERROR(SUMIFS(doubles!$M$2:$M$431,doubles!$C$2:$C$431,$C$3,doubles!$B$2:$B$431,C8)/(SUMIFS(doubles!$M$2:$M$431,doubles!$C$2:$C$431,$C$3,doubles!$B$2:$B$431,C8)+SUMIFS(doubles!$N$2:$N$431,doubles!$C$2:$C$431,$C$3,doubles!$B$2:$B$431,C8)),"") | O8: =IFERROR(SUMIFS(doubles!$O$2:$O$431,doubles!$C$2:$C$431,$C$3,doubles!$B$2:$B$431,C8)/(SUMIFS(doubles!$O$2:$O$431,doubles!$C$2:$C$431,$C$3,doubles!$B$2:$B$431,C8)+SUMIFS(doubles!$P$2:$P$431,doubles!$C$2:$C$431,$C$3,doubles!$B$2:$B$431,C8)),"") | P8: =IFERROR((SUMIFS(doubles!$K$2:$K$431,doubles!$C$2:$C$431,$C$3,doubles!$B$2:$B$431,C8)+SUMIFS(doubles!$L$2:$L$431,doubles!$C$2:$C$431,$C$3,doubles!$B$2:$B$431,C8))/(2*COUNTIFS(doubles!$C$2:$C$431,$C$3,doubles!$B$2:$B$431,C8)),"") | Q8: =IFERROR(SUMIFS(doubles!$K$2:$K$431,doubles!$C$2:$C$431,$C$3,doubles!$B$2:$B$431,C8)/COUNTIFS(doubles!$C$2:$C$431,$C$3,doubles!$B$2:$B$431,C8),"") | R8: =IFERROR(SUMIFS(doubles!$L$2:$L$431,doubles!$C$2:$C$431,$C$3,doubles!$B$2:$B$431,C8)/COUNTIFS(doubles!$C$2:$C$431,$C$3,doubles!$B$2:$B$431,C8),"") | S8: =IFERROR((SUMIFS('Gun v Gun'!$C$2:$C$500,'Gun v Gun'!$A$2:$A$500,$C$3,'Gun v Gun'!$B$2:$B$500,C8,'Gun v Gun'!$F$2:$F$500,"atk")+SUMIFS('Gun v Gun'!$C$2:$C$500,'Gun v Gun'!$A$2:$A$500,$C$3,'Gun v Gun'!$B$2:$B$500,C8,'Gun v Gun'!$F$2:$F$500,"def"))/(SUMIFS('Gun v Gun'!$C$2:$C$500,'Gun v Gun'!$A$2:$A$500,$C$3,'Gun v Gun'!$B$2:$B$500,C8,'Gun v Gun'!$F$2:$F$500,"atk")+SUMIFS('Gun v Gun'!$D$2:$D$500,'Gun v Gun'!$A$2:$A$500,$C$3,'Gun v Gun'!$B$2:$B$500,C8,'Gun v Gun'!$F$2:$F$500,"atk")+SUMIFS('Gun v Gun'!$C$2:$C$500,'Gun v Gun'!$A$2:$A$500,$C$3,'Gun v Gun'!$B$2:$B$500,C8,'Gun v Gun'!$F$2:$F$500,"def")+SUMIFS('Gun v Gun'!$D$2:$D$500,'Gun v Gun'!$A$2:$A$500,$C$3,'Gun v Gun'!$B$2:$B$500,C8,'Gun v Gun'!$F$2:$F$500,"def")),"") | T8: =IFERROR(SUMIFS('Gun v Gun'!$C$2:$C$500,'Gun v Gun'!$A$2:$A$500,$C$3,'Gun v Gun'!$B$2:$B$500,C8,'Gun v Gun'!$F$2:$F$500,"atk")/(SUMIFS('Gun v Gun'!$C$2:$C$500,'Gun v Gun'!$A$2:$A$500,$C$3,'Gun v Gun'!$B$2:$B$500,C8,'Gun v Gun'!$F$2:$F$500,"atk")+SUMIFS('Gun v Gun'!$D$2:$D$500,'Gun v Gun'!$A$2:$A$500,$C$3,'Gun v Gun'!$B$2:$B$500,C8,'Gun v Gun'!$F$2:$F$500,"atk")),"") | U8: =IFERROR(SUMIFS('Gun v Gun'!$C$2:$C$500,'Gun v Gun'!$A$2:$A$500,$C$3,'Gun v Gun'!$B$2:$B$500,C8,'Gun v Gun'!$F$2:$F$500,"def")/(SUMIFS('Gun v Gun'!$C$2:$C$500,'Gun v Gun'!$A$2:$A$500,$C$3,'Gun v Gun'!$B$2:$B$500,C8,'Gun v Gun'!$F$2:$F$500,"def")+SUMIFS('Gun v Gun'!$D$2:$D$500,'Gun v Gun'!$A$2:$A$500,$C$3,'Gun v Gun'!$B$2:$B$500,C8,'Gun v Gun'!$F$2:$F$500,"def")),"") | V8: =IFERROR((SUMIFS('Antieco'!$C$2:$C$500,'Antieco'!$A$2:$A$500,$C$3,'Antieco'!$B$2:$B$500,C8,'Antieco'!$F$2:$F$500,"atk")+SUMIFS('Antieco'!$C$2:$C$500,'Antieco'!$A$2:$A$500,$C$3,'Antieco'!$B$2:$B$500,C8,'Antieco'!$F$2:$F$500,"def"))/(SUMIFS('Antieco'!$C$2:$C$500,'Antieco'!$A$2:$A$500,$C$3,'Antieco'!$B$2:$B$500,C8,'Antieco'!$F$2:$F$500,"atk")+SUMIFS('Antieco'!$D$2:$D$500,'Antieco'!$A$2:$A$500,$C$3,'Antieco'!$B$2:$B$500,C8,'Antieco'!$F$2:$F$500,"atk")+SUMIFS('Antieco'!$C$2:$C$500,'Antieco'!$A$2:$A$500,$C$3,'Antieco'!$B$2:$B$500,C8,'Antieco'!$F$2:$F$500,"def")+SUMIFS('Antieco'!$D$2:$D$500,'Antieco'!$A$2:$A$500,$C$3,'Antieco'!$B$2:$B$500,C8,'Antieco'!$F$2:$F$500,"def")),"") | W8: =IFERROR(SUMIFS('Antieco'!$C$2:$C$500,'Antieco'!$A$2:$A$500,$C$3,'Antieco'!$B$2:$B$500,C8,'Antieco'!$F$2:$F$500,"atk")/(SUMIFS('Antieco'!$C$2:$C$500,'Antieco'!$A$2:$A$500,$C$3,'Antieco'!$B$2:$B$500,C8,'Antieco'!$F$2:$F$500,"atk")+SUMIFS('Antieco'!$D$2:$D$500,'Antieco'!$A$2:$A$500,$C$3,'Antieco'!$B$2:$B$500,C8,'Antieco'!$F$2:$F$500,"atk")),"") | X8: =IFERROR(SUMIFS('Antieco'!$C$2:$C$500,'Antieco'!$A$2:$A$500,$C$3,'Antieco'!$B$2:$B$500,C8,'Antieco'!$F$2:$F$500,"def")/(SUMIFS('Antieco'!$C$2:$C$500,'Antieco'!$A$2:$A$500,$C$3,'Antieco'!$B$2:$B$500,C8,'Antieco'!$F$2:$F$500,"def")+SUMIFS('Antieco'!$D$2:$D$500,'Antieco'!$A$2:$A$500,$C$3,'Antieco'!$B$2:$B$500,C8,'Antieco'!$F$2:$F$500,"def")),"") | Y8: =IFERROR((SUMIFS('ecos'!$C$2:$C$500,'ecos'!$A$2:$A$500,$C$3,'ecos'!$B$2:$B$500,C8,'ecos'!$F$2:$F$500,"atk")+SUMIFS('ecos'!$C$2:$C$500,'ecos'!$A$2:$A$500,$C$3,'ecos'!$B$2:$B$500,C8,'ecos'!$F$2:$F$500,"def"))/(SUMIFS('ecos'!$C$2:$C$500,'ecos'!$A$2:$A$500,$C$3,'ecos'!$B$2:$B$500,C8,'ecos'!$F$2:$F$500,"atk")+SUMIFS('ecos'!$D$2:$D$500,'ecos'!$A$2:$A$500,$C$3,'ecos'!$B$2:$B$500,C8,'ecos'!$F$2:$F$500,"atk")+SUMIFS('ecos'!$C$2:$C$500,'ecos'!$A$2:$A$500,$C$3,'ecos'!$B$2:$B$500,C8,'ecos'!$F$2:$F$500,"def")+SUMIFS('ecos'!$D$2:$D$500,'ecos'!$A$2:$A$500,$C$3,'ecos'!$B$2:$B$500,C8,'ecos'!$F$2:$F$500,"def")),"") | Z8: =IFERROR(SUMIFS('ecos'!$C$2:$C$500,'ecos'!$A$2:$A$500,$C$3,'ecos'!$B$2:$B$500,C8,'ecos'!$F$2:$F$500,"atk")/(SUMIFS('ecos'!$C$2:$C$500,'ecos'!$A$2:$A$500,$C$3,'ecos'!$B$2:$B$500,C8,'ecos'!$F$2:$F$500,"atk")+SUMIFS('ecos'!$D$2:$D$500,'ecos'!$A$2:$A$500,$C$3,'ecos'!$B$2:$B$500,C8,'ecos'!$F$2:$F$500,"atk")),"") | AA8: =IFERROR(SUMIFS('ecos'!$C$2:$C$500,'ecos'!$A$2:$A$500,$C$3,'ecos'!$B$2:$B$500,C8,'ecos'!$F$2:$F$500,"def")/(SUMIFS('ecos'!$C$2:$C$500,'ecos'!$A$2:$A$500,$C$3,'ecos'!$B$2:$B$500,C8,'ecos'!$F$2:$F$500,"def")+SUMIFS('ecos'!$D$2:$D$500,'ecos'!$A$2:$A$500,$C$3,'ecos'!$B$2:$B$500,C8,'ecos'!$F$2:$F$500,"def")),"") | AC8: Bind | AD8: =SUMIFS('Post Plants'!$E$2:$E$500,'Post Plants'!$A$2:$A$500,$C$3,'Post Plants'!$B$2:$B$500,C8,'Post Plants'!$D$2:$D$500,"atk") | AE8: =SUMIFS(doubles!$M$2:$M$431,doubles!$C$2:$C$431,$C$3,doubles!$B$2:$B$431,C8)+SUMIFS(doubles!$N$2:$N$431,doubles!$C$2:$C$431,$C$3,doubles!$B$2:$B$431,C8) | AF8: =IFERROR(AD8/J8,"") | AG8: =IFERROR(SUMIFS('Post Plants'!$F$2:$F$500,'Post Plants'!$A$2:$A$500,$C$3,'Post Plants'!$B$2:$B$500,C8,'Post Plants'!$D$2:$D$500,"atk")/SUMIFS('Post Plants'!$E$2:$E$500,'Post Plants'!$A$2:$A$500,$C$3,'Post Plants'!$B$2:$B$500,C8,'Post Plants'!$D$2:$D$500,"atk"),"") | AI8: =SUMIFS('Post Plants'!$E$2:$E$500,'Post Plants'!$A$2:$A$500,$C$3,'Post Plants'!$B$2:$B$500,C8,'Post Plants'!$D$2:$D$500,"def") | AJ8: =SUMIFS(doubles!$O$2:$O$431,doubles!$C$2:$C$431,$C$3,doubles!$B$2:$B$431,C8)+SUMIFS(doubles!$P$2:$P$431,doubles!$C$2:$C$431,$C$3,doubles!$B$2:$B$431,C8) | AK8: =IFERROR(AI8/J8,"") | AL8: =IFERROR(SUMIFS('Post Plants'!$F$2:$F$500,'Post Plants'!$A$2:$A$500,$C$3,'Post Plants'!$B$2:$B$500,C8,'Post Plants'!$D$2:$D$500,"def")/SUMIFS('Post Plants'!$E$2:$E$500,'Post Plants'!$A$2:$A$500,$C$3,'Post Plants'!$B$2:$B$500,C8,'Post Plants'!$D$2:$D$500,"def"),"")
C9: Breeze | D9: =IFERROR(INDEX(doubles!$E$2:$E$431,MATCH(C9&"_"&$C$3,doubles!$S$2:$S$431&"_"&doubles!$C$2:$C$431,0)),"") | I9: =IFERROR(COUNTIFS(doubles!$C$2:$C$431,$C$3,doubles!$B$2:$B$431,C9,doubles!$E$2:$E$431,D9),"") | J9: =COUNTIFS(doubles!$C$2:$C$431,$C$3,doubles!$B$2:$B$431,C9) | K9: =COUNTIFS(doubles!$C$2:$C$431,$C$3,doubles!$B$2:$B$431,C9,doubles!$R$2:$R$431,$C$3) | L9: =J9-K9 | M9: =IFERROR((SUMIFS(doubles!$M$2:$M$431,doubles!$C$2:$C$431,$C$3,doubles!$B$2:$B$431,C9)+SUMIFS(doubles!$O$2:$O$431,doubles!$C$2:$C$431,$C$3,doubles!$B$2:$B$431,C9))/(SUMIFS(doubles!$M$2:$M$431,doubles!$C$2:$C$431,$C$3,doubles!$B$2:$B$431,C9)+SUMIFS(doubles!$N$2:$N$431,doubles!$C$2:$C$431,$C$3,doubles!$B$2:$B$431,C9)+SUMIFS(doubles!$O$2:$O$431,doubles!$C$2:$C$431,$C$3,doubles!$B$2:$B$431,C9)+SUMIFS(doubles!$P$2:$P$431,doubles!$C$2:$C$431,$C$3,doubles!$B$2:$B$431,C9)),"") | N9: =IFERROR(SUMIFS(doubles!$M$2:$M$431,doubles!$C$2:$C$431,$C$3,doubles!$B$2:$B$431,C9)/(SUMIFS(doubles!$M$2:$M$431,doubles!$C$2:$C$431,$C$3,doubles!$B$2:$B$431,C9)+SUMIFS(doubles!$N$2:$N$431,doubles!$C$2:$C$431,$C$3,doubles!$B$2:$B$431,C9)),"") | O9: =IFERROR(SUMIFS(doubles!$O$2:$O$431,doubles!$C$2:$C$431,$C$3,doubles!$B$2:$B$431,C9)/(SUMIFS(doubles!$O$2:$O$431,doubles!$C$2:$C$431,$C$3,doubles!$B$2:$B$431,C9)+SUMIFS(doubles!$P$2:$P$431,doubles!$C$2:$C$431,$C$3,doubles!$B$2:$B$431,C9)),"") | P9: =IFERROR((SUMIFS(doubles!$K$2:$K$431,doubles!$C$2:$C$431,$C$3,doubles!$B$2:$B$431,C9)+SUMIFS(doubles!$L$2:$L$431,doubles!$C$2:$C$431,$C$3,doubles!$B$2:$B$431,C9))/(2*COUNTIFS(doubles!$C$2:$C$431,$C$3,doubles!$B$2:$B$431,C9)),"") | Q9: =IFERROR(SUMIFS(doubles!$K$2:$K$431,doubles!$C$2:$C$431,$C$3,doubles!$B$2:$B$431,C9)/COUNTIFS(doubles!$C$2:$C$431,$C$3,doubles!$B$2:$B$431,C9),"") | R9: =IFERROR(SUMIFS(doubles!$L$2:$L$431,doubles!$C$2:$C$431,$C$3,doubles!$B$2:$B$431,C9)/COUNTIFS(doubles!$C$2:$C$431,$C$3,doubles!$B$2:$B$431,C9),"") | S9: =IFERROR((SUMIFS('Gun v Gun'!$C$2:$C$500,'Gun v Gun'!$A$2:$A$500,$C$3,'Gun v Gun'!$B$2:$B$500,C9,'Gun v Gun'!$F$2:$F$500,"atk")+SUMIFS('Gun v Gun'!$C$2:$C$500,'Gun v Gun'!$A$2:$A$500,$C$3,'Gun v Gun'!$B$2:$B$500,C9,'Gun v Gun'!$F$2:$F$500,"def"))/(SUMIFS('Gun v Gun'!$C$2:$C$500,'Gun v Gun'!$A$2:$A$500,$C$3,'Gun v Gun'!$B$2:$B$500,C9,'Gun v Gun'!$F$2:$F$500,"atk")+SUMIFS('Gun v Gun'!$D$2:$D$500,'Gun v Gun'!$A$2:$A$500,$C$3,'Gun v Gun'!$B$2:$B$500,C9,'Gun v Gun'!$F$2:$F$500,"atk")+SUMIFS('Gun v Gun'!$C$2:$C$500,'Gun v Gun'!$A$2:$A$500,$C$3,'Gun v Gun'!$B$2:$B$500,C9,'Gun v Gun'!$F$2:$F$500,"def")+SUMIFS('Gun v Gun'!$D$2:$D$500,'Gun v Gun'!$A$2:$A$500,$C$3,'Gun v Gun'!$B$2:$B$500,C9,'Gun v Gun'!$F$2:$F$500,"def")),"") | T9: =IFERROR(SUMIFS('Gun v Gun'!$C$2:$C$500,'Gun v Gun'!$A$2:$A$500,$C$3,'Gun v Gun'!$B$2:$B$500,C9,'Gun v Gun'!$F$2:$F$500,"atk")/(SUMIFS('Gun v Gun'!$C$2:$C$500,'Gun v Gun'!$A$2:$A$500,$C$3,'Gun v Gun'!$B$2:$B$500,C9,'Gun v Gun'!$F$2:$F$500,"atk")+SUMIFS('Gun v Gun'!$D$2:$D$500,'Gun v Gun'!$A$2:$A$500,$C$3,'Gun v Gun'!$B$2:$B$500,C9,'Gun v Gun'!$F$2:$F$500,"atk")),"") | U9: =IFERROR(SUMIFS('Gun v Gun'!$C$2:$C$500,'Gun v Gun'!$A$2:$A$500,$C$3,'Gun v Gun'!$B$2:$B$500,C9,'Gun v Gun'!$F$2:$F$500,"def")/(SUMIFS('Gun v Gun'!$C$2:$C$500,'Gun v Gun'!$A$2:$A$500,$C$3,'Gun v Gun'!$B$2:$B$500,C9,'Gun v Gun'!$F$2:$F$500,"def")+SUMIFS('Gun v Gun'!$D$2:$D$500,'Gun v Gun'!$A$2:$A$500,$C$3,'Gun v Gun'!$B$2:$B$500,C9,'Gun v Gun'!$F$2:$F$500,"def")),"") | V9: =IFERROR((SUMIFS('Antieco'!$C$2:$C$500,'Antieco'!$A$2:$A$500,$C$3,'Antieco'!$B$2:$B$500,C9,'Antieco'!$F$2:$F$500,"atk")+SUMIFS('Antieco'!$C$2:$C$500,'Antieco'!$A$2:$A$500,$C$3,'Antieco'!$B$2:$B$500,C9,'Antieco'!$F$2:$F$500,"def"))/(SUMIFS('Antieco'!$C$2:$C$500,'Antieco'!$A$2:$A$500,$C$3,'Antieco'!$B$2:$B$500,C9,'Antieco'!$F$2:$F$500,"atk")+SUMIFS('Antieco'!$D$2:$D$500,'Antieco'!$A$2:$A$500,$C$3,'Antieco'!$B$2:$B$500,C9,'Antieco'!$F$2:$F$500,"atk")+SUMIFS('Antieco'!$C$2:$C$500,'Antieco'!$A$2:$A$500,$C$3,'Antieco'!$B$2:$B$500,C9,'Antieco'!$F$2:$F$500,"def")+SUMIFS('Antieco'!$D$2:$D$500,'Antieco'!$A$2:$A$500,$C$3,'Antieco'!$B$2:$B$500,C9,'Antieco'!$F$2:$F$500,"def")),"") | W9: =IFERROR(SUMIFS('Antieco'!$C$2:$C$500,'Antieco'!$A$2:$A$500,$C$3,'Antieco'!$B$2:$B$500,C9,'Antieco'!$F$2:$F$500,"atk")/(SUMIFS('Antieco'!$C$2:$C$500,'Antieco'!$A$2:$A$500,$C$3,'Antieco'!$B$2:$B$500,C9,'Antieco'!$F$2:$F$500,"atk")+SUMIFS('Antieco'!$D$2:$D$500,'Antieco'!$A$2:$A$500,$C$3,'Antieco'!$B$2:$B$500,C9,'Antieco'!$F$2:$F$500,"atk")),"") | X9: =IFERROR(SUMIFS('Antieco'!$C$2:$C$500,'Antieco'!$A$2:$A$500,$C$3,'Antieco'!$B$2:$B$500,C9,'Antieco'!$F$2:$F$500,"def")/(SUMIFS('Antieco'!$C$2:$C$500,'Antieco'!$A$2:$A$500,$C$3,'Antieco'!$B$2:$B$500,C9,'Antieco'!$F$2:$F$500,"def")+SUMIFS('Antieco'!$D$2:$D$500,'Antieco'!$A$2:$A$500,$C$3,'Antieco'!$B$2:$B$500,C9,'Antieco'!$F$2:$F$500,"def")),"") | Y9: =IFERROR((SUMIFS('ecos'!$C$2:$C$500,'ecos'!$A$2:$A$500,$C$3,'ecos'!$B$2:$B$500,C9,'ecos'!$F$2:$F$500,"atk")+SUMIFS('ecos'!$C$2:$C$500,'ecos'!$A$2:$A$500,$C$3,'ecos'!$B$2:$B$500,C9,'ecos'!$F$2:$F$500,"def"))/(SUMIFS('ecos'!$C$2:$C$500,'ecos'!$A$2:$A$500,$C$3,'ecos'!$B$2:$B$500,C9,'ecos'!$F$2:$F$500,"atk")+SUMIFS('ecos'!$D$2:$D$500,'ecos'!$A$2:$A$500,$C$3,'ecos'!$B$2:$B$500,C9,'ecos'!$F$2:$F$500,"atk")+SUMIFS('ecos'!$C$2:$C$500,'ecos'!$A$2:$A$500,$C$3,'ecos'!$B$2:$B$500,C9,'ecos'!$F$2:$F$500,"def")+SUMIFS('ecos'!$D$2:$D$500,'ecos'!$A$2:$A$500,$C$3,'ecos'!$B$2:$B$500,C9,'ecos'!$F$2:$F$500,"def")),"") | Z9: =IFERROR(SUMIFS('ecos'!$C$2:$C$500,'ecos'!$A$2:$A$500,$C$3,'ecos'!$B$2:$B$500,C9,'ecos'!$F$2:$F$500,"atk")/(SUMIFS('ecos'!$C$2:$C$500,'ecos'!$A$2:$A$500,$C$3,'ecos'!$B$2:$B$500,C9,'ecos'!$F$2:$F$500,"atk")+SUMIFS('ecos'!$D$2:$D$500,'ecos'!$A$2:$A$500,$C$3,'ecos'!$B$2:$B$500,C9,'ecos'!$F$2:$F$500,"atk")),"") | AA9: =IFERROR(SUMIFS('ecos'!$C$2:$C$500,'ecos'!$A$2:$A$500,$C$3,'ecos'!$B$2:$B$500,C9,'ecos'!$F$2:$F$500,"def")/(SUMIFS('ecos'!$C$2:$C$500,'ecos'!$A$2:$A$500,$C$3,'ecos'!$B$2:$B$500,C9,'ecos'!$F$2:$F$500,"def")+SUMIFS('ecos'!$D$2:$D$500,'ecos'!$A$2:$A$500,$C$3,'ecos'!$B$2:$B$500,C9,'ecos'!$F$2:$F$500,"def")),"") | AC9: Breeze | AD9: =SUMIFS('Post Plants'!$E$2:$E$500,'Post Plants'!$A$2:$A$500,$C$3,'Post Plants'!$B$2:$B$500,C9,'Post Plants'!$D$2:$D$500,"atk") | AE9: =SUMIFS(doubles!$M$2:$M$431,doubles!$C$2:$C$431,$C$3,doubles!$B$2:$B$431,C9)+SUMIFS(doubles!$N$2:$N$431,doubles!$C$2:$C$431,$C$3,doubles!$B$2:$B$431,C9) | AF9: =IFERROR(AD9/J9,"") | AG9: =IFERROR(SUMIFS('Post Plants'!$F$2:$F$500,'Post Plants'!$A$2:$A$500,$C$3,'Post Plants'!$B$2:$B$500,C9,'Post Plants'!$D$2:$D$500,"atk")/SUMIFS('Post Plants'!$E$2:$E$500,'Post Plants'!$A$2:$A$500,$C$3,'Post Plants'!$B$2:$B$500,C9,'Post Plants'!$D$2:$D$500,"atk"),"") | AI9: =SUMIFS('Post Plants'!$E$2:$E$500,'Post Plants'!$A$2:$A$500,$C$3,'Post Plants'!$B$2:$B$500,C9,'Post Plants'!$D$2:$D$500,"def") | AJ9: =SUMIFS(doubles!$O$2:$O$431,doubles!$C$2:$C$431,$C$3,doubles!$B$2:$B$431,C9)+SUMIFS(doubles!$P$2:$P$431,doubles!$C$2:$C$431,$C$3,doubles!$B$2:$B$431,C9) | AK9: =IFERROR(AI9/J9,"") | AL9: =IFERROR(SUMIFS('Post Plants'!$F$2:$F$500,'Post Plants'!$A$2:$A$500,$C$3,'Post Plants'!$B$2:$B$500,C9,'Post Plants'!$D$2:$D$500,"def")/SUMIFS('Post Plants'!$E$2:$E$500,'Post Plants'!$A$2:$A$500,$C$3,'Post Plants'!$B$2:$B$500,C9,'Post Plants'!$D$2:$D$500,"def"),"")
C10: Corrode | D10: =IFERROR(INDEX(doubles!$E$2:$E$431,MATCH(C10&"_"&$C$3,doubles!$S$2:$S$431&"_"&doubles!$C$2:$C$431,0)),"") | I10: =IFERROR(COUNTIFS(doubles!$C$2:$C$431,$C$3,doubles!$B$2:$B$431,C10,doubles!$E$2:$E$431,D10),"") | J10: =COUNTIFS(doubles!$C$2:$C$431,$C$3,doubles!$B$2:$B$431,C10) | K10: =COUNTIFS(doubles!$C$2:$C$431,$C$3,doubles!$B$2:$B$431,C10,doubles!$R$2:$R$431,$C$3) | L10: =J10-K10 | M10: =IFERROR((SUMIFS(doubles!$M$2:$M$431,doubles!$C$2:$C$431,$C$3,doubles!$B$2:$B$431,C10)+SUMIFS(doubles!$O$2:$O$431,doubles!$C$2:$C$431,$C$3,doubles!$B$2:$B$431,C10))/(SUMIFS(doubles!$M$2:$M$431,doubles!$C$2:$C$431,$C$3,doubles!$B$2:$B$431,C10)+SUMIFS(doubles!$N$2:$N$431,doubles!$C$2:$C$431,$C$3,doubles!$B$2:$B$431,C10)+SUMIFS(doubles!$O$2:$O$431,doubles!$C$2:$C$431,$C$3,doubles!$B$2:$B$431,C10)+SUMIFS(doubles!$P$2:$P$431,doubles!$C$2:$C$431,$C$3,doubles!$B$2:$B$431,C10)),"") | N10: =IFERROR(SUMIFS(doubles!$M$2:$M$431,doubles!$C$2:$C$431,$C$3,doubles!$B$2:$B$431,C10)/(SUMIFS(doubles!$M$2:$M$431,doubles!$C$2:$C$431,$C$3,doubles!$B$2:$B$431,C10)+SUMIFS(doubles!$N$2:$N$431,doubles!$C$2:$C$431,$C$3,doubles!$B$2:$B$431,C10)),"") | O10: =IFERROR(SUMIFS(doubles!$O$2:$O$431,doubles!$C$2:$C$431,$C$3,doubles!$B$2:$B$431,C10)/(SUMIFS(doubles!$O$2:$O$431,doubles!$C$2:$C$431,$C$3,doubles!$B$2:$B$431,C10)+SUMIFS(doubles!$P$2:$P$431,doubles!$C$2:$C$431,$C$3,doubles!$B$2:$B$431,C10)),"") | P10: =IFERROR((SUMIFS(doubles!$K$2:$K$431,doubles!$C$2:$C$431,$C$3,doubles!$B$2:$B$431,C10)+SUMIFS(doubles!$L$2:$L$431,doubles!$C$2:$C$431,$C$3,doubles!$B$2:$B$431,C10))/(2*COUNTIFS(doubles!$C$2:$C$431,$C$3,doubles!$B$2:$B$431,C10)),"") | Q10: =IFERROR(SUMIFS(doubles!$K$2:$K$431,doubles!$C$2:$C$431,$C$3,doubles!$B$2:$B$431,C10)/COUNTIFS(doubles!$C$2:$C$431,$C$3,doubles!$B$2:$B$431,C10),"") | R10: =IFERROR(SUMIFS(doubles!$L$2:$L$431,doubles!$C$2:$C$431,$C$3,doubles!$B$2:$B$431,C10)/COUNTIFS(doubles!$C$2:$C$431,$C$3,doubles!$B$2:$B$431,C10),"") | S10: =IFERROR((SUMIFS('Gun v Gun'!$C$2:$C$500,'Gun v Gun'!$A$2:$A$500,$C$3,'Gun v Gun'!$B$2:$B$500,C10,'Gun v Gun'!$F$2:$F$500,"atk")+SUMIFS('Gun v Gun'!$C$2:$C$500,'Gun v Gun'!$A$2:$A$500,$C$3,'Gun v Gun'!$B$2:$B$500,C10,'Gun v Gun'!$F$2:$F$500,"def"))/(SUMIFS('Gun v Gun'!$C$2:$C$500,'Gun v Gun'!$A$2:$A$500,$C$3,'Gun v Gun'!$B$2:$B$500,C10,'Gun v Gun'!$F$2:$F$500,"atk")+SUMIFS('Gun v Gun'!$D$2:$D$500,'Gun v Gun'!$A$2:$A$500,$C$3,'Gun v Gun'!$B$2:$B$500,C10,'Gun v Gun'!$F$2:$F$500,"atk")+SUMIFS('Gun v Gun'!$C$2:$C$500,'Gun v Gun'!$A$2:$A$500,$C$3,'Gun v Gun'!$B$2:$B$500,C10,'Gun v Gun'!$F$2:$F$500,"def")+SUMIFS('Gun v Gun'!$D$2:$D$500,'Gun v Gun'!$A$2:$A$500,$C$3,'Gun v Gun'!$B$2:$B$500,C10,'Gun v Gun'!$F$2:$F$500,"def")),"") | T10: =IFERROR(SUMIFS('Gun v Gun'!$C$2:$C$500,'Gun v Gun'!$A$2:$A$500,$C$3,'Gun v Gun'!$B$2:$B$500,C10,'Gun v Gun'!$F$2:$F$500,"atk")/(SUMIFS('Gun v Gun'!$C$2:$C$500,'Gun v Gun'!$A$2:$A$500,$C$3,'Gun v Gun'!$B$2:$B$500,C10,'Gun v Gun'!$F$2:$F$500,"atk")+SUMIFS('Gun v Gun'!$D$2:$D$500,'Gun v Gun'!$A$2:$A$500,$C$3,'Gun v Gun'!$B$2:$B$500,C10,'Gun v Gun'!$F$2:$F$500,"atk")),"") | U10: =IFERROR(SUMIFS('Gun v Gun'!$C$2:$C$500,'Gun v Gun'!$A$2:$A$500,$C$3,'Gun v Gun'!$B$2:$B$500,C10,'Gun v Gun'!$F$2:$F$500,"def")/(SUMIFS('Gun v Gun'!$C$2:$C$500,'Gun v Gun'!$A$2:$A$500,$C$3,'Gun v Gun'!$B$2:$B$500,C10,'Gun v Gun'!$F$2:$F$500,"def")+SUMIFS('Gun v Gun'!$D$2:$D$500,'Gun v Gun'!$A$2:$A$500,$C$3,'Gun v Gun'!$B$2:$B$500,C10,'Gun v Gun'!$F$2:$F$500,"def")),"") | V10: =IFERROR((SUMIFS('Antieco'!$C$2:$C$500,'Antieco'!$A$2:$A$500,$C$3,'Antieco'!$B$2:$B$500,C10,'Antieco'!$F$2:$F$500,"atk")+SUMIFS('Antieco'!$C$2:$C$500,'Antieco'!$A$2:$A$500,$C$3,'Antieco'!$B$2:$B$500,C10,'Antieco'!$F$2:$F$500,"def"))/(SUMIFS('Antieco'!$C$2:$C$500,'Antieco'!$A$2:$A$500,$C$3,'Antieco'!$B$2:$B$500,C10,'Antieco'!$F$2:$F$500,"atk")+SUMIFS('Antieco'!$D$2:$D$500,'Antieco'!$A$2:$A$500,$C$3,'Antieco'!$B$2:$B$500,C10,'Antieco'!$F$2:$F$500,"atk")+SUMIFS('Antieco'!$C$2:$C$500,'Antieco'!$A$2:$A$500,$C$3,'Antieco'!$B$2:$B$500,C10,'Antieco'!$F$2:$F$500,"def")+SUMIFS('Antieco'!$D$2:$D$500,'Antieco'!$A$2:$A$500,$C$3,'Antieco'!$B$2:$B$500,C10,'Antieco'!$F$2:$F$500,"def")),"") | W10: =IFERROR(SUMIFS('Antieco'!$C$2:$C$500,'Antieco'!$A$2:$A$500,$C$3,'Antieco'!$B$2:$B$500,C10,'Antieco'!$F$2:$F$500,"atk")/(SUMIFS('Antieco'!$C$2:$C$500,'Antieco'!$A$2:$A$500,$C$3,'Antieco'!$B$2:$B$500,C10,'Antieco'!$F$2:$F$500,"atk")+SUMIFS('Antieco'!$D$2:$D$500,'Antieco'!$A$2:$A$500,$C$3,'Antieco'!$B$2:$B$500,C10,'Antieco'!$F$2:$F$500,"atk")),"") | X10: =IFERROR(SUMIFS('Antieco'!$C$2:$C$500,'Antieco'!$A$2:$A$500,$C$3,'Antieco'!$B$2:$B$500,C10,'Antieco'!$F$2:$F$500,"def")/(SUMIFS('Antieco'!$C$2:$C$500,'Antieco'!$A$2:$A$500,$C$3,'Antieco'!$B$2:$B$500,C10,'Antieco'!$F$2:$F$500,"def")+SUMIFS('Antieco'!$D$2:$D$500,'Antieco'!$A$2:$A$500,$C$3,'Antieco'!$B$2:$B$500,C10,'Antieco'!$F$2:$F$500,"def")),"") | Y10: =IFERROR((SUMIFS('ecos'!$C$2:$C$500,'ecos'!$A$2:$A$500,$C$3,'ecos'!$B$2:$B$500,C10,'ecos'!$F$2:$F$500,"atk")+SUMIFS('ecos'!$C$2:$C$500,'ecos'!$A$2:$A$500,$C$3,'ecos'!$B$2:$B$500,C10,'ecos'!$F$2:$F$500,"def"))/(SUMIFS('ecos'!$C$2:$C$500,'ecos'!$A$2:$A$500,$C$3,'ecos'!$B$2:$B$500,C10,'ecos'!$F$2:$F$500,"atk")+SUMIFS('ecos'!$D$2:$D$500,'ecos'!$A$2:$A$500,$C$3,'ecos'!$B$2:$B$500,C10,'ecos'!$F$2:$F$500,"atk")+SUMIFS('ecos'!$C$2:$C$500,'ecos'!$A$2:$A$500,$C$3,'ecos'!$B$2:$B$500,C10,'ecos'!$F$2:$F$500,"def")+SUMIFS('ecos'!$D$2:$D$500,'ecos'!$A$2:$A$500,$C$3,'ecos'!$B$2:$B$500,C10,'ecos'!$F$2:$F$500,"def")),"") | Z10: =IFERROR(SUMIFS('ecos'!$C$2:$C$500,'ecos'!$A$2:$A$500,$C$3,'ecos'!$B$2:$B$500,C10,'ecos'!$F$2:$F$500,"atk")/(SUMIFS('ecos'!$C$2:$C$500,'ecos'!$A$2:$A$500,$C$3,'ecos'!$B$2:$B$500,C10,'ecos'!$F$2:$F$500,"atk")+SUMIFS('ecos'!$D$2:$D$500,'ecos'!$A$2:$A$500,$C$3,'ecos'!$B$2:$B$500,C10,'ecos'!$F$2:$F$500,"atk")),"") | AA10: =IFERROR(SUMIFS('ecos'!$C$2:$C$500,'ecos'!$A$2:$A$500,$C$3,'ecos'!$B$2:$B$500,C10,'ecos'!$F$2:$F$500,"def")/(SUMIFS('ecos'!$C$2:$C$500,'ecos'!$A$2:$A$500,$C$3,'ecos'!$B$2:$B$500,C10,'ecos'!$F$2:$F$500,"def")+SUMIFS('ecos'!$D$2:$D$500,'ecos'!$A$2:$A$500,$C$3,'ecos'!$B$2:$B$500,C10,'ecos'!$F$2:$F$500,"def")),"") | AC10: Corrode | AD10: =SUMIFS('Post Plants'!$E$2:$E$500,'Post Plants'!$A$2:$A$500,$C$3,'Post Plants'!$B$2:$B$500,C10,'Post Plants'!$D$2:$D$500,"atk") | AE10: =SUMIFS(doubles!$M$2:$M$431,doubles!$C$2:$C$431,$C$3,doubles!$B$2:$B$431,C10)+SUMIFS(doubles!$N$2:$N$431,doubles!$C$2:$C$431,$C$3,doubles!$B$2:$B$431,C10) | AF10: =IFERROR(AD10/J10,"") | AG10: =IFERROR(SUMIFS('Post Plants'!$F$2:$F$500,'Post Plants'!$A$2:$A$500,$C$3,'Post Plants'!$B$2:$B$500,C10,'Post Plants'!$D$2:$D$500,"atk")/SUMIFS('Post Plants'!$E$2:$E$500,'Post Plants'!$A$2:$A$500,$C$3,'Post Plants'!$B$2:$B$500,C10,'Post Plants'!$D$2:$D$500,"atk"),"") | AI10: =SUMIFS('Post Plants'!$E$2:$E$500,'Post Plants'!$A$2:$A$500,$C$3,'Post Plants'!$B$2:$B$500,C10,'Post Plants'!$D$2:$D$500,"def") | AJ10: =SUMIFS(doubles!$O$2:$O$431,doubles!$C$2:$C$431,$C$3,doubles!$B$2:$B$431,C10)+SUMIFS(doubles!$P$2:$P$431,doubles!$C$2:$C$431,$C$3,doubles!$B$2:$B$431,C10) | AK10: =IFERROR(AI10/J10,"") | AL10: =IFERROR(SUMIFS('Post Plants'!$F$2:$F$500,'Post Plants'!$A$2:$A$500,$C$3,'Post Plants'!$B$2:$B$500,C10,'Post Plants'!$D$2:$D$500,"def")/SUMIFS('Post Plants'!$E$2:$E$500,'Post Plants'!$A$2:$A$500,$C$3,'Post Plants'!$B$2:$B$500,C10,'Post Plants'!$D$2:$D$500,"def"),"")
C11: Haven | D11: =IFERROR(INDEX(doubles!$E$2:$E$431,MATCH(C11&"_"&$C$3,doubles!$S$2:$S$431&"_"&doubles!$C$2:$C$431,0)),"") | I11: =IFERROR(COUNTIFS(doubles!$C$2:$C$431,$C$3,doubles!$B$2:$B$431,C11,doubles!$E$2:$E$431,D11),"") | J11: =COUNTIFS(doubles!$C$2:$C$431,$C$3,doubles!$B$2:$B$431,C11) | K11: =COUNTIFS(doubles!$C$2:$C$431,$C$3,doubles!$B$2:$B$431,C11,doubles!$R$2:$R$431,$C$3) | L11: =J11-K11 | M11: =IFERROR((SUMIFS(doubles!$M$2:$M$431,doubles!$C$2:$C$431,$C$3,doubles!$B$2:$B$431,C11)+SUMIFS(doubles!$O$2:$O$431,doubles!$C$2:$C$431,$C$3,doubles!$B$2:$B$431,C11))/(SUMIFS(doubles!$M$2:$M$431,doubles!$C$2:$C$431,$C$3,doubles!$B$2:$B$431,C11)+SUMIFS(doubles!$N$2:$N$431,doubles!$C$2:$C$431,$C$3,doubles!$B$2:$B$431,C11)+SUMIFS(doubles!$O$2:$O$431,doubles!$C$2:$C$431,$C$3,doubles!$B$2:$B$431,C11)+SUMIFS(doubles!$P$2:$P$431,doubles!$C$2:$C$431,$C$3,doubles!$B$2:$B$431,C11)),"") | N11: =IFERROR(SUMIFS(doubles!$M$2:$M$431,doubles!$C$2:$C$431,$C$3,doubles!$B$2:$B$431,C11)/(SUMIFS(doubles!$M$2:$M$431,doubles!$C$2:$C$431,$C$3,doubles!$B$2:$B$431,C11)+SUMIFS(doubles!$N$2:$N$431,doubles!$C$2:$C$431,$C$3,doubles!$B$2:$B$431,C11)),"") | O11: =IFERROR(SUMIFS(doubles!$O$2:$O$431,doubles!$C$2:$C$431,$C$3,doubles!$B$2:$B$431,C11)/(SUMIFS(doubles!$O$2:$O$431,doubles!$C$2:$C$431,$C$3,doubles!$B$2:$B$431,C11)+SUMIFS(doubles!$P$2:$P$431,doubles!$C$2:$C$431,$C$3,doubles!$B$2:$B$431,C11)),"") | P11: =IFERROR((SUMIFS(doubles!$K$2:$K$431,doubles!$C$2:$C$431,$C$3,doubles!$B$2:$B$431,C11)+SUMIFS(doubles!$L$2:$L$431,doubles!$C$2:$C$431,$C$3,doubles!$B$2:$B$431,C11))/(2*COUNTIFS(doubles!$C$2:$C$431,$C$3,doubles!$B$2:$B$431,C11)),"") | Q11: =IFERROR(SUMIFS(doubles!$K$2:$K$431,doubles!$C$2:$C$431,$C$3,doubles!$B$2:$B$431,C11)/COUNTIFS(doubles!$C$2:$C$431,$C$3,doubles!$B$2:$B$431,C11),"") | R11: =IFERROR(SUMIFS(doubles!$L$2:$L$431,doubles!$C$2:$C$431,$C$3,doubles!$B$2:$B$431,C11)/COUNTIFS(doubles!$C$2:$C$431,$C$3,doubles!$B$2:$B$431,C11),"") | S11: =IFERROR((SUMIFS('Gun v Gun'!$C$2:$C$500,'Gun v Gun'!$A$2:$A$500,$C$3,'Gun v Gun'!$B$2:$B$500,C11,'Gun v Gun'!$F$2:$F$500,"atk")+SUMIFS('Gun v Gun'!$C$2:$C$500,'Gun v Gun'!$A$2:$A$500,$C$3,'Gun v Gun'!$B$2:$B$500,C11,'Gun v Gun'!$F$2:$F$500,"def"))/(SUMIFS('Gun v Gun'!$C$2:$C$500,'Gun v Gun'!$A$2:$A$500,$C$3,'Gun v Gun'!$B$2:$B$500,C11,'Gun v Gun'!$F$2:$F$500,"atk")+SUMIFS('Gun v Gun'!$D$2:$D$500,'Gun v Gun'!$A$2:$A$500,$C$3,'Gun v Gun'!$B$2:$B$500,C11,'Gun v Gun'!$F$2:$F$500,"atk")+SUMIFS('Gun v Gun'!$C$2:$C$500,'Gun v Gun'!$A$2:$A$500,$C$3,'Gun v Gun'!$B$2:$B$500,C11,'Gun v Gun'!$F$2:$F$500,"def")+SUMIFS('Gun v Gun'!$D$2:$D$500,'Gun v Gun'!$A$2:$A$500,$C$3,'Gun v Gun'!$B$2:$B$500,C11,'Gun v Gun'!$F$2:$F$500,"def")),"") | T11: =IFERROR(SUMIFS('Gun v Gun'!$C$2:$C$500,'Gun v Gun'!$A$2:$A$500,$C$3,'Gun v Gun'!$B$2:$B$500,C11,'Gun v Gun'!$F$2:$F$500,"atk")/(SUMIFS('Gun v Gun'!$C$2:$C$500,'Gun v Gun'!$A$2:$A$500,$C$3,'Gun v Gun'!$B$2:$B$500,C11,'Gun v Gun'!$F$2:$F$500,"atk")+SUMIFS('Gun v Gun'!$D$2:$D$500,'Gun v Gun'!$A$2:$A$500,$C$3,'Gun v Gun'!$B$2:$B$500,C11,'Gun v Gun'!$F$2:$F$500,"atk")),"") | U11: =IFERROR(SUMIFS('Gun v Gun'!$C$2:$C$500,'Gun v Gun'!$A$2:$A$500,$C$3,'Gun v Gun'!$B$2:$B$500,C11,'Gun v Gun'!$F$2:$F$500,"def")/(SUMIFS('Gun v Gun'!$C$2:$C$500,'Gun v Gun'!$A$2:$A$500,$C$3,'Gun v Gun'!$B$2:$B$500,C11,'Gun v Gun'!$F$2:$F$500,"def")+SUMIFS('Gun v Gun'!$D$2:$D$500,'Gun v Gun'!$A$2:$A$500,$C$3,'Gun v Gun'!$B$2:$B$500,C11,'Gun v Gun'!$F$2:$F$500,"def")),"") | V11: =IFERROR((SUMIFS('Antieco'!$C$2:$C$500,'Antieco'!$A$2:$A$500,$C$3,'Antieco'!$B$2:$B$500,C11,'Antieco'!$F$2:$F$500,"atk")+SUMIFS('Antieco'!$C$2:$C$500,'Antieco'!$A$2:$A$500,$C$3,'Antieco'!$B$2:$B$500,C11,'Antieco'!$F$2:$F$500,"def"))/(SUMIFS('Antieco'!$C$2:$C$500,'Antieco'!$A$2:$A$500,$C$3,'Antieco'!$B$2:$B$500,C11,'Antieco'!$F$2:$F$500,"atk")+SUMIFS('Antieco'!$D$2:$D$500,'Antieco'!$A$2:$A$500,$C$3,'Antieco'!$B$2:$B$500,C11,'Antieco'!$F$2:$F$500,"atk")+SUMIFS('Antieco'!$C$2:$C$500,'Antieco'!$A$2:$A$500,$C$3,'Antieco'!$B$2:$B$500,C11,'Antieco'!$F$2:$F$500,"def")+SUMIFS('Antieco'!$D$2:$D$500,'Antieco'!$A$2:$A$500,$C$3,'Antieco'!$B$2:$B$500,C11,'Antieco'!$F$2:$F$500,"def")),"") | W11: =IFERROR(SUMIFS('Antieco'!$C$2:$C$500,'Antieco'!$A$2:$A$500,$C$3,'Antieco'!$B$2:$B$500,C11,'Antieco'!$F$2:$F$500,"atk")/(SUMIFS('Antieco'!$C$2:$C$500,'Antieco'!$A$2:$A$500,$C$3,'Antieco'!$B$2:$B$500,C11,'Antieco'!$F$2:$F$500,"atk")+SUMIFS('Antieco'!$D$2:$D$500,'Antieco'!$A$2:$A$500,$C$3,'Antieco'!$B$2:$B$500,C11,'Antieco'!$F$2:$F$500,"atk")),"") | X11: =IFERROR(SUMIFS('Antieco'!$C$2:$C$500,'Antieco'!$A$2:$A$500,$C$3,'Antieco'!$B$2:$B$500,C11,'Antieco'!$F$2:$F$500,"def")/(SUMIFS('Antieco'!$C$2:$C$500,'Antieco'!$A$2:$A$500,$C$3,'Antieco'!$B$2:$B$500,C11,'Antieco'!$F$2:$F$500,"def")+SUMIFS('Antieco'!$D$2:$D$500,'Antieco'!$A$2:$A$500,$C$3,'Antieco'!$B$2:$B$500,C11,'Antieco'!$F$2:$F$500,"def")),"") | Y11: =IFERROR((SUMIFS('ecos'!$C$2:$C$500,'ecos'!$A$2:$A$500,$C$3,'ecos'!$B$2:$B$500,C11,'ecos'!$F$2:$F$500,"atk")+SUMIFS('ecos'!$C$2:$C$500,'ecos'!$A$2:$A$500,$C$3,'ecos'!$B$2:$B$500,C11,'ecos'!$F$2:$F$500,"def"))/(SUMIFS('ecos'!$C$2:$C$500,'ecos'!$A$2:$A$500,$C$3,'ecos'!$B$2:$B$500,C11,'ecos'!$F$2:$F$500,"atk")+SUMIFS('ecos'!$D$2:$D$500,'ecos'!$A$2:$A$500,$C$3,'ecos'!$B$2:$B$500,C11,'ecos'!$F$2:$F$500,"atk")+SUMIFS('ecos'!$C$2:$C$500,'ecos'!$A$2:$A$500,$C$3,'ecos'!$B$2:$B$500,C11,'ecos'!$F$2:$F$500,"def")+SUMIFS('ecos'!$D$2:$D$500,'ecos'!$A$2:$A$500,$C$3,'ecos'!$B$2:$B$500,C11,'ecos'!$F$2:$F$500,"def")),"") | Z11: =IFERROR(SUMIFS('ecos'!$C$2:$C$500,'ecos'!$A$2:$A$500,$C$3,'ecos'!$B$2:$B$500,C11,'ecos'!$F$2:$F$500,"atk")/(SUMIFS('ecos'!$C$2:$C$500,'ecos'!$A$2:$A$500,$C$3,'ecos'!$B$2:$B$500,C11,'ecos'!$F$2:$F$500,"atk")+SUMIFS('ecos'!$D$2:$D$500,'ecos'!$A$2:$A$500,$C$3,'ecos'!$B$2:$B$500,C11,'ecos'!$F$2:$F$500,"atk")),"") | AA11: =IFERROR(SUMIFS('ecos'!$C$2:$C$500,'ecos'!$A$2:$A$500,$C$3,'ecos'!$B$2:$B$500,C11,'ecos'!$F$2:$F$500,"def")/(SUMIFS('ecos'!$C$2:$C$500,'ecos'!$A$2:$A$500,$C$3,'ecos'!$B$2:$B$500,C11,'ecos'!$F$2:$F$500,"def")+SUMIFS('ecos'!$D$2:$D$500,'ecos'!$A$2:$A$500,$C$3,'ecos'!$B$2:$B$500,C11,'ecos'!$F$2:$F$500,"def")),"") | AC11: Haven | AD11: =SUMIFS('Post Plants'!$E$2:$E$500,'Post Plants'!$A$2:$A$500,$C$3,'Post Plants'!$B$2:$B$500,C11,'Post Plants'!$D$2:$D$500,"atk") | AE11: =SUMIFS(doubles!$M$2:$M$431,doubles!$C$2:$C$431,$C$3,doubles!$B$2:$B$431,C11)+SUMIFS(doubles!$N$2:$N$431,doubles!$C$2:$C$431,$C$3,doubles!$B$2:$B$431,C11) | AF11: =IFERROR(AD11/J11,"") | AG11: =IFERROR(SUMIFS('Post Plants'!$F$2:$F$500,'Post Plants'!$A$2:$A$500,$C$3,'Post Plants'!$B$2:$B$500,C11,'Post Plants'!$D$2:$D$500,"atk")/SUMIFS('Post Plants'!$E$2:$E$500,'Post Plants'!$A$2:$A$500,$C$3,'Post Plants'!$B$2:$B$500,C11,'Post Plants'!$D$2:$D$500,"atk"),"") | AI11: =SUMIFS('Post Plants'!$E$2:$E$500,'Post Plants'!$A$2:$A$500,$C$3,'Post Plants'!$B$2:$B$500,C11,'Post Plants'!$D$2:$D$500,"def") | AJ11: =SUMIFS(doubles!$O$2:$O$431,doubles!$C$2:$C$431,$C$3,doubles!$B$2:$B$431,C11)+SUMIFS(doubles!$P$2:$P$431,doubles!$C$2:$C$431,$C$3,doubles!$B$2:$B$431,C11) | AK11: =IFERROR(AI11/J11,"") | AL11: =IFERROR(SUMIFS('Post Plants'!$F$2:$F$500,'Post Plants'!$A$2:$A$500,$C$3,'Post Plants'!$B$2:$B$500,C11,'Post Plants'!$D$2:$D$500,"def")/SUMIFS('Post Plants'!$E$2:$E$500,'Post Plants'!$A$2:$A$500,$C$3,'Post Plants'!$B$2:$B$500,C11,'Post Plants'!$D$2:$D$500,"def"),"")
C12: Pearl | D12: =IFERROR(INDEX(doubles!$E$2:$E$431,MATCH(C12&"_"&$C$3,doubles!$S$2:$S$431&"_"&doubles!$C$2:$C$431,0)),"") | I12: =IFERROR(COUNTIFS(doubles!$C$2:$C$431,$C$3,doubles!$B$2:$B$431,C12,doubles!$E$2:$E$431,D12),"") | J12: =COUNTIFS(doubles!$C$2:$C$431,$C$3,doubles!$B$2:$B$431,C12) | K12: =COUNTIFS(doubles!$C$2:$C$431,$C$3,doubles!$B$2:$B$431,C12,doubles!$R$2:$R$431,$C$3) | L12: =J12-K12 | M12: =IFERROR((SUMIFS(doubles!$M$2:$M$431,doubles!$C$2:$C$431,$C$3,doubles!$B$2:$B$431,C12)+SUMIFS(doubles!$O$2:$O$431,doubles!$C$2:$C$431,$C$3,doubles!$B$2:$B$431,C12))/(SUMIFS(doubles!$M$2:$M$431,doubles!$C$2:$C$431,$C$3,doubles!$B$2:$B$431,C12)+SUMIFS(doubles!$N$2:$N$431,doubles!$C$2:$C$431,$C$3,doubles!$B$2:$B$431,C12)+SUMIFS(doubles!$O$2:$O$431,doubles!$C$2:$C$431,$C$3,doubles!$B$2:$B$431,C12)+SUMIFS(doubles!$P$2:$P$431,doubles!$C$2:$C$431,$C$3,doubles!$B$2:$B$431,C12)),"") | N12: =IFERROR(SUMIFS(doubles!$M$2:$M$431,doubles!$C$2:$C$431,$C$3,doubles!$B$2:$B$431,C12)/(SUMIFS(doubles!$M$2:$M$431,doubles!$C$2:$C$431,$C$3,doubles!$B$2:$B$431,C12)+SUMIFS(doubles!$N$2:$N$431,doubles!$C$2:$C$431,$C$3,doubles!$B$2:$B$431,C12)),"") | O12: =IFERROR(SUMIFS(doubles!$O$2:$O$431,doubles!$C$2:$C$431,$C$3,doubles!$B$2:$B$431,C12)/(SUMIFS(doubles!$O$2:$O$431,doubles!$C$2:$C$431,$C$3,doubles!$B$2:$B$431,C12)+SUMIFS(doubles!$P$2:$P$431,doubles!$C$2:$C$431,$C$3,doubles!$B$2:$B$431,C12)),"") | P12: =IFERROR((SUMIFS(doubles!$K$2:$K$431,doubles!$C$2:$C$431,$C$3,doubles!$B$2:$B$431,C12)+SUMIFS(doubles!$L$2:$L$431,doubles!$C$2:$C$431,$C$3,doubles!$B$2:$B$431,C12))/(2*COUNTIFS(doubles!$C$2:$C$431,$C$3,doubles!$B$2:$B$431,C12)),"") | Q12: =IFERROR(SUMIFS(doubles!$K$2:$K$431,doubles!$C$2:$C$431,$C$3,doubles!$B$2:$B$431,C12)/COUNTIFS(doubles!$C$2:$C$431,$C$3,doubles!$B$2:$B$431,C12),"") | R12: =IFERROR(SUMIFS(doubles!$L$2:$L$431,doubles!$C$2:$C$431,$C$3,doubles!$B$2:$B$431,C12)/COUNTIFS(doubles!$C$2:$C$431,$C$3,doubles!$B$2:$B$431,C12),"") | S12: =IFERROR((SUMIFS('Gun v Gun'!$C$2:$C$500,'Gun v Gun'!$A$2:$A$500,$C$3,'Gun v Gun'!$B$2:$B$500,C12,'Gun v Gun'!$F$2:$F$500,"atk")+SUMIFS('Gun v Gun'!$C$2:$C$500,'Gun v Gun'!$A$2:$A$500,$C$3,'Gun v Gun'!$B$2:$B$500,C12,'Gun v Gun'!$F$2:$F$500,"def"))/(SUMIFS('Gun v Gun'!$C$2:$C$500,'Gun v Gun'!$A$2:$A$500,$C$3,'Gun v Gun'!$B$2:$B$500,C12,'Gun v Gun'!$F$2:$F$500,"atk")+SUMIFS('Gun v Gun'!$D$2:$D$500,'Gun v Gun'!$A$2:$A$500,$C$3,'Gun v Gun'!$B$2:$B$500,C12,'Gun v Gun'!$F$2:$F$500,"atk")+SUMIFS('Gun v Gun'!$C$2:$C$500,'Gun v Gun'!$A$2:$A$500,$C$3,'Gun v Gun'!$B$2:$B$500,C12,'Gun v Gun'!$F$2:$F$500,"def")+SUMIFS('Gun v Gun'!$D$2:$D$500,'Gun v Gun'!$A$2:$A$500,$C$3,'Gun v Gun'!$B$2:$B$500,C12,'Gun v Gun'!$F$2:$F$500,"def")),"") | T12: =IFERROR(SUMIFS('Gun v Gun'!$C$2:$C$500,'Gun v Gun'!$A$2:$A$500,$C$3,'Gun v Gun'!$B$2:$B$500,C12,'Gun v Gun'!$F$2:$F$500,"atk")/(SUMIFS('Gun v Gun'!$C$2:$C$500,'Gun v Gun'!$A$2:$A$500,$C$3,'Gun v Gun'!$B$2:$B$500,C12,'Gun v Gun'!$F$2:$F$500,"atk")+SUMIFS('Gun v Gun'!$D$2:$D$500,'Gun v Gun'!$A$2:$A$500,$C$3,'Gun v Gun'!$B$2:$B$500,C12,'Gun v Gun'!$F$2:$F$500,"atk")),"") | U12: =IFERROR(SUMIFS('Gun v Gun'!$C$2:$C$500,'Gun v Gun'!$A$2:$A$500,$C$3,'Gun v Gun'!$B$2:$B$500,C12,'Gun v Gun'!$F$2:$F$500,"def")/(SUMIFS('Gun v Gun'!$C$2:$C$500,'Gun v Gun'!$A$2:$A$500,$C$3,'Gun v Gun'!$B$2:$B$500,C12,'Gun v Gun'!$F$2:$F$500,"def")+SUMIFS('Gun v Gun'!$D$2:$D$500,'Gun v Gun'!$A$2:$A$500,$C$3,'Gun v Gun'!$B$2:$B$500,C12,'Gun v Gun'!$F$2:$F$500,"def")),"") | V12: =IFERROR((SUMIFS('Antieco'!$C$2:$C$500,'Antieco'!$A$2:$A$500,$C$3,'Antieco'!$B$2:$B$500,C12,'Antieco'!$F$2:$F$500,"atk")+SUMIFS('Antieco'!$C$2:$C$500,'Antieco'!$A$2:$A$500,$C$3,'Antieco'!$B$2:$B$500,C12,'Antieco'!$F$2:$F$500,"def"))/(SUMIFS('Antieco'!$C$2:$C$500,'Antieco'!$A$2:$A$500,$C$3,'Antieco'!$B$2:$B$500,C12,'Antieco'!$F$2:$F$500,"atk")+SUMIFS('Antieco'!$D$2:$D$500,'Antieco'!$A$2:$A$500,$C$3,'Antieco'!$B$2:$B$500,C12,'Antieco'!$F$2:$F$500,"atk")+SUMIFS('Antieco'!$C$2:$C$500,'Antieco'!$A$2:$A$500,$C$3,'Antieco'!$B$2:$B$500,C12,'Antieco'!$F$2:$F$500,"def")+SUMIFS('Antieco'!$D$2:$D$500,'Antieco'!$A$2:$A$500,$C$3,'Antieco'!$B$2:$B$500,C12,'Antieco'!$F$2:$F$500,"def")),"") | W12: =IFERROR(SUMIFS('Antieco'!$C$2:$C$500,'Antieco'!$A$2:$A$500,$C$3,'Antieco'!$B$2:$B$500,C12,'Antieco'!$F$2:$F$500,"atk")/(SUMIFS('Antieco'!$C$2:$C$500,'Antieco'!$A$2:$A$500,$C$3,'Antieco'!$B$2:$B$500,C12,'Antieco'!$F$2:$F$500,"atk")+SUMIFS('Antieco'!$D$2:$D$500,'Antieco'!$A$2:$A$500,$C$3,'Antieco'!$B$2:$B$500,C12,'Antieco'!$F$2:$F$500,"atk")),"") | X12: =IFERROR(SUMIFS('Antieco'!$C$2:$C$500,'Antieco'!$A$2:$A$500,$C$3,'Antieco'!$B$2:$B$500,C12,'Antieco'!$F$2:$F$500,"def")/(SUMIFS('Antieco'!$C$2:$C$500,'Antieco'!$A$2:$A$500,$C$3,'Antieco'!$B$2:$B$500,C12,'Antieco'!$F$2:$F$500,"def")+SUMIFS('Antieco'!$D$2:$D$500,'Antieco'!$A$2:$A$500,$C$3,'Antieco'!$B$2:$B$500,C12,'Antieco'!$F$2:$F$500,"def")),"") | Y12: =IFERROR((SUMIFS('ecos'!$C$2:$C$500,'ecos'!$A$2:$A$500,$C$3,'ecos'!$B$2:$B$500,C12,'ecos'!$F$2:$F$500,"atk")+SUMIFS('ecos'!$C$2:$C$500,'ecos'!$A$2:$A$500,$C$3,'ecos'!$B$2:$B$500,C12,'ecos'!$F$2:$F$500,"def"))/(SUMIFS('ecos'!$C$2:$C$500,'ecos'!$A$2:$A$500,$C$3,'ecos'!$B$2:$B$500,C12,'ecos'!$F$2:$F$500,"atk")+SUMIFS('ecos'!$D$2:$D$500,'ecos'!$A$2:$A$500,$C$3,'ecos'!$B$2:$B$500,C12,'ecos'!$F$2:$F$500,"atk")+SUMIFS('ecos'!$C$2:$C$500,'ecos'!$A$2:$A$500,$C$3,'ecos'!$B$2:$B$500,C12,'ecos'!$F$2:$F$500,"def")+SUMIFS('ecos'!$D$2:$D$500,'ecos'!$A$2:$A$500,$C$3,'ecos'!$B$2:$B$500,C12,'ecos'!$F$2:$F$500,"def")),"") | Z12: =IFERROR(SUMIFS('ecos'!$C$2:$C$500,'ecos'!$A$2:$A$500,$C$3,'ecos'!$B$2:$B$500,C12,'ecos'!$F$2:$F$500,"atk")/(SUMIFS('ecos'!$C$2:$C$500,'ecos'!$A$2:$A$500,$C$3,'ecos'!$B$2:$B$500,C12,'ecos'!$F$2:$F$500,"atk")+SUMIFS('ecos'!$D$2:$D$500,'ecos'!$A$2:$A$500,$C$3,'ecos'!$B$2:$B$500,C12,'ecos'!$F$2:$F$500,"atk")),"") | AA12: =IFERROR(SUMIFS('ecos'!$C$2:$C$500,'ecos'!$A$2:$A$500,$C$3,'ecos'!$B$2:$B$500,C12,'ecos'!$F$2:$F$500,"def")/(SUMIFS('ecos'!$C$2:$C$500,'ecos'!$A$2:$A$500,$C$3,'ecos'!$B$2:$B$500,C12,'ecos'!$F$2:$F$500,"def")+SUMIFS('ecos'!$D$2:$D$500,'ecos'!$A$2:$A$500,$C$3,'ecos'!$B$2:$B$500,C12,'ecos'!$F$2:$F$500,"def")),"") | AC12: Pearl | AD12: =SUMIFS('Post Plants'!$E$2:$E$500,'Post Plants'!$A$2:$A$500,$C$3,'Post Plants'!$B$2:$B$500,C12,'Post Plants'!$D$2:$D$500,"atk") | AE12: =SUMIFS(doubles!$M$2:$M$431,doubles!$C$2:$C$431,$C$3,doubles!$B$2:$B$431,C12)+SUMIFS(doubles!$N$2:$N$431,doubles!$C$2:$C$431,$C$3,doubles!$B$2:$B$431,C12) | AF12: =IFERROR(AD12/J12,"") | AG12: =IFERROR(SUMIFS('Post Plants'!$F$2:$F$500,'Post Plants'!$A$2:$A$500,$C$3,'Post Plants'!$B$2:$B$500,C12,'Post Plants'!$D$2:$D$500,"atk")/SUMIFS('Post Plants'!$E$2:$E$500,'Post Plants'!$A$2:$A$500,$C$3,'Post Plants'!$B$2:$B$500,C12,'Post Plants'!$D$2:$D$500,"atk"),"") | AI12: =SUMIFS('Post Plants'!$E$2:$E$500,'Post Plants'!$A$2:$A$500,$C$3,'Post Plants'!$B$2:$B$500,C12,'Post Plants'!$D$2:$D$500,"def") | AJ12: =SUMIFS(doubles!$O$2:$O$431,doubles!$C$2:$C$431,$C$3,doubles!$B$2:$B$431,C12)+SUMIFS(doubles!$P$2:$P$431,doubles!$C$2:$C$431,$C$3,doubles!$B$2:$B$431,C12) | AK12: =IFERROR(AI12/J12,"") | AL12: =IFERROR(SUMIFS('Post Plants'!$F$2:$F$500,'Post Plants'!$A$2:$A$500,$C$3,'Post Plants'!$B$2:$B$500,C12,'Post Plants'!$D$2:$D$500,"def")/SUMIFS('Post Plants'!$E$2:$E$500,'Post Plants'!$A$2:$A$500,$C$3,'Post Plants'!$B$2:$B$500,C12,'Post Plants'!$D$2:$D$500,"def"),"")
C13: Split | D13: =IFERROR(INDEX(doubles!$E$2:$E$431,MATCH(C13&"_"&$C$3,doubles!$S$2:$S$431&"_"&doubles!$C$2:$C$431,0)),"") | I13: =IFERROR(COUNTIFS(doubles!$C$2:$C$431,$C$3,doubles!$B$2:$B$431,C13,doubles!$E$2:$E$431,D13),"") | J13: =COUNTIFS(doubles!$C$2:$C$431,$C$3,doubles!$B$2:$B$431,C13) | K13: =COUNTIFS(doubles!$C$2:$C$431,$C$3,doubles!$B$2:$B$431,C13,doubles!$R$2:$R$431,$C$3) | L13: =J13-K13 | M13: =IFERROR((SUMIFS(doubles!$M$2:$M$431,doubles!$C$2:$C$431,$C$3,doubles!$B$2:$B$431,C13)+SUMIFS(doubles!$O$2:$O$431,doubles!$C$2:$C$431,$C$3,doubles!$B$2:$B$431,C13))/(SUMIFS(doubles!$M$2:$M$431,doubles!$C$2:$C$431,$C$3,doubles!$B$2:$B$431,C13)+SUMIFS(doubles!$N$2:$N$431,doubles!$C$2:$C$431,$C$3,doubles!$B$2:$B$431,C13)+SUMIFS(doubles!$O$2:$O$431,doubles!$C$2:$C$431,$C$3,doubles!$B$2:$B$431,C13)+SUMIFS(doubles!$P$2:$P$431,doubles!$C$2:$C$431,$C$3,doubles!$B$2:$B$431,C13)),"") | N13: =IFERROR(SUMIFS(doubles!$M$2:$M$431,doubles!$C$2:$C$431,$C$3,doubles!$B$2:$B$431,C13)/(SUMIFS(doubles!$M$2:$M$431,doubles!$C$2:$C$431,$C$3,doubles!$B$2:$B$431,C13)+SUMIFS(doubles!$N$2:$N$431,doubles!$C$2:$C$431,$C$3,doubles!$B$2:$B$431,C13)),"") | O13: =IFERROR(SUMIFS(doubles!$O$2:$O$431,doubles!$C$2:$C$431,$C$3,doubles!$B$2:$B$431,C13)/(SUMIFS(doubles!$O$2:$O$431,doubles!$C$2:$C$431,$C$3,doubles!$B$2:$B$431,C13)+SUMIFS(doubles!$P$2:$P$431,doubles!$C$2:$C$431,$C$3,doubles!$B$2:$B$431,C13)),"") | P13: =IFERROR((SUMIFS(doubles!$K$2:$K$431,doubles!$C$2:$C$431,$C$3,doubles!$B$2:$B$431,C13)+SUMIFS(doubles!$L$2:$L$431,doubles!$C$2:$C$431,$C$3,doubles!$B$2:$B$431,C13))/(2*COUNTIFS(doubles!$C$2:$C$431,$C$3,doubles!$B$2:$B$431,C13)),"") | Q13: =IFERROR(SUMIFS(doubles!$K$2:$K$431,doubles!$C$2:$C$431,$C$3,doubles!$B$2:$B$431,C13)/COUNTIFS(doubles!$C$2:$C$431,$C$3,doubles!$B$2:$B$431,C13),"") | R13: =IFERROR(SUMIFS(doubles!$L$2:$L$431,doubles!$C$2:$C$431,$C$3,doubles!$B$2:$B$431,C13)/COUNTIFS(doubles!$C$2:$C$431,$C$3,doubles!$B$2:$B$431,C13),"") | S13: =IFERROR((SUMIFS('Gun v Gun'!$C$2:$C$500,'Gun v Gun'!$A$2:$A$500,$C$3,'Gun v Gun'!$B$2:$B$500,C13,'Gun v Gun'!$F$2:$F$500,"atk")+SUMIFS('Gun v Gun'!$C$2:$C$500,'Gun v Gun'!$A$2:$A$500,$C$3,'Gun v Gun'!$B$2:$B$500,C13,'Gun v Gun'!$F$2:$F$500,"def"))/(SUMIFS('Gun v Gun'!$C$2:$C$500,'Gun v Gun'!$A$2:$A$500,$C$3,'Gun v Gun'!$B$2:$B$500,C13,'Gun v Gun'!$F$2:$F$500,"atk")+SUMIFS('Gun v Gun'!$D$2:$D$500,'Gun v Gun'!$A$2:$A$500,$C$3,'Gun v Gun'!$B$2:$B$500,C13,'Gun v Gun'!$F$2:$F$500,"atk")+SUMIFS('Gun v Gun'!$C$2:$C$500,'Gun v Gun'!$A$2:$A$500,$C$3,'Gun v Gun'!$B$2:$B$500,C13,'Gun v Gun'!$F$2:$F$500,"def")+SUMIFS('Gun v Gun'!$D$2:$D$500,'Gun v Gun'!$A$2:$A$500,$C$3,'Gun v Gun'!$B$2:$B$500,C13,'Gun v Gun'!$F$2:$F$500,"def")),"") | T13: =IFERROR(SUMIFS('Gun v Gun'!$C$2:$C$500,'Gun v Gun'!$A$2:$A$500,$C$3,'Gun v Gun'!$B$2:$B$500,C13,'Gun v Gun'!$F$2:$F$500,"atk")/(SUMIFS('Gun v Gun'!$C$2:$C$500,'Gun v Gun'!$A$2:$A$500,$C$3,'Gun v Gun'!$B$2:$B$500,C13,'Gun v Gun'!$F$2:$F$500,"atk")+SUMIFS('Gun v Gun'!$D$2:$D$500,'Gun v Gun'!$A$2:$A$500,$C$3,'Gun v Gun'!$B$2:$B$500,C13,'Gun v Gun'!$F$2:$F$500,"atk")),"") | U13: =IFERROR(SUMIFS('Gun v Gun'!$C$2:$C$500,'Gun v Gun'!$A$2:$A$500,$C$3,'Gun v Gun'!$B$2:$B$500,C13,'Gun v Gun'!$F$2:$F$500,"def")/(SUMIFS('Gun v Gun'!$C$2:$C$500,'Gun v Gun'!$A$2:$A$500,$C$3,'Gun v Gun'!$B$2:$B$500,C13,'Gun v Gun'!$F$2:$F$500,"def")+SUMIFS('Gun v Gun'!$D$2:$D$500,'Gun v Gun'!$A$2:$A$500,$C$3,'Gun v Gun'!$B$2:$B$500,C13,'Gun v Gun'!$F$2:$F$500,"def")),"") | V13: =IFERROR((SUMIFS('Antieco'!$C$2:$C$500,'Antieco'!$A$2:$A$500,$C$3,'Antieco'!$B$2:$B$500,C13,'Antieco'!$F$2:$F$500,"atk")+SUMIFS('Antieco'!$C$2:$C$500,'Antieco'!$A$2:$A$500,$C$3,'Antieco'!$B$2:$B$500,C13,'Antieco'!$F$2:$F$500,"def"))/(SUMIFS('Antieco'!$C$2:$C$500,'Antieco'!$A$2:$A$500,$C$3,'Antieco'!$B$2:$B$500,C13,'Antieco'!$F$2:$F$500,"atk")+SUMIFS('Antieco'!$D$2:$D$500,'Antieco'!$A$2:$A$500,$C$3,'Antieco'!$B$2:$B$500,C13,'Antieco'!$F$2:$F$500,"atk")+SUMIFS('Antieco'!$C$2:$C$500,'Antieco'!$A$2:$A$500,$C$3,'Antieco'!$B$2:$B$500,C13,'Antieco'!$F$2:$F$500,"def")+SUMIFS('Antieco'!$D$2:$D$500,'Antieco'!$A$2:$A$500,$C$3,'Antieco'!$B$2:$B$500,C13,'Antieco'!$F$2:$F$500,"def")),"") | W13: =IFERROR(SUMIFS('Antieco'!$C$2:$C$500,'Antieco'!$A$2:$A$500,$C$3,'Antieco'!$B$2:$B$500,C13,'Antieco'!$F$2:$F$500,"atk")/(SUMIFS('Antieco'!$C$2:$C$500,'Antieco'!$A$2:$A$500,$C$3,'Antieco'!$B$2:$B$500,C13,'Antieco'!$F$2:$F$500,"atk")+SUMIFS('Antieco'!$D$2:$D$500,'Antieco'!$A$2:$A$500,$C$3,'Antieco'!$B$2:$B$500,C13,'Antieco'!$F$2:$F$500,"atk")),"") | X13: =IFERROR(SUMIFS('Antieco'!$C$2:$C$500,'Antieco'!$A$2:$A$500,$C$3,'Antieco'!$B$2:$B$500,C13,'Antieco'!$F$2:$F$500,"def")/(SUMIFS('Antieco'!$C$2:$C$500,'Antieco'!$A$2:$A$500,$C$3,'Antieco'!$B$2:$B$500,C13,'Antieco'!$F$2:$F$500,"def")+SUMIFS('Antieco'!$D$2:$D$500,'Antieco'!$A$2:$A$500,$C$3,'Antieco'!$B$2:$B$500,C13,'Antieco'!$F$2:$F$500,"def")),"") | Y13: =IFERROR((SUMIFS('ecos'!$C$2:$C$500,'ecos'!$A$2:$A$500,$C$3,'ecos'!$B$2:$B$500,C13,'ecos'!$F$2:$F$500,"atk")+SUMIFS('ecos'!$C$2:$C$500,'ecos'!$A$2:$A$500,$C$3,'ecos'!$B$2:$B$500,C13,'ecos'!$F$2:$F$500,"def"))/(SUMIFS('ecos'!$C$2:$C$500,'ecos'!$A$2:$A$500,$C$3,'ecos'!$B$2:$B$500,C13,'ecos'!$F$2:$F$500,"atk")+SUMIFS('ecos'!$D$2:$D$500,'ecos'!$A$2:$A$500,$C$3,'ecos'!$B$2:$B$500,C13,'ecos'!$F$2:$F$500,"atk")+SUMIFS('ecos'!$C$2:$C$500,'ecos'!$A$2:$A$500,$C$3,'ecos'!$B$2:$B$500,C13,'ecos'!$F$2:$F$500,"def")+SUMIFS('ecos'!$D$2:$D$500,'ecos'!$A$2:$A$500,$C$3,'ecos'!$B$2:$B$500,C13,'ecos'!$F$2:$F$500,"def")),"") | Z13: =IFERROR(SUMIFS('ecos'!$C$2:$C$500,'ecos'!$A$2:$A$500,$C$3,'ecos'!$B$2:$B$500,C13,'ecos'!$F$2:$F$500,"atk")/(SUMIFS('ecos'!$C$2:$C$500,'ecos'!$A$2:$A$500,$C$3,'ecos'!$B$2:$B$500,C13,'ecos'!$F$2:$F$500,"atk")+SUMIFS('ecos'!$D$2:$D$500,'ecos'!$A$2:$A$500,$C$3,'ecos'!$B$2:$B$500,C13,'ecos'!$F$2:$F$500,"atk")),"") | AA13: =IFERROR(SUMIFS('ecos'!$C$2:$C$500,'ecos'!$A$2:$A$500,$C$3,'ecos'!$B$2:$B$500,C13,'ecos'!$F$2:$F$500,"def")/(SUMIFS('ecos'!$C$2:$C$500,'ecos'!$A$2:$A$500,$C$3,'ecos'!$B$2:$B$500,C13,'ecos'!$F$2:$F$500,"def")+SUMIFS('ecos'!$D$2:$D$500,'ecos'!$A$2:$A$500,$C$3,'ecos'!$B$2:$B$500,C13,'ecos'!$F$2:$F$500,"def")),"") | AC13: Split | AD13: =SUMIFS('Post Plants'!$E$2:$E$500,'Post Plants'!$A$2:$A$500,$C$3,'Post Plants'!$B$2:$B$500,C13,'Post Plants'!$D$2:$D$500,"atk") | AE13: =SUMIFS(doubles!$M$2:$M$431,doubles!$C$2:$C$431,$C$3,doubles!$B$2:$B$431,C13)+SUMIFS(doubles!$N$2:$N$431,doubles!$C$2:$C$431,$C$3,doubles!$B$2:$B$431,C13) | AF13: =IFERROR(AD13/J13,"") | AG13: =IFERROR(SUMIFS('Post Plants'!$F$2:$F$500,'Post Plants'!$A$2:$A$500,$C$3,'Post Plants'!$B$2:$B$500,C13,'Post Plants'!$D$2:$D$500,"atk")/SUMIFS('Post Plants'!$E$2:$E$500,'Post Plants'!$A$2:$A$500,$C$3,'Post Plants'!$B$2:$B$500,C13,'Post Plants'!$D$2:$D$500,"atk"),"") | AI13: =SUMIFS('Post Plants'!$E$2:$E$500,'Post Plants'!$A$2:$A$500,$C$3,'Post Plants'!$B$2:$B$500,C13,'Post Plants'!$D$2:$D$500,"def") | AJ13: =SUMIFS(doubles!$O$2:$O$431,doubles!$C$2:$C$431,$C$3,doubles!$B$2:$B$431,C13)+SUMIFS(doubles!$P$2:$P$431,doubles!$C$2:$C$431,$C$3,doubles!$B$2:$B$431,C13) | AK13: =IFERROR(AI13/J13,"") | AL13: =IFERROR(SUMIFS('Post Plants'!$F$2:$F$500,'Post Plants'!$A$2:$A$500,$C$3,'Post Plants'!$B$2:$B$500,C13,'Post Plants'!$D$2:$D$500,"def")/SUMIFS('Post Plants'!$E$2:$E$500,'Post Plants'!$A$2:$A$500,$C$3,'Post Plants'!$B$2:$B$500,C13,'Post Plants'!$D$2:$D$500,"def"),"")
C14: All Maps | J14: =COUNTIFS(doubles!$C$2:$C$431,$C$3) | K14: =COUNTIFS(doubles!$C$2:$C$431,$C$3,doubles!$R$2:$R$431,$C$3) | L14: =J14-K14 | M14: =IFERROR((SUMIFS(doubles!$M$2:$M$431,doubles!$C$2:$C$431,$C$3)+SUMIFS(doubles!$O$2:$O$431,doubles!$C$2:$C$431,$C$3))/(SUMIFS(doubles!$M$2:$M$431,doubles!$C$2:$C$431,$C$3)+SUMIFS(doubles!$N$2:$N$431,doubles!$C$2:$C$431,$C$3)+SUMIFS(doubles!$O$2:$O$431,doubles!$C$2:$C$431,$C$3)+SUMIFS(doubles!$P$2:$P$431,doubles!$C$2:$C$431,$C$3)),"") | N14: =IFERROR(SUMIFS(doubles!$M$2:$M$431,doubles!$C$2:$C$431,$C$3)/(SUMIFS(doubles!$M$2:$M$431,doubles!$C$2:$C$431,$C$3)+SUMIFS(doubles!$N$2:$N$431,doubles!$C$2:$C$431,$C$3)),"") | O14: =IFERROR(SUMIFS(doubles!$O$2:$O$431,doubles!$C$2:$C$431,$C$3)/(SUMIFS(doubles!$O$2:$O$431,doubles!$C$2:$C$431,$C$3)+SUMIFS(doubles!$P$2:$P$431,doubles!$C$2:$C$431,$C$3)),"") | P14: =IFERROR((SUMIFS(doubles!$K$2:$K$431,doubles!$C$2:$C$431,$C$3)+SUMIFS(doubles!$L$2:$L$431,doubles!$C$2:$C$431,$C$3))/(2*COUNTIFS(doubles!$C$2:$C$431,$C$3)),"") | Q14: =IFERROR(SUMIFS(doubles!$K$2:$K$431,doubles!$C$2:$C$431,$C$3)/COUNTIFS(doubles!$C$2:$C$431,$C$3),"") | R14: =IFERROR(SUMIFS(doubles!$L$2:$L$431,doubles!$C$2:$C$431,$C$3)/COUNTIFS(doubles!$C$2:$C$431,$C$3),"") | S14: =IFERROR((SUMIFS('Gun v Gun'!$C$2:$C$500,'Gun v Gun'!$A$2:$A$500,$C$3,'Gun v Gun'!$F$2:$F$500,"atk")+SUMIFS('Gun v Gun'!$C$2:$C$500,'Gun v Gun'!$A$2:$A$500,$C$3,'Gun v Gun'!$F$2:$F$500,"def"))/(SUMIFS('Gun v Gun'!$C$2:$C$500,'Gun v Gun'!$A$2:$A$500,$C$3,'Gun v Gun'!$F$2:$F$500,"atk")+SUMIFS('Gun v Gun'!$D$2:$D$500,'Gun v Gun'!$A$2:$A$500,$C$3,'Gun v Gun'!$F$2:$F$500,"atk")+SUMIFS('Gun v Gun'!$C$2:$C$500,'Gun v Gun'!$A$2:$A$500,$C$3,'Gun v Gun'!$F$2:$F$500,"def")+SUMIFS('Gun v Gun'!$D$2:$D$500,'Gun v Gun'!$A$2:$A$500,$C$3,'Gun v Gun'!$F$2:$F$500,"def")),"") | T14: =IFERROR(SUMIFS('Gun v Gun'!$C$2:$C$500,'Gun v Gun'!$A$2:$A$500,$C$3,'Gun v Gun'!$F$2:$F$500,"atk")/(SUMIFS('Gun v Gun'!$C$2:$C$500,'Gun v Gun'!$A$2:$A$500,$C$3,'Gun v Gun'!$F$2:$F$500,"atk")+SUMIFS('Gun v Gun'!$D$2:$D$500,'Gun v Gun'!$A$2:$A$500,$C$3,'Gun v Gun'!$F$2:$F$500,"atk")),"") | U14: =IFERROR(SUMIFS('Gun v Gun'!$C$2:$C$500,'Gun v Gun'!$A$2:$A$500,$C$3,'Gun v Gun'!$F$2:$F$500,"def")/(SUMIFS('Gun v Gun'!$C$2:$C$500,'Gun v Gun'!$A$2:$A$500,$C$3,'Gun v Gun'!$F$2:$F$500,"def")+SUMIFS('Gun v Gun'!$D$2:$D$500,'Gun v Gun'!$A$2:$A$500,$C$3,'Gun v Gun'!$F$2:$F$500,"def")),"") | V14: =IFERROR((SUMIFS('Antieco'!$C$2:$C$500,'Antieco'!$A$2:$A$500,$C$3,'Antieco'!$F$2:$F$500,"atk")+SUMIFS('Antieco'!$C$2:$C$500,'Antieco'!$A$2:$A$500,$C$3,'Antieco'!$F$2:$F$500,"def"))/(SUMIFS('Antieco'!$C$2:$C$500,'Antieco'!$A$2:$A$500,$C$3,'Antieco'!$F$2:$F$500,"atk")+SUMIFS('Antieco'!$D$2:$D$500,'Antieco'!$A$2:$A$500,$C$3,'Antieco'!$F$2:$F$500,"atk")+SUMIFS('Antieco'!$C$2:$C$500,'Antieco'!$A$2:$A$500,$C$3,'Antieco'!$F$2:$F$500,"def")+SUMIFS('Antieco'!$D$2:$D$500,'Antieco'!$A$2:$A$500,$C$3,'Antieco'!$F$2:$F$500,"def")),"") | W14: =IFERROR(SUMIFS('Antieco'!$C$2:$C$500,'Antieco'!$A$2:$A$500,$C$3,'Antieco'!$F$2:$F$500,"atk")/(SUMIFS('Antieco'!$C$2:$C$500,'Antieco'!$A$2:$A$500,$C$3,'Antieco'!$F$2:$F$500,"atk")+SUMIFS('Antieco'!$D$2:$D$500,'Antieco'!$A$2:$A$500,$C$3,'Antieco'!$F$2:$F$500,"atk")),"") | X14: =IFERROR(SUMIFS('Antieco'!$C$2:$C$500,'Antieco'!$A$2:$A$500,$C$3,'Antieco'!$F$2:$F$500,"def")/(SUMIFS('Antieco'!$C$2:$C$500,'Antieco'!$A$2:$A$500,$C$3,'Antieco'!$F$2:$F$500,"def")+SUMIFS('Antieco'!$D$2:$D$500,'Antieco'!$A$2:$A$500,$C$3,'Antieco'!$F$2:$F$500,"def")),"") | Y14: =IFERROR((SUMIFS('ecos'!$C$2:$C$500,'ecos'!$A$2:$A$500,$C$3,'ecos'!$F$2:$F$500,"atk")+SUMIFS('ecos'!$C$2:$C$500,'ecos'!$A$2:$A$500,$C$3,'ecos'!$F$2:$F$500,"def"))/(SUMIFS('ecos'!$C$2:$C$500,'ecos'!$A$2:$A$500,$C$3,'ecos'!$F$2:$F$500,"atk")+SUMIFS('ecos'!$D$2:$D$500,'ecos'!$A$2:$A$500,$C$3,'ecos'!$F$2:$F$500,"atk")+SUMIFS('ecos'!$C$2:$C$500,'ecos'!$A$2:$A$500,$C$3,'ecos'!$F$2:$F$500,"def")+SUMIFS('ecos'!$D$2:$D$500,'ecos'!$A$2:$A$500,$C$3,'ecos'!$F$2:$F$500,"def")),"") | Z14: =IFERROR(SUMIFS('ecos'!$C$2:$C$500,'ecos'!$A$2:$A$500,$C$3,'ecos'!$F$2:$F$500,"atk")/(SUMIFS('ecos'!$C$2:$C$500,'ecos'!$A$2:$A$500,$C$3,'ecos'!$F$2:$F$500,"atk")+SUMIFS('ecos'!$D$2:$D$500,'ecos'!$A$2:$A$500,$C$3,'ecos'!$F$2:$F$500,"atk")),"") | AA14: =IFERROR(SUMIFS('ecos'!$C$2:$C$500,'ecos'!$A$2:$A$500,$C$3,'ecos'!$F$2:$F$500,"def")/(SUMIFS('ecos'!$C$2:$C$500,'ecos'!$A$2:$A$500,$C$3,'ecos'!$F$2:$F$500,"def")+SUMIFS('ecos'!$D$2:$D$500,'ecos'!$A$2:$A$500,$C$3,'ecos'!$F$2:$F$500,"def")),"") | AC14: All Maps | AD14: =SUMIFS('Post Plants'!$E$2:$E$500,'Post Plants'!$A$2:$A$500,$C$3,'Post Plants'!$D$2:$D$500,"atk") | AE14: =SUMIFS(doubles!$M$2:$M$431,doubles!$C$2:$C$431,$C$3)+SUMIFS(doubles!$N$2:$N$431,doubles!$C$2:$C$431,$C$3) | AF14: =IFERROR(AD14/J14,"") | AG14: =IFERROR(SUMIFS('Post Plants'!$F$2:$F$500,'Post Plants'!$A$2:$A$500,$C$3,'Post Plants'!$D$2:$D$500,"atk")/SUMIFS('Post Plants'!$E$2:$E$500,'Post Plants'!$A$2:$A$500,$C$3,'Post Plants'!$D$2:$D$500,"atk"),"") | AI14: =SUMIFS('Post Plants'!$E$2:$E$500,'Post Plants'!$A$2:$A$500,$C$3,'Post Plants'!$D$2:$D$500,"def") | AJ14: =SUMIFS(doubles!$O$2:$O$431,doubles!$C$2:$C$431,$C$3)+SUMIFS(doubles!$P$2:$P$431,doubles!$C$2:$C$431,$C$3) | AK14: =IFERROR(AI14/J14,"") | AL14: =IFERROR(SUMIFS('Post Plants'!$F$2:$F$500,'Post Plants'!$A$2:$A$500,$C$3,'Post Plants'!$D$2:$D$500,"def")/SUMIFS('Post Plants'!$E$2:$E$500,'Post Plants'!$A$2:$A$500,$C$3,'Post Plants'!$D$2:$D$500,"def"),"")
C17: Statistics Per Player | S17: Team XvY
C18: Players | D18: Agents | I18: r | J18: K/D | K18: KA/D | L18: KAST | M18: fk/r | N18: fd/r | O18: fk/fd | P18: CL% | Q18: AWP% | S18: X v Y | T18: 5 | U18: 4 | V18: 3 | W18: 2 | X18: 1
C19: =IFERROR(INDEX('Player Stats'!$B$2:$B$200,MATCH(LARGE(IF('Player Stats'!$A$2:$A$200=$C$3,'Player Stats'!$E$2:$E$200),1),IF('Player Stats'!$A$2:$A$200=$C$3,'Player Stats'!$E$2:$E$200),0)),"") | I19: =IFERROR(INDEX('Player Stats'!$D$2:$D$200,MATCH(C19,'Player Stats'!$B$2:$B$200,0)),"") | J19: =IFERROR(INDEX('Player Stats'!$J$2:$J$200,MATCH(C19,'Player Stats'!$B$2:$B$200,0)),"") | K19: =IFERROR(INDEX('Player Stats'!$K$2:$K$200,MATCH(C19,'Player Stats'!$B$2:$B$200,0)),"") | L19: =IFERROR(INDEX('Player Stats'!$P$2:$P$200,MATCH(C19,'Player Stats'!$B$2:$B$200,0)),"") | M19: =IFERROR(INDEX('Player Stats'!$H$2:$H$200,MATCH(C19,'Player Stats'!$B$2:$B$200,0))/INDEX('Player Stats'!$D$2:$D$200,MATCH(C19,'Player Stats'!$B$2:$B$200,0)),"") | N19: =IFERROR(INDEX('Player Stats'!$I$2:$I$200,MATCH(C19,'Player Stats'!$B$2:$B$200,0))/INDEX('Player Stats'!$D$2:$D$200,MATCH(C19,'Player Stats'!$B$2:$B$200,0)),"") | O19: =IFERROR(INDEX('Player Stats'!$L$2:$L$200,MATCH(C19,'Player Stats'!$B$2:$B$200,0)),"") | P19: =IFERROR(INDEX('Player Stats'!$O$2:$O$200,MATCH(C19,'Player Stats'!$B$2:$B$200,0)),"") | Q19: =IFERROR(INDEX('Player Stats'!$Q$2:$Q$200,MATCH(C19,'Player Stats'!$B$2:$B$200,0)),"") | S19: 5 | T19: =IFERROR(SUMIFS(XvY!$F$2:$F$500,XvY!$A$2:$A$500,$C$3,XvY!$B$2:$B$500,"5v5")/(SUMIFS(XvY!$F$2:$F$500,XvY!$A$2:$A$500,$C$3,XvY!$B$2:$B$500,"5v5")+SUMIFS(XvY!$G$2:$G$500,XvY!$A$2:$A$500,$C$3,XvY!$B$2:$B$500,"5v5")),"") | U19: =IFERROR(SUMIFS(XvY!$F$2:$F$500,XvY!$A$2:$A$500,$C$3,XvY!$B$2:$B$500,"5v4")/(SUMIFS(XvY!$F$2:$F$500,XvY!$A$2:$A$500,$C$3,XvY!$B$2:$B$500,"5v4")+SUMIFS(XvY!$G$2:$G$500,XvY!$A$2:$A$500,$C$3,XvY!$B$2:$B$500,"5v4")),"") | V19: =IFERROR(SUMIFS(XvY!$F$2:$F$500,XvY!$A$2:$A$500,$C$3,XvY!$B$2:$B$500,"5v3")/(SUMIFS(XvY!$F$2:$F$500,XvY!$A$2:$A$500,$C$3,XvY!$B$2:$B$500,"5v3")+SUMIFS(XvY!$G$2:$G$500,XvY!$A$2:$A$500,$C$3,XvY!$B$2:$B$500,"5v3")),"") | W19: =IFERROR(SUMIFS(XvY!$F$2:$F$500,XvY!$A$2:$A$500,$C$3,XvY!$B$2:$B$500,"5v2")/(SUMIFS(XvY!$F$2:$F$500,XvY!$A$2:$A$500,$C$3,XvY!$B$2:$B$500,"5v2")+SUMIFS(XvY!$G$2:$G$500,XvY!$A$2:$A$500,$C$3,XvY!$B$2:$B$500,"5v2")),"") | X19: =IFERROR(SUMIFS(XvY!$F$2:$F$500,XvY!$A$2:$A$500,$C$3,XvY!$B$2:$B$500,"5v1")/(SUMIFS(XvY!$F$2:$F$500,XvY!$A$2:$A$500,$C$3,XvY!$B$2:$B$500,"5v1")+SUMIFS(XvY!$G$2:$G$500,XvY!$A$2:$A$500,$C$3,XvY!$B$2:$B$500,"5v1")),"")
C20: =IFERROR(INDEX('Player Stats'!$B$2:$B$200,MATCH(LARGE(IF('Player Stats'!$A$2:$A$200=$C$3,'Player Stats'!$E$2:$E$200),2),IF('Player Stats'!$A$2:$A$200=$C$3,'Player Stats'!$E$2:$E$200),0)),"") | I20: =IFERROR(INDEX('Player Stats'!$D$2:$D$200,MATCH(C20,'Player Stats'!$B$2:$B$200,0)),"") | J20: =IFERROR(INDEX('Player Stats'!$J$2:$J$200,MATCH(C20,'Player Stats'!$B$2:$B$200,0)),"") | K20: =IFERROR(INDEX('Player Stats'!$K$2:$K$200,MATCH(C20,'Player Stats'!$B$2:$B$200,0)),"") | L20: =IFERROR(INDEX('Player Stats'!$P$2:$P$200,MATCH(C20,'Player Stats'!$B$2:$B$200,0)),"") | M20: =IFERROR(INDEX('Player Stats'!$H$2:$H$200,MATCH(C20,'Player Stats'!$B$2:$B$200,0))/INDEX('Player Stats'!$D$2:$D$200,MATCH(C20,'Player Stats'!$B$2:$B$200,0)),"") | N20: =IFERROR(INDEX('Player Stats'!$I$2:$I$200,MATCH(C20,'Player Stats'!$B$2:$B$200,0))/INDEX('Player Stats'!$D$2:$D$200,MATCH(C20,'Player Stats'!$B$2:$B$200,0)),"") | O20: =IFERROR(INDEX('Player Stats'!$L$2:$L$200,MATCH(C20,'Player Stats'!$B$2:$B$200,0)),"") | P20: =IFERROR(INDEX('Player Stats'!$O$2:$O$200,MATCH(C20,'Player Stats'!$B$2:$B$200,0)),"") | Q20: =IFERROR(INDEX('Player Stats'!$Q$2:$Q$200,MATCH(C20,'Player Stats'!$B$2:$B$200,0)),"") | S20: 4 | T20: =IFERROR(SUMIFS(XvY!$F$2:$F$500,XvY!$A$2:$A$500,$C$3,XvY!$B$2:$B$500,"4v5")/(SUMIFS(XvY!$F$2:$F$500,XvY!$A$2:$A$500,$C$3,XvY!$B$2:$B$500,"4v5")+SUMIFS(XvY!$G$2:$G$500,XvY!$A$2:$A$500,$C$3,XvY!$B$2:$B$500,"4v5")),"") | U20: =IFERROR(SUMIFS(XvY!$F$2:$F$500,XvY!$A$2:$A$500,$C$3,XvY!$B$2:$B$500,"4v4")/(SUMIFS(XvY!$F$2:$F$500,XvY!$A$2:$A$500,$C$3,XvY!$B$2:$B$500,"4v4")+SUMIFS(XvY!$G$2:$G$500,XvY!$A$2:$A$500,$C$3,XvY!$B$2:$B$500,"4v4")),"") | V20: =IFERROR(SUMIFS(XvY!$F$2:$F$500,XvY!$A$2:$A$500,$C$3,XvY!$B$2:$B$500,"4v3")/(SUMIFS(XvY!$F$2:$F$500,XvY!$A$2:$A$500,$C$3,XvY!$B$2:$B$500,"4v3")+SUMIFS(XvY!$G$2:$G$500,XvY!$A$2:$A$500,$C$3,XvY!$B$2:$B$500,"4v3")),"") | W20: =IFERROR(SUMIFS(XvY!$F$2:$F$500,XvY!$A$2:$A$500,$C$3,XvY!$B$2:$B$500,"4v2")/(SUMIFS(XvY!$F$2:$F$500,XvY!$A$2:$A$500,$C$3,XvY!$B$2:$B$500,"4v2")+SUMIFS(XvY!$G$2:$G$500,XvY!$A$2:$A$500,$C$3,XvY!$B$2:$B$500,"4v2")),"") | X20: =IFERROR(SUMIFS(XvY!$F$2:$F$500,XvY!$A$2:$A$500,$C$3,XvY!$B$2:$B$500,"4v1")/(SUMIFS(XvY!$F$2:$F$500,XvY!$A$2:$A$500,$C$3,XvY!$B$2:$B$500,"4v1")+SUMIFS(XvY!$G$2:$G$500,XvY!$A$2:$A$500,$C$3,XvY!$B$2:$B$500,"4v1")),"")
C21: =IFERROR(INDEX('Player Stats'!$B$2:$B$200,MATCH(LARGE(IF('Player Stats'!$A$2:$A$200=$C$3,'Player Stats'!$E$2:$E$200),3),IF('Player Stats'!$A$2:$A$200=$C$3,'Player Stats'!$E$2:$E$200),0)),"") | I21: =IFERROR(INDEX('Player Stats'!$D$2:$D$200,MATCH(C21,'Player Stats'!$B$2:$B$200,0)),"") | J21: =IFERROR(INDEX('Player Stats'!$J$2:$J$200,MATCH(C21,'Player Stats'!$B$2:$B$200,0)),"") | K21: =IFERROR(INDEX('Player Stats'!$K$2:$K$200,MATCH(C21,'Player Stats'!$B$2:$B$200,0)),"") | L21: =IFERROR(INDEX('Player Stats'!$P$2:$P$200,MATCH(C21,'Player Stats'!$B$2:$B$200,0)),"") | M21: =IFERROR(INDEX('Player Stats'!$H$2:$H$200,MATCH(C21,'Player Stats'!$B$2:$B$200,0))/INDEX('Player Stats'!$D$2:$D$200,MATCH(C21,'Player Stats'!$B$2:$B$200,0)),"") | N21: =IFERROR(INDEX('Player Stats'!$I$2:$I$200,MATCH(C21,'Player Stats'!$B$2:$B$200,0))/INDEX('Player Stats'!$D$2:$D$200,MATCH(C21,'Player Stats'!$B$2:$B$200,0)),"") | O21: =IFERROR(INDEX('Player Stats'!$L$2:$L$200,MATCH(C21,'Player Stats'!$B$2:$B$200,0)),"") | P21: =IFERROR(INDEX('Player Stats'!$O$2:$O$200,MATCH(C21,'Player Stats'!$B$2:$B$200,0)),"") | Q21: =IFERROR(INDEX('Player Stats'!$Q$2:$Q$200,MATCH(C21,'Player Stats'!$B$2:$B$200,0)),"") | S21: 3 | T21: =IFERROR(SUMIFS(XvY!$F$2:$F$500,XvY!$A$2:$A$500,$C$3,XvY!$B$2:$B$500,"3v5")/(SUMIFS(XvY!$F$2:$F$500,XvY!$A$2:$A$500,$C$3,XvY!$B$2:$B$500,"3v5")+SUMIFS(XvY!$G$2:$G$500,XvY!$A$2:$A$500,$C$3,XvY!$B$2:$B$500,"3v5")),"") | U21: =IFERROR(SUMIFS(XvY!$F$2:$F$500,XvY!$A$2:$A$500,$C$3,XvY!$B$2:$B$500,"3v4")/(SUMIFS(XvY!$F$2:$F$500,XvY!$A$2:$A$500,$C$3,XvY!$B$2:$B$500,"3v4")+SUMIFS(XvY!$G$2:$G$500,XvY!$A$2:$A$500,$C$3,XvY!$B$2:$B$500,"3v4")),"") | V21: =IFERROR(SUMIFS(XvY!$F$2:$F$500,XvY!$A$2:$A$500,$C$3,XvY!$B$2:$B$500,"3v3")/(SUMIFS(XvY!$F$2:$F$500,XvY!$A$2:$A$500,$C$3,XvY!$B$2:$B$500,"3v3")+SUMIFS(XvY!$G$2:$G$500,XvY!$A$2:$A$500,$C$3,XvY!$B$2:$B$500,"3v3")),"") | W21: =IFERROR(SUMIFS(XvY!$F$2:$F$500,XvY!$A$2:$A$500,$C$3,XvY!$B$2:$B$500,"3v2")/(SUMIFS(XvY!$F$2:$F$500,XvY!$A$2:$A$500,$C$3,XvY!$B$2:$B$500,"3v2")+SUMIFS(XvY!$G$2:$G$500,XvY!$A$2:$A$500,$C$3,XvY!$B$2:$B$500,"3v2")),"") | X21: =IFERROR(SUMIFS(XvY!$F$2:$F$500,XvY!$A$2:$A$500,$C$3,XvY!$B$2:$B$500,"3v1")/(SUMIFS(XvY!$F$2:$F$500,XvY!$A$2:$A$500,$C$3,XvY!$B$2:$B$500,"3v1")+SUMIFS(XvY!$G$2:$G$500,XvY!$A$2:$A$500,$C$3,XvY!$B$2:$B$500,"3v1")),"")
C22: =IFERROR(INDEX('Player Stats'!$B$2:$B$200,MATCH(LARGE(IF('Player Stats'!$A$2:$A$200=$C$3,'Player Stats'!$E$2:$E$200),4),IF('Player Stats'!$A$2:$A$200=$C$3,'Player Stats'!$E$2:$E$200),0)),"") | I22: =IFERROR(INDEX('Player Stats'!$D$2:$D$200,MATCH(C22,'Player Stats'!$B$2:$B$200,0)),"") | J22: =IFERROR(INDEX('Player Stats'!$J$2:$J$200,MATCH(C22,'Player Stats'!$B$2:$B$200,0)),"") | K22: =IFERROR(INDEX('Player Stats'!$K$2:$K$200,MATCH(C22,'Player Stats'!$B$2:$B$200,0)),"") | L22: =IFERROR(INDEX('Player Stats'!$P$2:$P$200,MATCH(C22,'Player Stats'!$B$2:$B$200,0)),"") | M22: =IFERROR(INDEX('Player Stats'!$H$2:$H$200,MATCH(C22,'Player Stats'!$B$2:$B$200,0))/INDEX('Player Stats'!$D$2:$D$200,MATCH(C22,'Player Stats'!$B$2:$B$200,0)),"") | N22: =IFERROR(INDEX('Player Stats'!$I$2:$I$200,MATCH(C22,'Player Stats'!$B$2:$B$200,0))/INDEX('Player Stats'!$D$2:$D$200,MATCH(C22,'Player Stats'!$B$2:$B$200,0)),"") | O22: =IFERROR(INDEX('Player Stats'!$L$2:$L$200,MATCH(C22,'Player Stats'!$B$2:$B$200,0)),"") | P22: =IFERROR(INDEX('Player Stats'!$O$2:$O$200,MATCH(C22,'Player Stats'!$B$2:$B$200,0)),"") | Q22: =IFERROR(INDEX('Player Stats'!$Q$2:$Q$200,MATCH(C22,'Player Stats'!$B$2:$B$200,0)),"") | S22: 2 | T22: =IFERROR(SUMIFS(XvY!$F$2:$F$500,XvY!$A$2:$A$500,$C$3,XvY!$B$2:$B$500,"2v5")/(SUMIFS(XvY!$F$2:$F$500,XvY!$A$2:$A$500,$C$3,XvY!$B$2:$B$500,"2v5")+SUMIFS(XvY!$G$2:$G$500,XvY!$A$2:$A$500,$C$3,XvY!$B$2:$B$500,"2v5")),"") | U22: =IFERROR(SUMIFS(XvY!$F$2:$F$500,XvY!$A$2:$A$500,$C$3,XvY!$B$2:$B$500,"2v4")/(SUMIFS(XvY!$F$2:$F$500,XvY!$A$2:$A$500,$C$3,XvY!$B$2:$B$500,"2v4")+SUMIFS(XvY!$G$2:$G$500,XvY!$A$2:$A$500,$C$3,XvY!$B$2:$B$500,"2v4")),"") | V22: =IFERROR(SUMIFS(XvY!$F$2:$F$500,XvY!$A$2:$A$500,$C$3,XvY!$B$2:$B$500,"2v3")/(SUMIFS(XvY!$F$2:$F$500,XvY!$A$2:$A$500,$C$3,XvY!$B$2:$B$500,"2v3")+SUMIFS(XvY!$G$2:$G$500,XvY!$A$2:$A$500,$C$3,XvY!$B$2:$B$500,"2v3")),"") | W22: =IFERROR(SUMIFS(XvY!$F$2:$F$500,XvY!$A$2:$A$500,$C$3,XvY!$B$2:$B$500,"2v2")/(SUMIFS(XvY!$F$2:$F$500,XvY!$A$2:$A$500,$C$3,XvY!$B$2:$B$500,"2v2")+SUMIFS(XvY!$G$2:$G$500,XvY!$A$2:$A$500,$C$3,XvY!$B$2:$B$500,"2v2")),"") | X22: =IFERROR(SUMIFS(XvY!$F$2:$F$500,XvY!$A$2:$A$500,$C$3,XvY!$B$2:$B$500,"2v1")/(SUMIFS(XvY!$F$2:$F$500,XvY!$A$2:$A$500,$C$3,XvY!$B$2:$B$500,"2v1")+SUMIFS(XvY!$G$2:$G$500,XvY!$A$2:$A$500,$C$3,XvY!$B$2:$B$500,"2v1")),"")
C23: =IFERROR(INDEX('Player Stats'!$B$2:$B$200,MATCH(LARGE(IF('Player Stats'!$A$2:$A$200=$C$3,'Player Stats'!$E$2:$E$200),5),IF('Player Stats'!$A$2:$A$200=$C$3,'Player Stats'!$E$2:$E$200),0)),"") | I23: =IFERROR(INDEX('Player Stats'!$D$2:$D$200,MATCH(C23,'Player Stats'!$B$2:$B$200,0)),"") | J23: =IFERROR(INDEX('Player Stats'!$J$2:$J$200,MATCH(C23,'Player Stats'!$B$2:$B$200,0)),"") | K23: =IFERROR(INDEX('Player Stats'!$K$2:$K$200,MATCH(C23,'Player Stats'!$B$2:$B$200,0)),"") | L23: =IFERROR(INDEX('Player Stats'!$P$2:$P$200,MATCH(C23,'Player Stats'!$B$2:$B$200,0)),"") | M23: =IFERROR(INDEX('Player Stats'!$H$2:$H$200,MATCH(C23,'Player Stats'!$B$2:$B$200,0))/INDEX('Player Stats'!$D$2:$D$200,MATCH(C23,'Player Stats'!$B$2:$B$200,0)),"") | N23: =IFERROR(INDEX('Player Stats'!$I$2:$I$200,MATCH(C23,'Player Stats'!$B$2:$B$200,0))/INDEX('Player Stats'!$D$2:$D$200,MATCH(C23,'Player Stats'!$B$2:$B$200,0)),"") | O23: =IFERROR(INDEX('Player Stats'!$L$2:$L$200,MATCH(C23,'Player Stats'!$B$2:$B$200,0)),"") | P23: =IFERROR(INDEX('Player Stats'!$O$2:$O$200,MATCH(C23,'Player Stats'!$B$2:$B$200,0)),"") | Q23: =IFERROR(INDEX('Player Stats'!$Q$2:$Q$200,MATCH(C23,'Player Stats'!$B$2:$B$200,0)),"") | S23: 1 | T23: =IFERROR(SUMIFS(XvY!$F$2:$F$500,XvY!$A$2:$A$500,$C$3,XvY!$B$2:$B$500,"1v5")/(SUMIFS(XvY!$F$2:$F$500,XvY!$A$2:$A$500,$C$3,XvY!$B$2:$B$500,"1v5")+SUMIFS(XvY!$G$2:$G$500,XvY!$A$2:$A$500,$C$3,XvY!$B$2:$B$500,"1v5")),"") | U23: =IFERROR(SUMIFS(XvY!$F$2:$F$500,XvY!$A$2:$A$500,$C$3,XvY!$B$2:$B$500,"1v4")/(SUMIFS(XvY!$F$2:$F$500,XvY!$A$2:$A$500,$C$3,XvY!$B$2:$B$500,"1v4")+SUMIFS(XvY!$G$2:$G$500,XvY!$A$2:$A$500,$C$3,XvY!$B$2:$B$500,"1v4")),"") | V23: =IFERROR(SUMIFS(XvY!$F$2:$F$500,XvY!$A$2:$A$500,$C$3,XvY!$B$2:$B$500,"1v3")/(SUMIFS(XvY!$F$2:$F$500,XvY!$A$2:$A$500,$C$3,XvY!$B$2:$B$500,"1v3")+SUMIFS(XvY!$G$2:$G$500,XvY!$A$2:$A$500,$C$3,XvY!$B$2:$B$500,"1v3")),"") | W23: =IFERROR(SUMIFS(XvY!$F$2:$F$500,XvY!$A$2:$A$500,$C$3,XvY!$B$2:$B$500,"1v2")/(SUMIFS(XvY!$F$2:$F$500,XvY!$A$2:$A$500,$C$3,XvY!$B$2:$B$500,"1v2")+SUMIFS(XvY!$G$2:$G$500,XvY!$A$2:$A$500,$C$3,XvY!$B$2:$B$500,"1v2")),"") | X23: =IFERROR(SUMIFS(XvY!$F$2:$F$500,XvY!$A$2:$A$500,$C$3,XvY!$B$2:$B$500,"1v1")/(SUMIFS(XvY!$F$2:$F$500,XvY!$A$2:$A$500,$C$3,XvY!$B$2:$B$500,"1v1")+SUMIFS(XvY!$G$2:$G$500,XvY!$A$2:$A$500,$C$3,XvY!$B$2:$B$500,"1v1")),"")
C24: =IFERROR(INDEX('Player Stats'!$B$2:$B$200,MATCH(LARGE(IF('Player Stats'!$A$2:$A$200=$C$3,'Player Stats'!$E$2:$E$200),6),IF('Player Stats'!$A$2:$A$200=$C$3,'Player Stats'!$E$2:$E$200),0)),"") | I24: =IFERROR(INDEX('Player Stats'!$D$2:$D$200,MATCH(C24,'Player Stats'!$B$2:$B$200,0)),"") | J24: =IFERROR(INDEX('Player Stats'!$J$2:$J$200,MATCH(C24,'Player Stats'!$B$2:$B$200,0)),"") | K24: =IFERROR(INDEX('Player Stats'!$K$2:$K$200,MATCH(C24,'Player Stats'!$B$2:$B$200,0)),"") | L24: =IFERROR(INDEX('Player Stats'!$P$2:$P$200,MATCH(C24,'Player Stats'!$B$2:$B$200,0)),"") | M24: =IFERROR(INDEX('Player Stats'!$H$2:$H$200,MATCH(C24,'Player Stats'!$B$2:$B$200,0))/INDEX('Player Stats'!$D$2:$D$200,MATCH(C24,'Player Stats'!$B$2:$B$200,0)),"") | N24: =IFERROR(INDEX('Player Stats'!$I$2:$I$200,MATCH(C24,'Player Stats'!$B$2:$B$200,0))/INDEX('Player Stats'!$D$2:$D$200,MATCH(C24,'Player Stats'!$B$2:$B$200,0)),"") | O24: =IFERROR(INDEX('Player Stats'!$L$2:$L$200,MATCH(C24,'Player Stats'!$B$2:$B$200,0)),"") | P24: =IFERROR(INDEX('Player Stats'!$O$2:$O$200,MATCH(C24,'Player Stats'!$B$2:$B$200,0)),"") | Q24: =IFERROR(INDEX('Player Stats'!$Q$2:$Q$200,MATCH(C24,'Player Stats'!$B$2:$B$200,0)),"")
C25: =IFERROR(INDEX('Player Stats'!$B$2:$B$200,MATCH(LARGE(IF('Player Stats'!$A$2:$A$200=$C$3,'Player Stats'!$E$2:$E$200),7),IF('Player Stats'!$A$2:$A$200=$C$3,'Player Stats'!$E$2:$E$200),0)),"") | I25: =IFERROR(INDEX('Player Stats'!$D$2:$D$200,MATCH(C25,'Player Stats'!$B$2:$B$200,0)),"") | J25: =IFERROR(INDEX('Player Stats'!$J$2:$J$200,MATCH(C25,'Player Stats'!$B$2:$B$200,0)),"") | K25: =IFERROR(INDEX('Player Stats'!$K$2:$K$200,MATCH(C25,'Player Stats'!$B$2:$B$200,0)),"") | L25: =IFERROR(INDEX('Player Stats'!$P$2:$P$200,MATCH(C25,'Player Stats'!$B$2:$B$200,0)),"") | M25: =IFERROR(INDEX('Player Stats'!$H$2:$H$200,MATCH(C25,'Player Stats'!$B$2:$B$200,0))/INDEX('Player Stats'!$D$2:$D$200,MATCH(C25,'Player Stats'!$B$2:$B$200,0)),"") | N25: =IFERROR(INDEX('Player Stats'!$I$2:$I$200,MATCH(C25,'Player Stats'!$B$2:$B$200,0))/INDEX('Player Stats'!$D$2:$D$200,MATCH(C25,'Player Stats'!$B$2:$B$200,0)),"") | O25: =IFERROR(INDEX('Player Stats'!$L$2:$L$200,MATCH(C25,'Player Stats'!$B$2:$B$200,0)),"") | P25: =IFERROR(INDEX('Player Stats'!$O$2:$O$200,MATCH(C25,'Player Stats'!$B$2:$B$200,0)),"") | Q25: =IFERROR(INDEX('Player Stats'!$Q$2:$Q$200,MATCH(C25,'Player Stats'!$B$2:$B$200,0)),"")
C26: =IFERROR(INDEX('Player Stats'!$B$2:$B$200,MATCH(LARGE(IF('Player Stats'!$A$2:$A$200=$C$3,'Player Stats'!$E$2:$E$200),8),IF('Player Stats'!$A$2:$A$200=$C$3,'Player Stats'!$E$2:$E$200),0)),"") | I26: =IFERROR(INDEX('Player Stats'!$D$2:$D$200,MATCH(C26,'Player Stats'!$B$2:$B$200,0)),"") | J26: =IFERROR(INDEX('Player Stats'!$J$2:$J$200,MATCH(C26,'Player Stats'!$B$2:$B$200,0)),"") | K26: =IFERROR(INDEX('Player Stats'!$K$2:$K$200,MATCH(C26,'Player Stats'!$B$2:$B$200,0)),"") | L26: =IFERROR(INDEX('Player Stats'!$P$2:$P$200,MATCH(C26,'Player Stats'!$B$2:$B$200,0)),"") | M26: =IFERROR(INDEX('Player Stats'!$H$2:$H$200,MATCH(C26,'Player Stats'!$B$2:$B$200,0))/INDEX('Player Stats'!$D$2:$D$200,MATCH(C26,'Player Stats'!$B$2:$B$200,0)),"") | N26: =IFERROR(INDEX('Player Stats'!$I$2:$I$200,MATCH(C26,'Player Stats'!$B$2:$B$200,0))/INDEX('Player Stats'!$D$2:$D$200,MATCH(C26,'Player Stats'!$B$2:$B$200,0)),"") | O26: =IFERROR(INDEX('Player Stats'!$L$2:$L$200,MATCH(C26,'Player Stats'!$B$2:$B$200,0)),"") | P26: =IFERROR(INDEX('Player Stats'!$O$2:$O$200,MATCH(C26,'Player Stats'!$B$2:$B$200,0)),"") | Q26: =IFERROR(INDEX('Player Stats'!$Q$2:$Q$200,MATCH(C26,'Player Stats'!$B$2:$B$200,0)),"")
C27: =IFERROR(INDEX('Player Stats'!$B$2:$B$200,MATCH(LARGE(IF('Player Stats'!$A$2:$A$200=$C$3,'Player Stats'!$E$2:$E$200),9),IF('Player Stats'!$A$2:$A$200=$C$3,'Player Stats'!$E$2:$E$200),0)),"") | I27: =IFERROR(INDEX('Player Stats'!$D$2:$D$200,MATCH(C27,'Player Stats'!$B$2:$B$200,0)),"") | J27: =IFERROR(INDEX('Player Stats'!$J$2:$J$200,MATCH(C27,'Player Stats'!$B$2:$B$200,0)),"") | K27: =IFERROR(INDEX('Player Stats'!$K$2:$K$200,MATCH(C27,'Player Stats'!$B$2:$B$200,0)),"") | L27: =IFERROR(INDEX('Player Stats'!$P$2:$P$200,MATCH(C27,'Player Stats'!$B$2:$B$200,0)),"") | M27: =IFERROR(INDEX('Player Stats'!$H$2:$H$200,MATCH(C27,'Player Stats'!$B$2:$B$200,0))/INDEX('Player Stats'!$D$2:$D$200,MATCH(C27,'Player Stats'!$B$2:$B$200,0)),"") | N27: =IFERROR(INDEX('Player Stats'!$I$2:$I$200,MATCH(C27,'Player Stats'!$B$2:$B$200,0))/INDEX('Player Stats'!$D$2:$D$200,MATCH(C27,'Player Stats'!$B$2:$B$200,0)),"") | O27: =IFERROR(INDEX('Player Stats'!$L$2:$L$200,MATCH(C27,'Player Stats'!$B$2:$B$200,0)),"") | P27: =IFERROR(INDEX('Player Stats'!$O$2:$O$200,MATCH(C27,'Player Stats'!$B$2:$B$200,0)),"") | Q27: =IFERROR(INDEX('Player Stats'!$Q$2:$Q$200,MATCH(C27,'Player Stats'!$B$2:$B$200,0)),"")
C28: =IFERROR(INDEX('Player Stats'!$B$2:$B$200,MATCH(LARGE(IF('Player Stats'!$A$2:$A$200=$C$3,'Player Stats'!$E$2:$E$200),10),IF('Player Stats'!$A$2:$A$200=$C$3,'Player Stats'!$E$2:$E$200),0)),"") | I28: =IFERROR(INDEX('Player Stats'!$D$2:$D$200,MATCH(C28,'Player Stats'!$B$2:$B$200,0)),"") | J28: =IFERROR(INDEX('Player Stats'!$J$2:$J$200,MATCH(C28,'Player Stats'!$B$2:$B$200,0)),"") | K28: =IFERROR(INDEX('Player Stats'!$K$2:$K$200,MATCH(C28,'Player Stats'!$B$2:$B$200,0)),"") | L28: =IFERROR(INDEX('Player Stats'!$P$2:$P$200,MATCH(C28,'Player Stats'!$B$2:$B$200,0)),"") | M28: =IFERROR(INDEX('Player Stats'!$H$2:$H$200,MATCH(C28,'Player Stats'!$B$2:$B$200,0))/INDEX('Player Stats'!$D$2:$D$200,MATCH(C28,'Player Stats'!$B$2:$B$200,0)),"") | N28: =IFERROR(INDEX('Player Stats'!$I$2:$I$200,MATCH(C28,'Player Stats'!$B$2:$B$200,0))/INDEX('Player Stats'!$D$2:$D$200,MATCH(C28,'Player Stats'!$B$2:$B$200,0)),"") | O28: =IFERROR(INDEX('Player Stats'!$L$2:$L$200,MATCH(C28,'Player Stats'!$B$2:$B$200,0)),"") | P28: =IFERROR(INDEX('Player Stats'!$O$2:$O$200,MATCH(C28,'Player Stats'!$B$2:$B$200,0)),"") | Q28: =IFERROR(INDEX('Player Stats'!$Q$2:$Q$200,MATCH(C28,'Player Stats'!$B$2:$B$200,0)),"")

Sheet Assets
A1: Agents | F1: Map Pool | H1: Team Names
A2: Astra | F2: Abyss | H2: FOKUS
A3: Breach | F3: Bind | H3: Eintracht Frankfurt
A4: Brimstone | F4: Breeze | H4: Joblife
A5: Chamber | F5: Corrode | H5: Mandatory
A6: Clove | F6: Haven | H6: Enterprise Esports
A7: Cypher | F7: Pearl | H7: Team Liquid Academy
A8: Deadlock | F8: Split | H8: Pixel Lumina
A9: Fade | H9: MIR
A10: Gekko | H10: Barça eSports
A11: Harbor | H11: UCAM Esports
A12: Iso | H12: Misa Esports
A13: Jett | H13: S2G Esports
A14: KAY/O | H14: Stallions Esports
A15: Killjoy | H15: GnG Amazigh
A16: Neon
A17: Omen
A18: Phoenix
A19: Raze
A20: Reyna
A21: Sage
A22: Skye
A23: Sova
A24: Tejo
A25: Veto
A26: Viper
A27: Vyse
... A29: Yoru

Sheet doubles
A1: Match Id | B1: Map Name | C1: Team 1 Name | D1: Team 2 Name | E1: Team 1 Agents | F1: Team 2 Agents | G1: Team 1 Score | H1: Team 2 Score | I1: Team 1 Score At Half | J1: Team 2 Score At Half | K1: Team 1 Atk Pistol Wins | L1: Team 1 Def Pistol Wins | M1: Team 1 Atk Wins | N1: Team 1 Atk Losses | O1: Team 1 Def Wins | P1: Team 1 Def Losses | Q1: Date | R1: Win Team | S1: Comp_Map
A2: 92221bb6-f4a0-43ee-bd32-675b904615c9 | B2: Breeze | C2: FOKUS | D2: AX | E2: Neon,Omen,Sova,Viper,Yoru | F2: Neon,Omen,Sova,Viper,Yoru | G2: 16 | H2: 14 | I2: 3 | J2: 9 | K2: 0 | L2: 0 | M2: 4 | N2: 11 | O2: 12 | P2: 3 | Q2: 2026-03-11 | R2: FOKUS | S2: Breeze_Neon,Omen,Sova,Viper,Yoru
A3: 64cbdbf2-92b5-4041-9f0d-0b93b0133f46 | B3: Split | C3: FOKUS | D3: AX | E3: Fade,Neon,Omen,Viper,Waylay | F3: Fade,Neon,Omen,Viper,Yoru | G3: 13 | H3: 8 | I3: 9 | J3: 3 | K3: 1 | L3: 0 | M3: 9 | N3: 3 | O3: 4 | P3: 5 | Q3: 2026-03-11 | R3: FOKUS | S3: Split_Fade,Neon,Omen,Viper,Waylay
A4: f8dd4980-8525-4726-84b2-db886a5dc006 | B4: Pearl | C4: FOKUS | D4: CGN | E4: Astra,Neon,Sova,Veto,Yoru | F4: Astra,Cypher,KAY/O,Neon,Tejo | G4: 13 | H4: 7 | I4: 9 | J4: 3 | K4: 1 | L4: 1 | M4: 9 | N4: 3 | O4: 4 | P4: 4 | Q4: 2026-03-10 | R4: FOKUS | S4: Pearl_Astra,Neon,Sova,Veto,Yoru
A5: 8aa84255-930a-4b1d-8481-990221a25cf4 | B5: Breeze | C5: FOKUS | D5: CGN | E5: Neon,Omen,Sova,Viper,Yoru | F5: Astra,Jett,Sage,Sova,Viper | G5: 13 | H5: 11 | I5: 5 | J5: 7 | K5: 0 | L5: 1 | M5: 8 | N5: 4 | O5: 5 | P5: 7 | Q5: 2026-03-10 | R5: FOKUS | S5: Breeze_Neon,Omen,Sova,Viper,Yoru
A6: 7f1bbf57-ff19-4729-88e6-c43e8aca6a2f | B6: Corrode | C6: FOKUS | D6: ECO | E6: Fade,Omen,Viper,Waylay,Yoru | F6: Gekko,Neon,Omen,Tejo,Waylay | G6: 13 | H6: 10 | I6: 6 | J6: 6 | K6: 1 | L6: 0 | M6: 7 | N6: 4 | O6: 6 | P6: 6 | Q6: 2026-03-09 | R6: FOKUS | S6: Corrode_Fade,Omen,Viper,Waylay,Yoru
A7: 5ce04076-8d0f-4948-8abe-c398d7e13170 | B7: Haven | C7: FOKUS | D7: ECO | E7: Cypher,Neon,Omen,Sova,Yoru | F7: Killjoy,Neon,Omen,Sova,Waylay | G7: 13 | H7: 4 | I7: 9 | J7: 3 | K7: 0 | L7: 1 | M7: 9 | N7: 3 | O7: 4 | P7: 1 | Q7: 2026-03-09 | R7: FOKUS | S7: Haven_Cypher,Neon,Omen,Sova,Yoru
A8: 8a58d3fb-4ee0-4cbc-b09a-93ce5733c2b3 | B8: Breeze | C8: FOKUS | D8: SGE | E8: Neon,Omen,Sova,Viper,Yoru | F8: Astra,Neon,Sova,Viper,Yoru | G8: 10 | H8: 13 | I8: 3 | J8: 9 | K8: 0 | L8: 0 | M8: 7 | N8: 4 | O8: 3 | P8: 9 | Q8: 2026-03-08 | R8: SGE | S8: Breeze_Neon,Omen,Sova,Viper,Yoru
A9: 80ca0e19-cd00-4b28-a36d-d62c1e6371e7 | B9: Pearl | C9: FOKUS | D9: SGE | E9: Astra,Neon,Sova,Veto,Yoru | F9: Astra,Fade,Killjoy,Neon,Yoru | G9: 9 | H9: 13 | I9: 2 | J9: 10 | K9: 1 | L9: 0 | M9: 7 | N9: 3 | O9: 2 | P9: 10 | Q9: 2026-03-08 | R9: SGE | S9: Pearl_Astra,Neon,Sova,Veto,Yoru
A10: 8772c4f9-8c25-46b6-ace7-4625e7fad180 | B10: Bind | C10: FOKUS | D10: ATN | E10: Brimstone,Fade,Raze,Viper,Yoru | F10: Brimstone,Neon,Skye,Viper,Waylay | G10: 13 | H10: 4 | I10: 10 | J10: 2 | K10: 0 | L10: 1 | M10: 3 | N10: 2 | O10: 10 | P10: 2 | Q10: 2026-03-06 | R10: FOKUS | S10: Bind_Brimstone,Fade,Raze,Viper,Yoru
A11: a9d924dd-7d4c-497c-91cb-1b22234d4e0d | B11: Breeze | C11: FOKUS | D11: ATN | E11: Neon,Omen,Sova,Viper,Yoru | F11: Neon,Omen,Sova,Viper,Yoru | G11: 13 | H11: 6 | I11: 7 | J11: 5 | K11: 1 | L11: 0 | M11: 6 | N11: 1 | O11: 7 | P11: 5 | Q11: 2026-03-06 | R11: FOKUS | S11: Breeze_Neon,Omen,Sova,Viper,Yoru
A12: 01a75b22-a80e-4438-b648-bdc89fe6f0bb | B12: Breeze | C12: FOKUS | D12: TOG | E12: Neon,Omen,Sova,Viper,Yoru | F12: Jett,Omen,Sova,Viper,Yoru | G12: 13 | H12: 1 | I12: 11 | J12: 1 | K12: 1 | L12: 1 | M12: 11 | N12: 1 | O12: 2 | P12: 0 | Q12: 2026-03-05 | R12: FOKUS | S12: Breeze_Neon,Omen,Sova,Viper,Yoru
A13: 83cd5fda-a318-4ab6-b814-354737fa43e3 | B13: Abyss | C13: FOKUS | D13: TOG | E13: Astra,Sova,Veto,Waylay,Yoru | F13: Harbor,KAY/O,Omen,Sova,Waylay | G13: 13 | H13: 6 | I13: 8 | J13: 4 | K13: 0 | L13: 0 | M13: 5 | N13: 2 | O13: 8 | P13: 4 | Q13: 2026-03-05 | R13: FOKUS | S13: Abyss_Astra,Sova,Veto,Waylay,Yoru
... A406: 5bc5ed55-72c6-4e69-a9ef-e0d32759e60e | B406: Pearl | C406: GnG Amazigh | D406: GLS | E406: Astra,Killjoy,Neon,Sova,Yoru | F406: Astra,Fade,Killjoy,Neon,Tejo | G406: 3 | H406: 13 | I406: 3 | J406: 9 | K406: 0 | L406: 0 | M406: 0 | N406: 4 | O406: 3 | P406: 9 | Q406: 2026-03-05 | R406: GLS | S406: Pearl_Astra,Killjoy,Neon,Sova,Yoru
A407: b914bd71-71f1-4737-a059-fb92d2d0e85f | B407: Skirmish C | C407: GnG Amazigh | D407: ??? | E407: Sova,Waylay | G407: 13 | H407: 11 | I407: 6 | J407: 6 | K407: 1 | L407: 1 | M407: 6 | N407: 6 | O407: 7 | P407: 5 | Q407: 2026-03-05 | R407: GnG Amazigh | S407: Skirmish C_Sova,Waylay
A408: 31b92ca5-abd0-4ae1-be05-7395dc46b84c | B408: Haven | C408: GnG Amazigh | D408: 1M | E408: Killjoy,Neon,Omen,Sova,Yoru | F408: Killjoy,Neon,Omen,Sova,Viper | G408: 12 | H408: 14 | I408: 3 | J408: 9 | K408: 1 | L408: 0 | M408: 9 | N408: 4 | O408: 3 | P408: 10 | Q408: 2026-03-04 | R408: 1M | S408: Haven_Killjoy,Neon,Omen,Sova,Yoru
A409: 7b133e75-04f4-4c66-923a-9c732cc6c4c6 | B409: Corrode | C409: GnG Amazigh | D409: 1M | E409: KAY/O,Omen,Sova,Viper,Waylay | F409: Brimstone,KAY/O,Sova,Viper,Waylay | G409: 6 | H409: 13 | I409: 5 | J409: 7 | K409: 0 | L409: 1 | M409: 1 | N409: 6 | O409: 5 | P409: 7 | Q409: 2026-03-04 | R409: 1M | S409: Corrode_KAY/O,Omen,Sova,Viper,Waylay
A410: df42b250-a3bb-4763-afa4-691dd3f87312 | B410: Pearl | C410: GnG Amazigh | D410: GLS | E410: Astra,Killjoy,Neon,Sova,Yoru | F410: Astra,Fade,Killjoy,Neon,Tejo | G410: 15 | H410: 13 | I410: 3 | J410: 9 | K410: 1 | L410: 1 | M410: 11 | N410: 3 | O410: 4 | P410: 10 | Q410: 2026-03-02 | R410: GnG Amazigh | S410: Pearl_Astra,Killjoy,Neon,Sova,Yoru
A411: 624231ff-ba81-4175-965e-2280717d213b | B411: Haven | C411: GnG Amazigh | D411: GLS | E411: Killjoy,Neon,Omen,Sova,Yoru | F411: Killjoy,Omen,Sova,Waylay,Yoru | G411: 13 | H411: 7 | I411: 7 | J411: 5 | K411: 1 | L411: 0 | M411: 6 | N411: 2 | O411: 7 | P411: 5 | Q411: 2026-03-02 | R411: GnG Amazigh | S411: Haven_Killjoy,Neon,Omen,Sova,Yoru
A412: f0726dcc-42b2-424e-8733-f57f99caa15e | B412: Haven | C412: GnG Amazigh | D412: GLS | E412: Killjoy,Neon,Omen,Sova,Waylay | F412: Killjoy,Omen,Sova,Waylay,Yoru | G412: 9 | H412: 13 | I412: 5 | J412: 7 | K412: 1 | L412: 0 | M412: 5 | N412: 7 | O412: 4 | P412: 6 | Q412: 2026-02-10 | R412: GLS | S412: Haven_Killjoy,Neon,Omen,Sova,Waylay
A413: a11c161a-94fe-4ed6-b13e-229cae0c14d2 | B413: Pearl | C413: GnG Amazigh | D413: GLS | E413: Astra,Killjoy,Sova,Tejo,Waylay | F413: Astra,Fade,Killjoy,Neon,Tejo | G413: 5 | H413: 13 | I413: 4 | J413: 8 | K413: 1 | L413: 1 | M413: 1 | N413: 5 | O413: 4 | P413: 8 | Q413: 2026-02-10 | R413: GLS | S413: Pearl_Astra,Killjoy,Sova,Tejo,Waylay
A414: 37a56956-4db3-477d-806c-5ecb285c841a | B414: Corrode | C414: GnG Amazigh | D414: GLS | E414: KAY/O,Omen,Sova,Viper,Waylay | F414: Fade,Neon,Omen,Tejo,Viper | G414: 13 | H414: 10 | I414: 9 | J414: 3 | K414: 1 | L414: 1 | M414: 4 | N414: 7 | O414: 9 | P414: 3 | Q414: 2026-02-10 | R414: GnG Amazigh | S414: Corrode_KAY/O,Omen,Sova,Viper,Waylay
A415: 0c57c810-8a19-44bb-a72b-646e15d6a651 | B415: Skirmish B | C415: GnG Amazigh | D415: ??? | E415: Astra,KAY/O | G415: 14 | H415: 12 | I415: 7 | J415: 5 | K415: 0 | L415: 0 | M415: 8 | N415: 5 | O415: 6 | P415: 7 | Q415: 2026-02-10 | R415: GnG Amazigh | S415: Skirmish B_Astra,KAY/O
A416: 0d34e634-0c1a-44f1-a3f5-736d812475ac | B416: Bind | C416: GnG Amazigh | D416: 1M | E416: Brimstone,Skye,Tejo,Viper,Waylay | F416: Brimstone,Fade,Viper,Waylay,Yoru | G416: 7 | H416: 13 | I416: 2 | J416: 10 | K416: 1 | L416: 0 | M416: 5 | N416: 3 | O416: 2 | P416: 10 | Q416: 2026-02-08 | R416: 1M | S416: Bind_Brimstone,Skye,Tejo,Viper,Waylay
A417: 81512894-08eb-4505-99a0-51986bca9583 | B417: Abyss | C417: GnG Amazigh | D417: 1M | E417: Astra,Omen,Sova,Tejo,Waylay | F417: Omen,Sova,Tejo,Viper,Waylay | G417: 6 | H417: 13 | I417: 2 | J417: 10 | K417: 1 | L417: 0 | M417: 2 | N417: 10 | O417: 4 | P417: 3 | Q417: 2026-02-08 | R417: 1M | S417: Abyss_Astra,Omen,Sova,Tejo,Waylay
A418: a00b7de1-0078-4581-bcd4-aa9f7437571e | B418: Bind | C418: GnG Amazigh | D418: BAM | E418: Brimstone,Skye,Tejo,Viper,Waylay | F418: Astra,Breach,Fade,Viper,Yoru | G418: 13 | H418: 11 | I418: 5 | J418: 7 | K418: 0 | L418: 0 | M418: 8 | N418: 4 | O418: 5 | P418: 7 | Q418: 2026-02-01 | R418: GnG Amazigh | S418: Bind_Brimstone,Skye,Tejo,Viper,Waylay
A419: 05d69c8c-a0b0-4d6d-a92c-2bfa70b687c7 | B419: Corrode | C419: GnG Amazigh | D419: BAM | E419: KAY/O,Omen,Sova,Viper,Waylay | F419: Fade,KAY/O,Omen,Viper,Waylay | G419: 13 | H419: 4 | I419: 10 | J419: 2 | K419: 1 | L419: 1 | M419: 3 | N419: 2 | O419: 10 | P419: 2 | Q419: 2026-02-01 | R419: GnG Amazigh | S419: Corrode_KAY/O,Omen,Sova,Viper,Waylay
A420: b94acf65-035b-4f1f-9cf0-dce2083c1e76 | B420: Bind | C420: GnG Amazigh | D420: GMX | E420: Brimstone,Skye,Tejo,Viper,Waylay | F420: Brimstone,Raze,Sage,Skye,Viper | G420: 13 | H420: 9 | I420: 4 | J420: 8 | K420: 1 | L420: 1 | M420: 4 | N420: 8 | O420: 9 | P420: 1 | Q420: 2026-01-25 | R420: GnG Amazigh | S420: Bind_Brimstone,Skye,Tejo,Viper,Waylay
A421: 710f4aa2-bb0e-42ba-8475-0914ace099fb | B421: Pearl | C421: GnG Amazigh | D421: GMX | E421: Astra,Killjoy,Sova,Tejo,Waylay | F421: Astra,Fade,Phoenix,Vyse,Yoru | G421: 8 | H421: 13 | I421: 6 | J421: 6 | K421: 1 | L421: 0 | M421: 6 | N421: 6 | O421: 2 | P421: 7 | Q421: 2026-01-25 | R421: GMX | S421: Pearl_Astra,Killjoy,Sova,Tejo,Waylay
A422: 6f193994-939a-42df-86ef-18c32bf4f3f9 | B422: Split | C422: GnG Amazigh | D422: GMX | E422: Astra,Chamber,Skye,Viper,Waylay | F422: Breach,Fade,Omen,Viper,Waylay | G422: 14 | H422: 12 | I422: 6 | J422: 6 | K422: 0 | L422: 0 | M422: 7 | N422: 6 | O422: 7 | P422: 6 | Q422: 2026-01-25 | R422: GnG Amazigh | S422: Split_Astra,Chamber,Skye,Viper,Waylay
A423: e2fb3d72-25de-40f9-a1d9-02e84a24b73b | B423: Bind | C423: GnG Amazigh | D423: RAF | E423: Brimstone,Fade,Raze,Viper,Waylay | F423: Brimstone,Skye,Tejo,Viper,Waylay | G423: 13 | H423: 11 | I423: 6 | J423: 6 | K423: 0 | L423: 0 | M423: 7 | N423: 5 | O423: 6 | P423: 6 | Q423: 2026-01-18 | R423: GnG Amazigh | S423: Bind_Brimstone,Fade,Raze,Viper,Waylay
A424: 2ce2caf6-b299-4ca9-9148-734a92bfc872 | B424: Split | C424: GnG Amazigh | D424: RAF | E424: Astra,Raze,Skye,Viper,Waylay | F424: Omen,Skye,Tejo,Viper,Waylay | G424: 14 | H424: 12 | I424: 6 | J424: 6 | K424: 1 | L424: 1 | M424: 7 | N424: 6 | O424: 7 | P424: 6 | Q424: 2026-01-18 | R424: GnG Amazigh | S424: Split_Astra,Raze,Skye,Viper,Waylay
A425: 01a1653c-3b91-4c9c-8c5e-a66038b30b60 | B425: Corrode | C425: GnG Amazigh | D425: RAF | E425: KAY/O,Omen,Sova,Viper,Waylay | F425: Fade,Omen,Tejo,Viper,Yoru | G425: 7 | H425: 13 | I425: 3 | J425: 9 | K425: 0 | L425: 0 | M425: 4 | N425: 4 | O425: 3 | P425: 9 | Q425: 2026-01-18 | R425: RAF | S425: Corrode_KAY/O,Omen,Sova,Viper,Waylay
A426: 36b23688-bd6d-41d1-bf61-b5c4b448dab6 | B426: Bind | C426: GnG Amazigh | D426: RAAD | E426: Brimstone,Fade,Viper,Waylay,Yoru | F426: Brimstone,Skye,Tejo,Viper,Waylay | G426: 9 | H426: 13 | I426: 5 | J426: 7 | K426: 0 | L426: 0 | M426: 5 | N426: 7 | O426: 4 | P426: 6 | Q426: 2026-01-11 | R426: RAAD | S426: Bind_Brimstone,Fade,Viper,Waylay,Yoru
A427: 6f6877e5-1f34-4984-a6f2-47108adeec6b | B427: Haven | C427: GnG Amazigh | D427: RAAD | E427: Killjoy,Neon,Omen,Sova,Waylay | F427: Cypher,Omen,Sova,Waylay,Yoru | G427: 13 | H427: 7 | I427: 7 | J427: 5 | K427: 0 | L427: 0 | M427: 6 | N427: 2 | O427: 7 | P427: 5 | Q427: 2026-01-11 | R427: GnG Amazigh | S427: Haven_Killjoy,Neon,Omen,Sova,Waylay
... A431: 52cc019e-2aff-4431-b54b-bc4c55eadfe0 | B431: Corrode | C431: GnG Amazigh | D431: VIB | E431: KAY/O,Omen,Sova,Viper,Waylay | F431: Fade,Omen,Viper,Vyse,Waylay | G431: 11 | H431: 13 | I431: 4 | J431: 8 | K431: 1 | L431: 0 | M431: 4 | N431: 8 | O431: 7 | P431: 5 | Q431: 2026-01-06 | R431: VIB | S431: Corrode_KAY/O,Omen,Sova,Viper,Waylay

Sheet ecos
A1: Team | B1: Map | C1: Wins | D1: Losses | E1: Win Percentage | F1: Side
A2: Barça eSports | B2: Bind | C2: 0 | D2: 1 | E2: 0 | F2: atk
A3: Barça eSports | B3: Bind | C3: 1 | D3: 1 | E3: 0.5 | F3: def
A4: Barça eSports | B4: Pearl | C4: 0 | D4: 1 | E4: 0 | F4: atk
A5: Barça eSports | B5: Split | C5: 0 | D5: 1 | E5: 0 | F5: atk
A6: Barça eSports | B6: Split | C6: 2 | D6: 0 | E6: 1 | F6: def
A7: Eintracht Frankfurt | B7: Abyss | C7: 0 | D7: 2 | E7: 0 | F7: def
A8: Eintracht Frankfurt | B8: Bind | C8: 0 | D8: 1 | E8: 0 | F8: def
A9: Eintracht Frankfurt | B9: Breeze | C9: 1 | D9: 0 | E9: 1 | F9: atk
A10: Eintracht Frankfurt | B10: Corrode | C10: 0 | D10: 2 | E10: 0 | F10: def
A11: Eintracht Frankfurt | B11: Pearl | C11: 0 | D11: 2 | E11: 0 | F11: def
A12: Enterprise Esports | B12: Bind | C12: 2 | D12: 1 | E12: 0.67 | F12: def
A13: Enterprise Esports | B13: Corrode | C13: 0 | D13: 1 | E13: 0 | F13: def
... A56: UCAM Esports | B56: Split | C56: 0 | D56: 1 | E56: 0 | F56: def

Sheet Antieco
A1: Team | B1: Map | C1: Wins | D1: Losses | E1: Win Percentage | F1: Side
A2: Barça eSports | B2: Abyss | C2: 1 | D2: 0 | E2: 1 | F2: atk
A3: Barça eSports | B3: Abyss | C3: 1 | D3: 0 | E3: 1 | F3: def
A4: Barça eSports | B4: Bind | C4: 1 | D4: 4 | E4: 0.2 | F4: atk
A5: Barça eSports | B5: Bind | C5: 4 | D5: 1 | E5: 0.8 | F5: def
A6: Barça eSports | B6: Breeze | C6: 2 | D6: 1 | E6: 0.67 | F6: atk
A7: Barça eSports | B7: Breeze | C7: 2 | D7: 1 | E7: 0.67 | F7: def
A8: Barça eSports | B8: Corrode | C8: 1 | D8: 1 | E8: 0.5 | F8: atk
A9: Barça eSports | B9: Corrode | C9: 2 | D9: 0 | E9: 1 | F9: def
A10: Barça eSports | B10: Haven | C10: 4 | D10: 1 | E10: 0.8 | F10: atk
A11: Barça eSports | B11: Haven | C11: 5 | D11: 0 | E11: 1 | F11: def
A12: Barça eSports | B12: Pearl | C12: 1 | D12: 5 | E12: 0.17 | F12: atk
A13: Barça eSports | B13: Pearl | C13: 4 | D13: 2 | E13: 0.67 | F13: def
... A191: UCAM Esports | B191: Split | C191: 1 | D191: 3 | E191: 0.25 | F191: def

Sheet Gun v Gun
A1: Team | B1: Map | C1: Wins | D1: Losses | E1: Win Percentage | F1: Side
A2: Barça eSports | B2: Abyss | C2: 5 | D2: 5 | E2: 0.5 | F2: atk
A3: Barça eSports | B3: Abyss | C3: 4 | D3: 6 | E3: 0.4 | F3: def
A4: Barça eSports | B4: Bind | C4: 20 | D4: 18 | E4: 0.53 | F4: atk
A5: Barça eSports | B5: Bind | C5: 31 | D5: 15 | E5: 0.67 | F5: def
A6: Barça eSports | B6: Breeze | C6: 11 | D6: 12 | E6: 0.48 | F6: atk
A7: Barça eSports | B7: Breeze | C7: 17 | D7: 9 | E7: 0.65 | F7: def
A8: Barça eSports | B8: Corrode | C8: 8 | D8: 9 | E8: 0.47 | F8: atk
A9: Barça eSports | B9: Corrode | C9: 12 | D9: 8 | E9: 0.6 | F9: def
A10: Barça eSports | B10: Haven | C10: 10 | D10: 6 | E10: 0.62 | F10: atk
A11: Barça eSports | B11: Haven | C11: 30 | D11: 20 | E11: 0.6 | F11: def
A12: Barça eSports | B12: Pearl | C12: 20 | D12: 29 | E12: 0.41 | F12: atk
A13: Barça eSports | B13: Pearl | C13: 41 | D13: 15 | E13: 0.73 | F13: def
... A183: UCAM Esports | B183: Split | C183: 19 | D183: 21 | E183: 0.47 | F183: def

Sheet XvY
A1: Team | B1: Situation | C1: team1 | D1: team2 | E1: Delta | F1: Wins | G1: Losses | H1: Win %
A2: Barça eSports | B2: 5v1 | C2: 5 | D2: 1 | E2: +4 | F2: 62 | G2: 0 | H2: 100
A3: Barça eSports | B3: 5v2 | C3: 5 | D3: 2 | E3: +3 | F3: 97 | G3: 2 | H3: 97.98
A4: Barça eSports | B4: 4v1 | C4: 4 | D4: 1 | E4: +3 | F4: 116 | G4: 0 | H4: 100
A5: Barça eSports | B5: 5v3 | C5: 5 | D5: 3 | E5: +2 | F5: 154 | G5: 16 | H5: 90.59
A6: Barça eSports | B6: 4v2 | C6: 4 | D6: 2 | E6: +2 | F6: 156 | G6: 11 | H6: 93.41
A7: Barça eSports | B7: 3v1 | C7: 3 | D7: 1 | E7: +2 | F7: 145 | G7: 3 | H7: 97.97
A8: Barça eSports | B8: 5v4 | C8: 5 | D8: 4 | E8: +1 | F8: 218 | G8: 78 | H8: 73.65
A9: Barça eSports | B9: 4v3 | C9: 4 | D9: 3 | E9: +1 | F9: 180 | G9: 46 | H9: 79.65
A10: Barça eSports | B10: 3v2 | C10: 3 | D10: 2 | E10: +1 | F10: 151 | G10: 30 | H10: 83.43
A11: Barça eSports | B11: 2v1 | C11: 2 | D11: 1 | E11: +1 | F11: 108 | G11: 12 | H11: 90
A12: Barça eSports | B12: 5v5 | C12: 5 | D12: 5 | E12: 0 | F12: 298 | G12: 239 | H12: 55.49
A13: Barça eSports | B13: 4v4 | C13: 4 | D13: 4 | E13: 0 | F13: 164 | G13: 120 | H13: 57.75
... A351: UCAM Esports | B351: 1v5 | C351: 1 | D351: 5 | E351: -4 | F351: 0 | G351: 76 | H351: 0

Sheet Post Plants
A1: Team | B1: Map | C1: Site | D1: Role | E1: Plants | F1: Wins | G1: Losses | H1: Win % | I1: Key
A2: Barça eSports | B2: Abyss | C2: A | D2: atk | E2: 5 | F2: 4 | G2: 1 | H2: 80 | I2: Barça eSports_Abyss
A3: Barça eSports | B3: Abyss | C3: A | D3: def | E3: 5 | F3: 2 | G3: 3 | H3: 40 | I3: Barça eSports_Abyss
A4: Barça eSports | B4: Abyss | C4: B | D4: atk | E4: 6 | F4: 3 | G4: 3 | H4: 50 | I4: Barça eSports_Abyss
A5: Barça eSports | B5: Abyss | C5: B | D5: def | E5: 5 | F5: 2 | G5: 3 | H5: 40 | I5: Barça eSports_Abyss
A6: Barça eSports | B6: Bind | C6: A | D6: atk | E6: 21 | F6: 13 | G6: 8 | H6: 61.9 | I6: Barça eSports_Bind
A7: Barça eSports | B7: Bind | C7: A | D7: def | E7: 17 | F7: 9 | G7: 8 | H7: 52.94 | I7: Barça eSports_Bind
A8: Barça eSports | B8: Bind | C8: B | D8: atk | E8: 12 | F8: 8 | G8: 4 | H8: 66.67 | I8: Barça eSports_Bind
A9: Barça eSports | B9: Bind | C9: B | D9: def | E9: 15 | F9: 6 | G9: 9 | H9: 40 | I9: Barça eSports_Bind
A10: Barça eSports | B10: Breeze | C10: A | D10: def | E10: 8 | F10: 3 | G10: 5 | H10: 37.5 | I10: Barça eSports_Breeze
A11: Barça eSports | B11: Breeze | C11: A | D11: atk | E11: 10 | F11: 9 | G11: 1 | H11: 90 | I11: Barça eSports_Breeze
A12: Barça eSports | B12: Breeze | C12: B | D12: def | E12: 8 | F12: 3 | G12: 5 | H12: 37.5 | I12: Barça eSports_Breeze
A13: Barça eSports | B13: Breeze | C13: B | D13: atk | E13: 8 | F13: 5 | G13: 3 | H13: 62.5 | I13: Barça eSports_Breeze
... A381: UCAM Esports | B381: Split | C381: B | D381: atk | E381: 14 | F381: 9 | G381: 5 | H381: 64.29 | I381: UCAM Esports_Split

Sheet Player Stats
A1: Team | B1: Playername | C1: ACS | D1: Rounds | E1: Kills | F1: Deaths | G1: Assists | H1: FK | I1: FD | J1: K/D | K1: KA/D | L1: FK% | M1: Clutch Scens | N1: Clutches | O1: Clutch% | P1: KAST | Q1: AWP%
A2: FOKUS | B2: pa1ze | C2: 233 | D2: 998 | E2: 825 | F2: 720 | G2: 184 | H2: 167 | I2: 166 | J2: 1.15 | K2: 1.4 | L2: 0.5 | M2: 46 | N2: 12 | O2: 0.26 | P2: 0.71 | Q2: 0.0255
A3: FOKUS | B3: Serial | C3: 219 | D3: 998 | E3: 798 | F3: 678 | G3: 208 | H3: 125 | I3: 99 | J3: 1.18 | K3: 1.48 | L3: 0.56 | M3: 78 | N3: 11 | O3: 0.14 | P3: 0.72 | Q3: 0
A4: FOKUS | B4: pyrolll | C4: 215 | D4: 998 | E4: 794 | F4: 628 | G4: 189 | H4: 139 | I4: 94 | J4: 1.26 | K4: 1.57 | L4: 0.6 | M4: 113 | N4: 20 | O4: 0.18 | P4: 0.75 | Q4: 0.1045
A5: UCAM Esports | B5: B1SK | C5: 227 | D5: 963 | E5: 782 | F5: 670 | G5: 175 | H5: 201 | I5: 134 | J5: 1.17 | K5: 1.43 | L5: 0.6 | M5: 86 | N5: 12 | O5: 0.14 | P5: 0.73 | Q5: 0.367
A6: Eintracht Frankfurt | B6: Jamelinho | C6: 223 | D6: 901 | E6: 721 | F6: 666 | G6: 169 | H6: 167 | I6: 166 | J6: 1.08 | K6: 1.34 | L6: 0.5 | M6: 40 | N6: 5 | O6: 0.12 | P6: 0.7 | Q6: 0.0971
A7: Eintracht Frankfurt | B7: MONSTEERR | C7: 223 | D7: 901 | E7: 719 | F7: 605 | G7: 197 | H7: 77 | I7: 81 | J7: 1.19 | K7: 1.51 | L7: 0.49 | M7: 119 | N7: 17 | O7: 0.14 | P7: 0.72 | Q7: 0.0014
A8: Eintracht Frankfurt | B8: Fizzy | C8: 208 | D8: 901 | E8: 695 | F8: 559 | G8: 300 | H8: 70 | I8: 63 | J8: 1.24 | K8: 1.78 | L8: 0.53 | M8: 118 | N8: 22 | O8: 0.19 | P8: 0.76 | Q8: 0.0259
A9: FOKUS | B9: shinnok | C9: 194 | D9: 998 | E9: 680 | F9: 580 | G9: 314 | H9: 51 | I9: 34 | J9: 1.17 | K9: 1.71 | L9: 0.6 | M9: 137 | N9: 17 | O9: 0.12 | P9: 0.77 | Q9: 0.0029
A10: UCAM Esports | B10: Famsii | C10: 193 | D10: 963 | E10: 664 | F10: 670 | G10: 243 | H10: 77 | I10: 86 | J10: 0.99 | K10: 1.35 | L10: 0.47 | M10: 89 | N10: 23 | O10: 0.26 | P10: 0.74 | Q10: 0.0015
A11: UCAM Esports | B11: OLIZERA | C11: 197 | D11: 963 | E11: 657 | F11: 680 | G11: 247 | H11: 65 | I11: 100 | J11: 0.97 | K11: 1.33 | L11: 0.39 | M11: 129 | N11: 24 | O11: 0.19 | P11: 0.71 | Q11: 0.0061
A12: FOKUS | B12: MOLSI | C12: 181 | D12: 998 | E12: 650 | F12: 634 | G12: 348 | H12: 63 | I12: 61 | J12: 1.03 | K12: 1.57 | L12: 0.51 | M12: 109 | N12: 15 | O12: 0.14 | P12: 0.77 | Q12: 0.0015
A13: UCAM Esports | B13: Jesse | C13: 186 | D13: 963 | E13: 649 | F13: 625 | G13: 327 | H13: 50 | I13: 61 | J13: 1.04 | K13: 1.56 | L13: 0.45 | M13: 126 | N13: 21 | O13: 0.17 | P13: 0.76 | Q13: 0.0015
... A82: Stallions Esports | B82: Saud | C82: 122 | D82: 65 | E82: 30 | F82: 36 | G82: 9 | H82: 3 | I82: 5 | J82: 0.83 | K82: 1.08 | L82: 0.38 | M82: 6 | N82: 0 | O82: 0 | P82: 0.78 | Q82: 0

Sheet Kills
A1: Ign | B1: Team | C1: Kills
A2: pa1ze | B2: FOKUS | C2: 825
A3: Serial | B3: FOKUS | C3: 798
A4: pyrolll | B4: FOKUS | C4: 794
A5: B1SK | B5: UCAM Esports | C5: 782
A6: Jamelinho | B6: Eintracht Frankfurt | C6: 721
A7: MONSTEERR | B7: Eintracht Frankfurt | C7: 719
A8: Fizzy | B8: Eintracht Frankfurt | C8: 695
A9: shinnok | B9: FOKUS | C9: 680
A10: Famsii | B10: UCAM Esports | C10: 664
A11: OLIZERA | B11: UCAM Esports | C11: 657
A12: MOLSI | B12: FOKUS | C12: 650
A13: Jesse | B13: UCAM Esports | C13: 649
... A82: Saud | B82: Stallions Esports | C82: 30

Sheet Deaths
A1: Ign | B1: Team | C1: Deaths
A2: pa1ze | B2: FOKUS | C2: 720
A3: OLIZERA | B3: UCAM Esports | C3: 680
A4: Serial | B4: FOKUS | C4: 678
A5: B1SK | B5: UCAM Esports | C5: 670
A6: Famsii | B6: UCAM Esports | C6: 670
A7: Jamelinho | B7: Eintracht Frankfurt | C7: 666
A8: BULD | B8: UCAM Esports | C8: 662
A9: MOLSI | B9: FOKUS | C9: 634
A10: pyrolll | B10: FOKUS | C10: 628
A11: Jesse | B11: UCAM Esports | C11: 625
A12: MONSTEERR | B12: Eintracht Frankfurt | C12: 605
A13: musashi | B13: Eintracht Frankfurt | C13: 588
... A82: Saud | B82: Stallions Esports | C82: 36

Sheet Assists
A1: Ign | B1: Team | C1: Assists
A2: MOLSI | B2: FOKUS | C2: 348
A3: Jesse | B3: UCAM Esports | C3: 327
A4: shinnok | B4: FOKUS | C4: 314
A5: Fizzy | B5: Eintracht Frankfurt | C5: 300
A6: BULD | B6: UCAM Esports | C6: 298
A7: musashi | B7: Eintracht Frankfurt | C7: 265
A8: CUNHA | B8: GnG Amazigh | C8: 262
A9: OLIZERA | B9: UCAM Esports | C9: 247
A10: Famsii | B10: UCAM Esports | C10: 243
A11: azury | B11: Eintracht Frankfurt | C11: 229
A12: Enzo | B12: Joblife | C12: 229
A13: hezacoil | B13: S2G Esports | C13: 229
... A82: Saud | B82: Stallions Esports | C82: 9

Sheet ACS
A1: Ign | B1: Team | C1: Acs
A2: kozzy | B2: Enterprise Esports | C2: 271
A3: GSR | B3: Team Liquid Academy | C3: 256
A4: GSR | B4: Team Liquid Academy | C4: 246
A5: globeX | B5: Barça eSports | C5: 242
A6: Kachoww | B6: S2G Esports | C6: 238
A7: Susano | B7: Stallions Esports | C7: 237
A8: Wanzeru | B8: Team Liquid Academy | C8: 237
A9: reblyik | B9: MIR | C9: 237
A10: swagzor | B10: Enterprise Esports | C10: 235
A11: pa1ze | B11: FOKUS | C11: 233
A12: B1SK | B12: UCAM Esports | C12: 227
A13: QutionerX | B13: Misa Esports | C13: 227
... A82: Saud | B82: Stallions Esports | C82: 122

Sheet FKS
A1: Ign | B1: Team | C1: First Kills
A2: B1SK | B2: UCAM Esports | C2: 201
A3: pa1ze | B3: FOKUS | C3: 167
A4: Jamelinho | B4: Eintracht Frankfurt | C4: 167
A5: pyrolll | B5: FOKUS | C5: 139
A6: Serial | B6: FOKUS | C6: 125
A7: globeX | B7: Barça eSports | C7: 123
A8: Kachoww | B8: S2G Esports | C8: 112
A9: Takaas | B9: Mandatory | C9: 105
A10: Susano | B10: Stallions Esports | C10: 103
A11: Akai | B11: Stallions Esports | C11: 101
A12: Runner | B12: Joblife | C12: 94
A13: BULD | B13: UCAM Esports | C13: 89
... A82: kamo | B82: Team Liquid Academy | C82: 2

Sheet FDS
A1: Ign | B1: Team | C1: First Deaths
A2: pa1ze | B2: FOKUS | C2: 166
A3: Jamelinho | B3: Eintracht Frankfurt | C3: 166
A4: B1SK | B4: UCAM Esports | C4: 134
A5: Runner | B5: Joblife | C5: 120
A6: OLIZERA | B6: UCAM Esports | C6: 100
A7: Serial | B7: FOKUS | C7: 99
A8: BULD | B8: UCAM Esports | C8: 99
A9: Susano | B9: Stallions Esports | C9: 97
A10: pyrolll | B10: FOKUS | C10: 94
A11: Takaas | B11: Mandatory | C11: 93
A12: Akai | B12: Stallions Esports | C12: 91
A13: Famsii | B13: UCAM Esports | C13: 86
... A82: Saud | B82: Stallions Esports | C82: 5

Sheet Clutches
A1: Ign | B1: Team | C1: Clutches | D1: Clutch Failures | E1: Scens
A2: Kicks | B2: Team Liquid Academy | C2: 31 | D2: 71 | E2: 102
A3: CUNHA | B3: GnG Amazigh | C3: 26 | D3: 76 | E3: 102
A4: OLIZERA | B4: UCAM Esports | C4: 24 | D4: 105 | E4: 129
A5: Famsii | B5: UCAM Esports | C5: 23 | D5: 66 | E5: 89
A6: Fizzy | B6: Eintracht Frankfurt | C6: 22 | D6: 96 | E6: 118
A7: Jesse | B7: UCAM Esports | C7: 21 | D7: 105 | E7: 126
A8: pyrolll | B8: FOKUS | C8: 20 | D8: 93 | E8: 113
A9: hezacoil | B9: S2G Esports | C9: 20 | D9: 95 | E9: 115
A10: Avvix | B10: Stallions Esports | C10: 20 | D10: 87 | E10: 107
A11: Fit1nho | B11: Barça eSports | C11: 18 | D11: 61 | E11: 79
A12: Elite | B12: Misa Esports | C12: 18 | D12: 52 | E12: 70
A13: MONSTEERR | B13: Eintracht Frankfurt | C13: 17 | D13: 102 | E13: 119
... A82: Saud | B82: Stallions Esports | C82: 0 | D82: 6 | E82: 6

Sheet Picks
A1: Ign | B1: Team | C1: Agent | D1: Picks | E1: Matches | F1: Percentage
A2: pa1ze | B2: FOKUS | C2: Neon | D2: 395 | E2: 49 | F2: 806.12
A3: pa1ze | B3: FOKUS | C3: Waylay | D3: 325 | E3: 49 | F3: 663.27
A4: pa1ze | B4: FOKUS | C4: Raze | D4: 278 | E4: 49 | F4: 567.35
A5: Serial | B5: FOKUS | C5: Viper | D5: 618 | E5: 49 | F5: 1261.22
A6: Serial | B6: FOKUS | C6: Veto | D6: 143 | E6: 49 | F6: 291.84
A7: Serial | B7: FOKUS | C7: Cypher | D7: 119 | E7: 49 | F7: 242.86
A8: Serial | B8: FOKUS | C8: Reyna | D8: 60 | E8: 49 | F8: 122.45
A9: Serial | B9: FOKUS | C9: Astra | D9: 41 | E9: 49 | F9: 83.67
A10: Serial | B10: FOKUS | C10: Vyse | D10: 17 | E10: 49 | F10: 34.69
A11: pyrolll | B11: FOKUS | C11: Yoru | D11: 901 | E11: 49 | F11: 1838.78
A12: pyrolll | B12: FOKUS | C12: Omen | D12: 40 | E12: 49 | F12: 81.63
A13: pyrolll | B13: FOKUS | C13: Killjoy | D13: 40 | E13: 49 | F13: 81.63
... A336: Saud | B336: Stallions Esports | C336: Clove | D336: 26 | E336: 3 | F336: 866.67

Sheet Post Rank General
A1: Team | B1: retake rW% | C1: postplant rW%
A2: Barça eSports | B2: 0.4163 | C2: 0.6878
A3: Team Liquid Academy | B3: 0.4143 | C3: 0.8272
A4: Eintracht Frankfurt | B4: 0.3725 | C4: 0.7331
A5: FOKUS | B5: 0.3607 | C5: 0.7441
A6: UCAM Esports | B6: 0.3531 | C6: 0.7061
A7: Misa Esports | B7: 0.342 | C7: 0.7941
A8: MIR | B8: 0.3281 | C8: 0.6629
A9: Enterprise Esports | B9: 0.3106 | C9: 0.837
A10: GnG Amazigh | B10: 0.3047 | C10: 0.7054
A11: Mandatory | B11: 0.3 | C11: 0.7422
A12: S2G Esports | B12: 0.2982 | C12: 0.6943
A13: Joblife | B13: 0.2763 | C13: 0.7924
... A15: Stallions Esports | B15: 0.2339 | C15: 0.7981

Sheet Post Ranking
A1: Team | B1: Map | C1: retake rW% | D1: post rW%
A2: FOKUS | B2: Abyss | C2: 0.3881 | D2: 0.7312
A3: FOKUS | B3: Bind | C3: 0.617 | D3: 0.7391
A4: FOKUS | B4: Breeze | C4: 0.2778 | D4: 0.7143
A5: FOKUS | B5: Corrode | C5: 0.25 | D5: 0.7755
A6: FOKUS | B6: Haven | C6: 0.3571 | D6: 0.7556
A7: FOKUS | B7: Pearl | C7: 0.1875 | D7: 0.75
A8: FOKUS | B8: Split | C8: 0.2727 | D8: 0.7879
A9: Eintracht Frankfurt | B9: Abyss | C9: 0.3137 | D9: 0.7167
A10: Eintracht Frankfurt | B10: Bind | C10: 0.4328 | D10: 0.6833
A11: Eintracht Frankfurt | B11: Breeze | C11: 0.3429 | D11: 0.8113
A12: Eintracht Frankfurt | B12: Corrode | C12: 0.3125 | D12: 0.6897
A13: Eintracht Frankfurt | B13: Haven | C13: 0.383 | D13: 0.7636
... A99: GnG Amazigh | B99: Split | C99: 0.4286 | D99: 0.7407
